src,name,smiles,cas,logkp_cms,csmiles,key,klass
HuskinDB,Butyl 4-hydroxybenzoat,CCCCOC(=O)c1ccc(cc1)O,,-4.538,CCCCOC(=O)c1ccc(O)cc1,CCCCOC(=O)c1ccc(O)cc1,
HuskinDB,Caffeine,Cn1cnc2c1c(=O)n(C)c(=O)n2C,,-7.053,Cn1c(=O)c2c(ncn2C)n(C)c1=O,Cn1c(=O)c2c(ncn2C)n(C)c1=O,
HuskinDB,Methyl 4-hydroxybenzoate,COC(=O)c1ccc(cc1)O,,-5.23,COC(=O)c1ccc(O)cc1,COC(=O)c1ccc(O)cc1,
HuskinDB,Fluocinonide,CC(=O)OCC(=O)[C@@]12OC(O[C@@H]1C[C@@H]1[C@]2(C)C[C@H](O)[C@]2([C@H]1C[C@@H](C1=CC(=O)C=C[C@]21C)F)F)(C)C,,-6.326,CC(=O)OCC(=O)[C@@]12OC(C)(C)O[C@@H]1C[C@H]1[C@@H]3C[C@H](F)C4=CC(=O)C=C[C@]4(C)[C@@]3(F)[C@@H](O)C[C@@]12C,CC(=O)OCC(=O)[C@@]12OC(C)(C)O[C@@H]1C[C@H]1[C@@H]3C[C@H](F)C4=CC(=O)C=C[C@]4(C)[C@@]3(F)[C@@H](O)C[C@@]12C,
HuskinDB,Fluocinonide,CC(=O)OCC(=O)[C@@]12OC(O[C@@H]1C[C@@H]1[C@]2(C)C[C@H](O)[C@]2([C@H]1C[C@@H](C1=CC(=O)C=C[C@]21C)F)F)(C)C,,-6.326,CC(=O)OCC(=O)[C@@]12OC(C)(C)O[C@@H]1C[C@H]1[C@@H]3C[C@H](F)C4=CC(=O)C=C[C@]4(C)[C@@]3(F)[C@@H](O)C[C@@]12C,CC(=O)OCC(=O)[C@@]12OC(C)(C)O[C@@H]1C[C@H]1[C@@H]3C[C@H](F)C4=CC(=O)C=C[C@]4(C)[C@@]3(F)[C@@H](O)C[C@@]12C,
HuskinDB,Hydrocortisone 21-Hemisuccinate,OC(=O)CCC(=O)OCC(=O)[C@@]1(O)CC[C@@H]2[C@]1(C)C[C@H](O)[C@H]1[C@H]2CCC2=CC(=O)CC[C@]12C,,-6.757,C[C@]12CCC(=O)C=C1CC[C@@H]1[C@@H]2[C@@H](O)C[C@@]2(C)[C@H]1CC[C@]2(O)C(=O)COC(=O)CCC(=O)O,C[C@]12CCC(=O)C=C1CC[C@@H]1[C@@H]2[C@@H](O)C[C@@]2(C)[C@H]1CC[C@]2(O)C(=O)COC(=O)CCC(=O)O,
HuskinDB,Hydrocortisone 21-Hemipimelate,OC(=O)CCCCCC(=O)OCC(=O)[C@@]1(O)CC[C@@H]2[C@]1(C)C[C@H](O)[C@H]1[C@H]2CCC2=CC(=O)CC[C@]12C,,-6.301,C[C@]12CCC(=O)C=C1CC[C@@H]1[C@@H]2[C@@H](O)C[C@@]2(C)[C@H]1CC[C@]2(O)C(=O)COC(=O)CCCCCC(=O)O,C[C@]12CCC(=O)C=C1CC[C@@H]1[C@@H]2[C@@H](O)C[C@@]2(C)[C@H]1CC[C@]2(O)C(=O)COC(=O)CCCCCC(=O)O,
HuskinDB,Hydrocortisone 21-Hexanoate,CCCCCC(=O)OCC(=O)[C@@]1(O)CC[C@@H]2[C@]1(C)C[C@H](O)[C@H]1[C@H]2CCC2=CC(=O)CC[C@]12C,,-5.301,CCCCCC(=O)OCC(=O)[C@@]1(O)CC[C@H]2[C@@H]3CCC4=CC(=O)CC[C@]4(C)[C@H]3[C@@H](O)C[C@@]21C,CCCCCC(=O)OCC(=O)[C@@]1(O)CC[C@H]2[C@@H]3CCC4=CC(=O)CC[C@]4(C)[C@H]3[C@@H](O)C[C@@]21C,
HuskinDB,Hydrocortisone 21-(6-hydroxyhexanoate),OCCCCCC(=O)OCC(=O)[C@@]1(O)CC[C@@H]2[C@]1(C)C[C@H](O)[C@H]1[C@H]2CCC2=CC(=O)CC[C@]12C,,-6.597,C[C@]12CCC(=O)C=C1CC[C@@H]1[C@@H]2[C@@H](O)C[C@@]2(C)[C@H]1CC[C@]2(O)C(=O)COC(=O)CCCCCO,C[C@]12CCC(=O)C=C1CC[C@@H]1[C@@H]2[C@@H](O)C[C@@]2(C)[C@H]1CC[C@]2(O)C(=O)COC(=O)CCCCCO,
HuskinDB,Hydrocortisone 21-methylpimelate,COC(=O)CCCCCC(=O)OCC(=O)[C@@]1(O)CC[C@@H]2[C@]1(C)C[C@H](O)[C@H]1[C@H]2CCC2=CC(=O)CC[C@]12C,,-5.824,COC(=O)CCCCCC(=O)OCC(=O)[C@@]1(O)CC[C@H]2[C@@H]3CCC4=CC(=O)CC[C@]4(C)[C@H]3[C@@H](O)C[C@@]21C,COC(=O)CCCCCC(=O)OCC(=O)[C@@]1(O)CC[C@H]2[C@@H]3CCC4=CC(=O)CC[C@]4(C)[C@H]3[C@@H](O)C[C@@]21C,
HuskinDB,Hydrocortisone 21-methylsuccinate,COC(=O)CCC(=O)OCC(=O)[C@@]1(O)CC[C@@H]2[C@]1(C)C[C@H](O)[C@H]1[C@H]2CCC2=CC(=O)CC[C@]12C,,-7.234,COC(=O)CCC(=O)OCC(=O)[C@@]1(O)CC[C@H]2[C@@H]3CCC4=CC(=O)CC[C@]4(C)[C@H]3[C@@H](O)C[C@@]21C,COC(=O)CCC(=O)OCC(=O)[C@@]1(O)CC[C@H]2[C@@H]3CCC4=CC(=O)CC[C@]4(C)[C@H]3[C@@H](O)C[C@@]21C,
HuskinDB,"Hydrocortisone 21-(N,N-dimethylsuccinamate)",O=C(CCC(=O)N(C)C)OCC(=O)[C@@]1(O)CC[C@@H]2[C@]1(C)C[C@H](O)[C@H]1[C@H]2CCC2=CC(=O)CC[C@]12C,,-7.73,CN(C)C(=O)CCC(=O)OCC(=O)[C@@]1(O)CC[C@H]2[C@@H]3CCC4=CC(=O)CC[C@]4(C)[C@H]3[C@@H](O)C[C@@]21C,CN(C)C(=O)CCC(=O)OCC(=O)[C@@]1(O)CC[C@H]2[C@@H]3CCC4=CC(=O)CC[C@]4(C)[C@H]3[C@@H](O)C[C@@]21C,
HuskinDB,Hydrocortisone 21-octanoate,CCCCCCCC(=O)OCC(=O)[C@@]1(O)CC[C@@H]2[C@]1(C)C[C@H](O)[C@H]1[C@H]2CCC2=CC(=O)CC[C@]12C,,-4.764,CCCCCCCC(=O)OCC(=O)[C@@]1(O)CC[C@H]2[C@@H]3CCC4=CC(=O)CC[C@]4(C)[C@H]3[C@@H](O)C[C@@]21C,CCCCCCCC(=O)OCC(=O)[C@@]1(O)CC[C@H]2[C@@H]3CCC4=CC(=O)CC[C@]4(C)[C@H]3[C@@H](O)C[C@@]21C,
HuskinDB,Hydrocortisone 21-pimelamate,NC(=O)CCCCCC(=O)OCC(=O)[C@@]1(O)CC[C@@H]2[C@]1(C)C[C@H](O)[C@H]1[C@H]2CCC2=CC(=O)CC[C@]12C,,-6.607,C[C@]12CCC(=O)C=C1CC[C@@H]1[C@@H]2[C@@H](O)C[C@@]2(C)[C@H]1CC[C@]2(O)C(=O)COC(=O)CCCCCC(N)=O,C[C@]12CCC(=O)C=C1CC[C@@H]1[C@@H]2[C@@H](O)C[C@@]2(C)[C@H]1CC[C@]2(O)C(=O)COC(=O)CCCCCC(N)=O,
HuskinDB,Hydrocortisone 21-propionate,CCC(=O)OCC(=O)[C@@]1(O)CC[C@@H]2[C@]1(C)C[C@H](O)[C@H]1[C@H]2CCC2=CC(=O)CC[C@]12C,,-6.038,CCC(=O)OCC(=O)[C@@]1(O)CC[C@H]2[C@@H]3CCC4=CC(=O)CC[C@]4(C)[C@H]3[C@@H](O)C[C@@]21C,CCC(=O)OCC(=O)[C@@]1(O)CC[C@H]2[C@@H]3CCC4=CC(=O)CC[C@]4(C)[C@H]3[C@@H](O)C[C@@]21C,
HuskinDB,Hydrocortisone 21-propionate,CCC(=O)OCC(=O)[C@@]1(O)CC[C@@H]2[C@]1(C)C[C@H](O)[C@H]1[C@H]2CCC2=CC(=O)CC[C@]12C,,-6.025,CCC(=O)OCC(=O)[C@@]1(O)CC[C@H]2[C@@H]3CCC4=CC(=O)CC[C@]4(C)[C@H]3[C@@H](O)C[C@@]21C,CCC(=O)OCC(=O)[C@@]1(O)CC[C@H]2[C@@H]3CCC4=CC(=O)CC[C@]4(C)[C@H]3[C@@H](O)C[C@@]21C,
HuskinDB,Hydrocortisone 21-succinamate,NC(=O)CCC(=O)OCC(=O)[C@@]1(O)CC[C@@H]2[C@]1(C)C[C@H](O)[C@H]1[C@H]2CCC2=CC(=O)CC[C@]12C,,-8.141,C[C@]12CCC(=O)C=C1CC[C@@H]1[C@@H]2[C@@H](O)C[C@@]2(C)[C@H]1CC[C@]2(O)C(=O)COC(=O)CCC(N)=O,C[C@]12CCC(=O)C=C1CC[C@@H]1[C@@H]2[C@@H](O)C[C@@]2(C)[C@H]1CC[C@]2(O)C(=O)COC(=O)CCC(N)=O,
HuskinDB,Sucrose,OC[C@H]1O[C@@]([C@H]([C@@H]1O)O)(CO)O[C@H]1O[C@H](CO)[C@H]([C@@H]([C@H]1O)O)O,,-8.583,OC[C@H]1O[C@@](CO)(O[C@H]2O[C@H](CO)[C@@H](O)[C@H](O)[C@H]2O)[C@@H](O)[C@@H]1O,OC[C@H]1O[C@@](CO)(O[C@H]2O[C@H](CO)[C@@H](O)[C@H](O)[C@H]2O)[C@@H](O)[C@@H]1O,
HuskinDB,Sucrose,OC[C@H]1O[C@@]([C@H]([C@@H]1O)O)(CO)O[C@H]1O[C@H](CO)[C@H]([C@@H]([C@H]1O)O)O,,-8.84,OC[C@H]1O[C@@](CO)(O[C@H]2O[C@H](CO)[C@@H](O)[C@H](O)[C@H]2O)[C@@H](O)[C@@H]1O,OC[C@H]1O[C@@](CO)(O[C@H]2O[C@H](CO)[C@@H](O)[C@H](O)[C@H]2O)[C@@H](O)[C@@H]1O,
HuskinDB,4-Hydroxybenzyl alcohol,OCc1ccc(cc1)O,,-6.255,OCc1ccc(O)cc1,OCc1ccc(O)cc1,
HuskinDB,4-Hydroxyphenylacetamide,NC(=O)Cc1ccc(cc1)O,,-6.903,NC(=O)Cc1ccc(O)cc1,NC(=O)Cc1ccc(O)cc1,
HuskinDB,4-Hydroxyphenylacetic acid,OC(=O)Cc1ccc(cc1)O,,-6.158,O=C(O)Cc1ccc(O)cc1,O=C(O)Cc1ccc(O)cc1,
HuskinDB,Methyl 4-hydroxyphenylacetate,COC(=O)Cc1ccc(cc1)O,,-5.255,COC(=O)Cc1ccc(O)cc1,COC(=O)Cc1ccc(O)cc1,
HuskinDB,p-Cresol,Cc1ccc(cc1)O,,-4.477,Cc1ccc(O)cc1,Cc1ccc(O)cc1,
HuskinDB,Toluene,Cc1ccccc1,,-3.637,Cc1ccccc1,Cc1ccccc1,
HuskinDB,Water,O,,-6.438,O,O,
HuskinDB,Water,O,,-6.606,O,O,
HuskinDB,Water,O,,-6.323,O,O,
HuskinDB,Water,O,,-6.502,O,O,
HuskinDB,2-Ethoxyethyl acetate,CCOCCOC(=O)C,,-6.395,CCOCCOC(C)=O,CCOCCOC(C)=O,
HuskinDB,2-Ethylhexanol,CCCCC(CO)CC,,-7.899,CCCCC(CC)CO,CCCCC(CC)CO,
HuskinDB,2-Propoxyethanol,CCCOCCO,,-6.748,CCCOCCO,CCCOCCO,
HuskinDB,Bis(2-ethylhexyl)phthalate,CCCCC(COC(=O)c1ccccc1C(=O)OCC(CCCC)CC)CC,,-10.535,CCCCC(CC)COC(=O)c1ccccc1C(=O)OCC(CC)CCCC,CCCCC(CC)COC(=O)c1ccccc1C(=O)OCC(CC)CCCC,
HuskinDB,Diethylene glycol monobutyl ether,CCCCOCCOCCO,,-7.071,CCCCOCCOCCO,CCCCOCCOCCO,
HuskinDB,Ethyl 3-ethoxypropionate,CCOCCC(=O)OCC,,-6.669,CCOCCC(=O)OCC,CCOCCC(=O)OCC,
HuskinDB,Urea,NC(=O)N,,-7.386,NC(N)=O,NC(N)=O,
HuskinDB,Water,O,,-6.363,O,O,
HuskinDB,Ethanol,CCO,,-7.079,CCO,CCO,
HuskinDB,1-Octanol,CCCCCCCCO,,-4.84,CCCCCCCCO,CCCCCCCCO,
HuskinDB,1-Pentanol,CCCCCO,,-5.778,CCCCCO,CCCCCO,
HuskinDB,1-Propanol,CCCO,,-6.556,CCCO,CCCO,
HuskinDB,"2,3-Butanediol",CC(C(O)C)O,,-7.857,CC(O)C(C)O,CC(O)C(C)O,
HuskinDB,1-Butanol,CCCCO,,-6.079,CCCCO,CCCCO,
HuskinDB,Butan-2-one,CCC(=O)C,,-5.903,CCC(C)=O,CCC(C)=O,
HuskinDB,2-Ethoxyethanol,OCCOCC,,-7.158,CCOCCO,CCOCCO,
HuskinDB,Diethyl ether,CCOCC,,-5.352,CCOCC,CCOCC,
HuskinDB,Benzene,c1ccccc1,,-4.511,c1ccccc1,c1ccccc1,
HuskinDB,2-Amino-4-Nitrophenol,[O-][N+](=O)c1ccc(c(c1)N)O,,-8.079,Nc1cc([N+](=O)[O-])ccc1O,Nc1cc([N+](=O)[O-])ccc1O,
HuskinDB,2-Nitro-p-Phenylenediamine,Nc1ccc(c(c1)[N+](=O)[O-])N,,-6.857,Nc1ccc(N)c([N+](=O)[O-])c1,Nc1ccc(N)c([N+](=O)[O-])c1,
HuskinDB,4-Amino-2-Nitrophenol,Nc1ccc(c(c1)[N+](=O)[O-])O,,-7.622,Nc1ccc(O)c([N+](=O)[O-])c1,Nc1ccc(O)c([N+](=O)[O-])c1,
HuskinDB,4-Chloro-m-Phenylenediamine,Nc1ccc(c(c1)N)Cl,,-6.234,Nc1ccc(Cl)c(N)c1,Nc1ccc(Cl)c(N)c1,
HuskinDB,o-Phenylenediamine,Nc1ccccc1N,,-6.903,Nc1ccccc1N,Nc1ccccc1N,
HuskinDB,p-Phenylenediamine,Nc1ccc(cc1)N,,-7.176,Nc1ccc(N)cc1,Nc1ccc(N)cc1,
HuskinDB,"2,4-Dichlorophenol",Clc1ccc(c(c1)Cl)O,,-5.065,Oc1ccc(Cl)cc1Cl,Oc1ccc(Cl)cc1Cl,
HuskinDB,Acetic acid,CC(=O)O,,-6.079,CC(=O)O,CC(=O)O,
HuskinDB,Benzoic acid,OC(=O)c1ccccc1,,-5.675,O=C(O)c1ccccc1,O=C(O)c1ccccc1,
HuskinDB,Bis(2-ethylhexyl)phthalate,CCCCC(COC(=O)c1ccccc1C(=O)OCC(CCCC)CC)CC,,-7.653,CCCCC(CC)COC(=O)c1ccccc1C(=O)OCC(CC)CCCC,CCCCC(CC)COC(=O)c1ccccc1C(=O)OCC(CC)CCCC,
HuskinDB,Butoxyethanol,CCCCOC(O)C,,-6.0,CCCCOC(C)O,CCCCOC(C)O,
HuskinDB,Cortisone,OCC(=O)[C@@]1(O)CC[C@@H]2[C@]1(C)CC(=O)[C@H]1[C@H]2CCC2=CC(=O)CC[C@]12C,,-7.38,C[C@]12CCC(=O)C=C1CC[C@@H]1[C@@H]2C(=O)C[C@@]2(C)[C@H]1CC[C@]2(O)C(=O)CO,C[C@]12CCC(=O)C=C1CC[C@@H]1[C@@H]2C(=O)C[C@@]2(C)[C@H]1CC[C@]2(O)C(=O)CO,
HuskinDB,1-Decanol,CCCCCCCCCCO,,-5.515,CCCCCCCCCCO,CCCCCCCCCCO,
HuskinDB,Diazinon,CCOP(=S)(Oc1cc(C)nc(n1)C(C)C)OCC,,-5.617,CCOP(=S)(OCC)Oc1cc(C)nc(C(C)C)n1,CCOP(=S)(OCC)Oc1cc(C)nc(C(C)C)n1,
HuskinDB,Ethacrynic acid,CCC(=C)C(=O)c1ccc(c(c1Cl)Cl)OCC(=O)O,,-7.38,C=C(CC)C(=O)c1ccc(OCC(=O)O)c(Cl)c1Cl,C=C(CC)C(=O)c1ccc(OCC(=O)O)c(Cl)c1Cl,
HuskinDB,Linolenic acid,CC/C=C/C/C=C/C/C=C/CCCCCCCC(=O)O,,-5.988,CC/C=C/C/C=C/C/C=C/CCCCCCCC(=O)O,CC/C=C/C/C=C/C/C=C/CCCCCCCC(=O)O,
HuskinDB,Octylparaben,CCCCCCCCOC(=O)c1ccc(cc1)O,,-5.588,CCCCCCCCOC(=O)c1ccc(O)cc1,CCCCCCCCOC(=O)c1ccc(O)cc1,
HuskinDB,Oleic acid,CCCCCCCC/C=CCCCCCCCC(=O)O,,-6.442,CCCCCCCCC=CCCCCCCCC(=O)O,CCCCCCCCC=CCCCCCCCC(=O)O,
HuskinDB,Propylparaben,CCCOC(=O)c1ccc(cc1)O,,-5.41,CCCOC(=O)c1ccc(O)cc1,CCCOC(=O)c1ccc(O)cc1,
HuskinDB,Salicylic acid,OC(=O)c1ccccc1O,,-6.588,O=C(O)c1ccccc1O,O=C(O)c1ccccc1O,"NSAID / non-opioid (ATC M01A, N02B)"
HuskinDB,Testosterone,O=C1CC[C@]2(C(=C1)CC[C@@H]1[C@@H]2CC[C@]2([C@H]1CC[C@@H]2O)C)C,,-5.67,C[C@]12CC[C@H]3[C@@H](CCC4=CC(=O)CC[C@@]43C)[C@@H]1CC[C@@H]2O,C[C@]12CC[C@H]3[C@@H](CCC4=CC(=O)CC[C@@]43C)[C@@H]1CC[C@@H]2O,
HuskinDB,1-Butanol,CCCCO,,-5.481,CCCCO,CCCCO,
HuskinDB,1-Hexanol,CCCCCCO,,-5.284,CCCCCCO,CCCCCCO,
HuskinDB,1-Hexyl-2-Pyrrolidone,CCCCCCN1CCCC1=O,,-5.208,CCCCCCN1CCCC1=O,CCCCCCN1CCCC1=O,
HuskinDB,1-Octanol,CCCCCCCCO,,-4.87,CCCCCCCCO,CCCCCCCCO,
HuskinDB,1-Octyl-2-Azacycloheptanone,CCCCCCCCN1CCCCCC1=O,,-4.836,CCCCCCCCN1CCCCCC1=O,CCCCCCCCN1CCCCCC1=O,
HuskinDB,1-Octyl-2-Pyrrolidone,CCCCCCCCN1CCCC1=O,,-4.827,CCCCCCCCN1CCCC1=O,CCCCCCCCN1CCCC1=O,
HuskinDB,1-Pentanol,CCCCCO,,-5.125,CCCCCO,CCCCCO,
HuskinDB,2-Phenylethanol,OCCc1ccccc1,,-5.276,OCCc1ccccc1,OCCc1ccccc1,
HuskinDB,Carvacrol,CC(c1ccc(c(c1)O)C)C,,-4.842,Cc1ccc(C(C)C)cc1O,Cc1ccc(C(C)C)cc1O,
HuskinDB,Thymol,Cc1ccc(c(c1)O)C(C)C,,-4.86,Cc1ccc(C(C)C)c(O)c1,Cc1ccc(C(C)C)c(O)c1,
HuskinDB,Ethanol,CCO,,-6.278,CCO,CCO,
HuskinDB,1-Butanol,CCCCO,,-5.659,CCCCO,CCCCO,
HuskinDB,1-Decanol,CCCCCCCCCCO,,-4.701,CCCCCCCCCCO,CCCCCCCCCCO,
HuskinDB,1-Hexanol,CCCCCCO,,-5.051,CCCCCCO,CCCCCCO,
HuskinDB,1-Octanol,CCCCCCCCO,,-4.586,CCCCCCCCO,CCCCCCCCO,
HuskinDB,2-Hydroxypropyl Nicotinate,CC(COC(=O)c1cccnc1)O,,-8.025,CC(O)COC(=O)c1cccnc1,CC(O)COC(=O)c1cccnc1,
HuskinDB,Benzyl nicotinate,O=C(c1cccnc1)OCc1ccccc1,,-5.348,O=C(OCc1ccccc1)c1cccnc1,O=C(OCc1ccccc1)c1cccnc1,
HuskinDB,Butyl nicotinate,CCCCOC(=O)c1cccnc1,,-5.335,CCCCOC(=O)c1cccnc1,CCCCOC(=O)c1cccnc1,
HuskinDB,Ethyl nicotinate,CCOC(=O)c1cccnc1,,-5.755,CCOC(=O)c1cccnc1,CCOC(=O)c1cccnc1,
HuskinDB,Isonicotinic acid,OC(=O)c1ccncc1,,-8.173,O=C(O)c1ccncc1,O=C(O)c1ccncc1,
HuskinDB,Methyl nicotinate,COC(=O)c1cccnc1,,-6.046,COC(=O)c1cccnc1,COC(=O)c1cccnc1,
HuskinDB,Methyltriglycol nicotinate,COCCOCCOCCOC(=O)c1cccnc1,,-7.308,COCCOCCOCCOC(=O)c1cccnc1,COCCOCCOCCOC(=O)c1cccnc1,
HuskinDB,n-Hexyl nicotinate,CCCCCCOC(=O)c1cccnc1,,-5.303,CCCCCCOC(=O)c1cccnc1,CCCCCCOC(=O)c1cccnc1,
HuskinDB,Triglycol nicotinate,OCCOCCOCCOC(=O)c1cccnc1,,-8.561,O=C(OCCOCCOCCO)c1cccnc1,O=C(OCCOCCOCCO)c1cccnc1,
HuskinDB,Acetylsalicylic Acid,CC(=O)Oc1ccccc1C(=O)O,,-5.696,CC(=O)Oc1ccccc1C(=O)O,CC(=O)Oc1ccccc1C(=O)O,"NSAID / non-opioid (ATC M01A, N02B)"
HuskinDB,Atropine,OCC(c1ccccc1)C(=O)OC1CC2CCC(C1)N2C,,-7.676,CN1C2CCC1CC(OC(=O)C(CO)c1ccccc1)C2,CN1C2CCC1CC(OC(=O)C(CO)c1ccccc1)C2,
HuskinDB,Benzoic acid,OC(=O)c1ccccc1,,-5.156,O=C(O)c1ccccc1,O=C(O)c1ccccc1,
HuskinDB,Diclofenac,OC(=O)Cc1ccccc1Nc1c(Cl)cccc1Cl,,-6.556,O=C(O)Cc1ccccc1Nc1c(Cl)cccc1Cl,O=C(O)Cc1ccccc1Nc1c(Cl)cccc1Cl,"NSAID / non-opioid (ATC M01A, N02B)"
HuskinDB,Ibuprofen,CC(Cc1ccc(cc1)C(C(=O)O)C)C,,-4.996,CC(C)Cc1ccc(C(C)C(=O)O)cc1,CC(C)Cc1ccc(C(C)C(=O)O)cc1,"NSAID / non-opioid (ATC M01A, N02B)"
HuskinDB,Methyl nicotinate,COC(=O)c1cccnc1,,-5.966,COC(=O)c1cccnc1,COC(=O)c1cccnc1,
HuskinDB,Naproxen,COc1ccc2c(c1)ccc(c2)C(C(=O)O)C,,-6.096,COc1ccc2cc(C(C)C(=O)O)ccc2c1,COc1ccc2cc(C(C)C(=O)O)ccc2c1,"NSAID / non-opioid (ATC M01A, N02B)"
HuskinDB,Nicotine,CN1CCCC1c1cccnc1,,-6.036,CN1CCCC1c1cccnc1,CN1CCCC1c1cccnc1,
HuskinDB,Salicylic acid,OC(=O)c1ccccc1O,,-5.416,O=C(O)c1ccccc1O,O=C(O)c1ccccc1O,"NSAID / non-opioid (ATC M01A, N02B)"
HuskinDB,Etodolac,CCC1(OCCc2c1[nH]c1c2cccc1CC)CC(=O)O,,-5.683,CCc1cccc2c3c([nH]c12)C(CC)(CC(=O)O)OCC3,CCc1cccc2c3c([nH]c12)C(CC)(CC(=O)O)OCC3,"NSAID / non-opioid (ATC M01A, N02B)"
HuskinDB,Famotidine,NC(=Nc1scc(n1)CSCCC(=NS(=O)(=O)N)N)N,,-8.345,NC(N)=Nc1nc(CSCCC(N)=NS(N)(=O)=O)cs1,NC(N)=Nc1nc(CSCCC(N)=NS(N)(=O)=O)cs1,
HuskinDB,Ketoprofen,OC(=O)C(c1cccc(c1)C(=O)c1ccccc1)C,,-6.768,CC(C(=O)O)c1cccc(C(=O)c2ccccc2)c1,CC(C(=O)O)c1cccc(C(=O)c2ccccc2)c1,"NSAID / non-opioid (ATC M01A, N02B)"
HuskinDB,Nimesulide,[O-][N+](=O)c1ccc(c(c1)Oc1ccccc1)NS(=O)(=O)C,,-6.551,CS(=O)(=O)Nc1ccc([N+](=O)[O-])cc1Oc1ccccc1,CS(=O)(=O)Nc1ccc([N+](=O)[O-])cc1Oc1ccccc1,"NSAID / non-opioid (ATC M01A, N02B)"
HuskinDB,Nizatidine,CN/C(=C[N+](=O)[O-])/NCCSCc1csc(n1)CN(C)C,,-7.981,CNC(=C[N+](=O)[O-])NCCSCc1csc(CN(C)C)n1,CNC(=C[N+](=O)[O-])NCCSCc1csc(CN(C)C)n1,
HuskinDB,Ranitidine,CN/C(=C[N+](=O)[O-])/NCCSCc1ccc(o1)CN(C)C,,-7.608,CNC(=C[N+](=O)[O-])NCCSCc1ccc(CN(C)C)o1,CNC(=C[N+](=O)[O-])NCCSCc1ccc(CN(C)C)o1,
HuskinDB,Theophylline,Cn1c(=O)n(C)c2c(c1=O)[nH]cn2,,-7.125,Cn1c(=O)c2[nH]cnc2n(C)c1=O,Cn1c(=O)c2[nH]cnc2n(C)c1=O,
HuskinDB,"1,2,4-Benzenetriol",Oc1ccc(c(c1)O)O,,-7.456,Oc1ccc(O)c(O)c1,Oc1ccc(O)c(O)c1,
HuskinDB,Catechol,Oc1ccccc1O,,-6.066,Oc1ccccc1O,Oc1ccccc1O,
HuskinDB,Hydroquinone,Oc1ccc(cc1)O,,-6.506,Oc1ccc(O)cc1,Oc1ccc(O)cc1,
HuskinDB,Phenol,Oc1ccccc1,,-5.586,Oc1ccccc1,Oc1ccccc1,
HuskinDB,Phloroglucinol,Oc1cc(O)cc(c1)O,,-6.066,Oc1cc(O)cc(O)c1,Oc1cc(O)cc(O)c1,
HuskinDB,Pyrogallol,Oc1c(O)cccc1O,,-6.366,Oc1cccc(O)c1O,Oc1cccc(O)c1O,
HuskinDB,Resorcinol,Oc1cccc(c1)O,,-6.626,Oc1cccc(O)c1,Oc1cccc(O)c1,
HuskinDB,Amphetamine,CC(Cc1ccccc1)N,,-8.409,CC(N)Cc1ccccc1,CC(N)Cc1ccccc1,
HuskinDB,Estradiol,Oc1ccc2c(c1)CC[C@@H]1[C@@H]2CC[C@]2([C@H]1CC[C@@H]2O)C,,-5.967,C[C@]12CC[C@@H]3c4ccc(O)cc4CC[C@H]3[C@@H]1CC[C@@H]2O,C[C@]12CC[C@@H]3c4ccc(O)cc4CC[C@H]3[C@@H]1CC[C@@H]2O,
HuskinDB,Ouabain,OC[C@@]12[C@H](O)C[C@@H](C[C@@]2(O)CCC2C1[C@H](O)C[C@]1([C@]2(O)CC[C@@H]1C1=CC(=O)OC1)C)O[C@@H]1O[C@@H](C)[C@@H]([C@H]([C@H]1O)O)O,,-8.959,C[C@@H]1O[C@@H](O[C@H]2C[C@@H](O)[C@]3(CO)C4C(CC[C@]3(O)C2)[C@@]2(O)CC[C@H](C3=CC(=O)OC3)[C@@]2(C)C[C@H]4O)[C@H](O)[C@H](O)[C@H]1O,C[C@@H]1O[C@@H](O[C@H]2C[C@@H](O)[C@]3(CO)C4C(CC[C@]3(O)C2)[C@@]2(O)CC[C@H](C3=CC(=O)OC3)[C@@]2(C)C[C@H]4O)[C@H](O)[C@H](O)[C@H]1O,
HuskinDB,Estradiol,Oc1ccc2c(c1)CC[C@@H]1[C@@H]2CC[C@]2([C@H]1CC[C@@H]2O)C,,-6.684,C[C@]12CC[C@@H]3c4ccc(O)cc4CC[C@H]3[C@@H]1CC[C@@H]2O,C[C@]12CC[C@@H]3c4ccc(O)cc4CC[C@H]3[C@@H]1CC[C@@H]2O,
HuskinDB,Estradiol,Oc1ccc2c(c1)CC[C@@H]1[C@@H]2CC[C@]2([C@H]1CC[C@@H]2O)C,,-6.018,C[C@]12CC[C@@H]3c4ccc(O)cc4CC[C@H]3[C@@H]1CC[C@@H]2O,C[C@]12CC[C@@H]3c4ccc(O)cc4CC[C@H]3[C@@H]1CC[C@@H]2O,
HuskinDB,Amobarbital,CCC1(CCC(C)C)C(=O)NC(=O)NC1=O,,-6.201,CCC1(CCC(C)C)C(=O)NC(=O)NC1=O,CCC1(CCC(C)C)C(=O)NC(=O)NC1=O,
HuskinDB,Barbital,CCC1(CC)C(=O)NC(=O)NC1=O,,-7.509,CCC1(CC)C(=O)NC(=O)NC1=O,CCC1(CC)C(=O)NC(=O)NC1=O,
HuskinDB,Butobarbital,CCCCC1(CC)C(=O)NC(=O)NC1=O,,-7.268,CCCCC1(CC)C(=O)NC(=O)NC1=O,CCCCC1(CC)C(=O)NC(=O)NC1=O,
HuskinDB,Hydrocortisone,OCC(=O)[C@@]1(O)CC[C@@H]2[C@]1(C)C[C@H](O)[C@H]1[C@H]2CCC2=CC(=O)CC[C@]12C,,-7.481,C[C@]12CCC(=O)C=C1CC[C@@H]1[C@@H]2[C@@H](O)C[C@@]2(C)[C@H]1CC[C@]2(O)C(=O)CO,C[C@]12CCC(=O)C=C1CC[C@@H]1[C@@H]2[C@@H](O)C[C@@]2(C)[C@H]1CC[C@]2(O)C(=O)CO,
HuskinDB,Isoquinoline,c1ccc2c(c1)cncc2,,-5.332,c1ccc2cnccc2c1,c1ccc2cnccc2c1,
HuskinDB,Nicotine,CN1CCCC1c1cccnc1,,-5.27,CN1CCCC1c1cccnc1,CN1CCCC1c1cccnc1,
HuskinDB,Phenobarbital,CCC1(C(=O)NC(=O)NC1=O)c1ccccc1,,-6.9,CCC1(c2ccccc2)C(=O)NC(=O)NC1=O,CCC1(c2ccccc2)C(=O)NC(=O)NC1=O,
HuskinDB,Salicylic acid,OC(=O)c1ccccc1O,,-5.76,O=C(O)c1ccccc1O,O=C(O)c1ccccc1O,"NSAID / non-opioid (ATC M01A, N02B)"
HuskinDB,Flufenamic acid,OC(=O)c1ccccc1Nc1cccc(c1)C(F)(F)F,,-6.194,O=C(O)c1ccccc1Nc1cccc(C(F)(F)F)c1,O=C(O)c1ccccc1Nc1cccc(C(F)(F)F)c1,"NSAID / non-opioid (ATC M01A, N02B)"
HuskinDB,5-Fluorouracil,Fc1c[nH]c(=O)[nH]c1=O,,-7.297,O=c1[nH]cc(F)c(=O)[nH]1,O=c1[nH]cc(F)c(=O)[nH]1,
HuskinDB,Indomethacin,COc1ccc2c(c1)c(CC(=O)O)c(n2C(=O)c1ccc(cc1)Cl)C,,-6.997,COc1ccc2c(c1)c(CC(=O)O)c(C)n2C(=O)c1ccc(Cl)cc1,COc1ccc2c(c1)c(CC(=O)O)c(C)n2C(=O)c1ccc(Cl)cc1,"NSAID / non-opioid (ATC M01A, N02B)"
HuskinDB,Propranolol-HCl,OC(COc1cccc2c1cccc2)CNC(C)C.Cl,,-7.879,CC(C)NCC(O)COc1cccc2ccccc12.Cl,CC(C)NCC(O)COc1cccc2ccccc12.Cl,
HuskinDB,Aldosterone,OCC(=O)[C@H]1CC[C@@H]2[C@]1(C=O)C[C@H](O)[C@H]1[C@H]2CCC2=CC(=O)CC[C@]12C,,-7.793,C[C@]12CCC(=O)C=C1CC[C@@H]1[C@@H]2[C@@H](O)C[C@]2(C=O)[C@@H](C(=O)CO)CC[C@@H]12,C[C@]12CCC(=O)C=C1CC[C@@H]1[C@@H]2[C@@H](O)C[C@]2(C=O)[C@@H](C(=O)CO)CC[C@@H]12,
HuskinDB,Estradiol,Oc1ccc2c(c1)CC[C@@H]1[C@@H]2CC[C@]2([C@H]1CC[C@@H]2O)C,,-5.944,C[C@]12CC[C@@H]3c4ccc(O)cc4CC[C@H]3[C@@H]1CC[C@@H]2O,C[C@]12CC[C@@H]3c4ccc(O)cc4CC[C@H]3[C@@H]1CC[C@@H]2O,
HuskinDB,Hydrocortisone,OCC(=O)[C@@]1(O)CC[C@@H]2[C@]1(C)C[C@H](O)[C@H]1[C@H]2CCC2=CC(=O)CC[C@]12C,,-7.195,C[C@]12CCC(=O)C=C1CC[C@@H]1[C@@H]2[C@@H](O)C[C@@]2(C)[C@H]1CC[C@]2(O)C(=O)CO,C[C@]12CCC(=O)C=C1CC[C@@H]1[C@@H]2[C@@H](O)C[C@@]2(C)[C@H]1CC[C@]2(O)C(=O)CO,
HuskinDB,Progesterone,O=C1CC[C@]2(C(=C1)CC[C@@H]1[C@@H]2CC[C@]2([C@H]1CC[C@@H]2C(=O)C)C)C,,-5.079,CC(=O)[C@H]1CC[C@H]2[C@@H]3CCC4=CC(=O)CC[C@]4(C)[C@H]3CC[C@]12C,CC(=O)[C@H]1CC[C@H]2[C@@H]3CCC4=CC(=O)CC[C@]4(C)[C@H]3CC[C@]12C,
HuskinDB,Corticosterone,OCC(=O)[C@H]1CC[C@@H]2[C@]1(C)C[C@H](O)[C@H]1[C@H]2CCC2=CC(=O)CC[C@]12C,,-7.556,C[C@]12C[C@H](O)[C@H]3[C@@H](CCC4=CC(=O)CC[C@@]43C)[C@@H]1CC[C@@H]2C(=O)CO,C[C@]12C[C@H](O)[C@H]3[C@@H](CCC4=CC(=O)CC[C@@]43C)[C@@H]1CC[C@@H]2C(=O)CO,
HuskinDB,Dexamethasone,OCC(=O)[C@@]1(O)[C@H](C)C[C@@H]2[C@]1(C)C[C@H](O)[C@]1([C@H]2CCC2=CC(=O)C=C[C@]12C)F,,-7.75,C[C@@H]1C[C@H]2[C@@H]3CCC4=CC(=O)C=C[C@]4(C)[C@@]3(F)[C@@H](O)C[C@]2(C)[C@@]1(O)C(=O)CO,C[C@@H]1C[C@H]2[C@@H]3CCC4=CC(=O)C=C[C@]4(C)[C@@]3(F)[C@@H](O)C[C@]2(C)[C@@]1(O)C(=O)CO,
HuskinDB,Estradiol,Oc1ccc2c(c1)CC[C@@H]1[C@@H]2CC[C@]2([C@H]1CC[C@@H]2O)C,,-5.937,C[C@]12CC[C@@H]3c4ccc(O)cc4CC[C@H]3[C@@H]1CC[C@@H]2O,C[C@]12CC[C@@H]3c4ccc(O)cc4CC[C@H]3[C@@H]1CC[C@@H]2O,
HuskinDB,Lidocaine,CCN(CC(=O)Nc1c(C)cccc1C)CC,,-5.958,CCN(CC)CC(=O)Nc1c(C)cccc1C,CCN(CC)CC(=O)Nc1c(C)cccc1C,local anaesthetic (ATC N01B)
HuskinDB,Testosterone,O=C1CC[C@]2(C(=C1)CC[C@@H]1[C@@H]2CC[C@]2([C@H]1CC[C@@H]2O)C)C,,-5.827,C[C@]12CC[C@H]3[C@@H](CCC4=CC(=O)CC[C@@]43C)[C@@H]1CC[C@@H]2O,C[C@]12CC[C@H]3[C@@H](CCC4=CC(=O)CC[C@@]43C)[C@@H]1CC[C@@H]2O,
HuskinDB,Estradiol,Oc1ccc2c(c1)CC[C@@H]1[C@@H]2CC[C@]2([C@H]1CC[C@@H]2O)C,,-5.77,C[C@]12CC[C@@H]3c4ccc(O)cc4CC[C@H]3[C@@H]1CC[C@@H]2O,C[C@]12CC[C@@H]3c4ccc(O)cc4CC[C@H]3[C@@H]1CC[C@@H]2O,
HuskinDB,5-Aminolevulinic acid,NCC(=O)CCC(=O)O,,-7.711,NCC(=O)CCC(=O)O,NCC(=O)CCC(=O)O,
HuskinDB,L-alanyl-L-tryptophan,OC(=O)[C@H](Cc1c[nH]c2c1cccc2)NC(=O)[C@@H](N)C,,-8.38,C[C@H](N)C(=O)N[C@@H](Cc1c[nH]c2ccccc12)C(=O)O,C[C@H](N)C(=O)N[C@@H](Cc1c[nH]c2ccccc12)C(=O)O,
HuskinDB,Betamethasone,OCC(=O)[C@@]1(O)[C@@H](C)C[C@@H]2[C@]1(C)C[C@H](O)[C@]1([C@H]2CCC2=CC(=O)C=C[C@]12C)F,,-7.153,C[C@H]1C[C@H]2[C@@H]3CCC4=CC(=O)C=C[C@]4(C)[C@@]3(F)[C@@H](O)C[C@]2(C)[C@@]1(O)C(=O)CO,C[C@H]1C[C@H]2[C@@H]3CCC4=CC(=O)C=C[C@]4(C)[C@@]3(F)[C@@H](O)C[C@]2(C)[C@@]1(O)C(=O)CO,
HuskinDB,Cytarabine,OC[C@H]1O[C@H]([C@H]([C@@H]1O)O)n1ccc(nc1=O)N,,-8.856,Nc1ccn([C@@H]2O[C@H](CO)[C@@H](O)[C@@H]2O)c(=O)n1,Nc1ccn([C@@H]2O[C@H](CO)[C@@H](O)[C@@H]2O)c(=O)n1,
HuskinDB,"N4-acetyl-4-amino-1-[(2R,3S,4R,5R)-3,4-dihydroxy-5 (hydroxymethyl)oxolan-2-yl] pyrimidin-2-one",OC[C@H]1O[C@H]([C@H]([C@H]1O)O)n1ccc(nc1=O)NC(=O)C,,-6.889,CC(=O)Nc1ccn([C@@H]2O[C@H](CO)[C@H](O)[C@@H]2O)c(=O)n1,CC(=O)Nc1ccn([C@@H]2O[C@H](CO)[C@H](O)[C@@H]2O)c(=O)n1,
HuskinDB,"N4-hexanoyl-4-amino-1-[(2R,3S,4R,5R)-3,4-dihydroxy-5 (hydroxymethyl)oxolan-2-yl] pyrimidin-2-one",CCCCCC(=O)Nc1ccn(c(=O)n1)[C@@H]1O[C@@H]([C@@H]([C@@H]1O)O)CO,,-5.737,CCCCCC(=O)Nc1ccn([C@@H]2O[C@H](CO)[C@H](O)[C@@H]2O)c(=O)n1,CCCCCC(=O)Nc1ccn([C@@H]2O[C@H](CO)[C@H](O)[C@@H]2O)c(=O)n1,
HuskinDB,Dimethylethylamine,CCN(C)C,,-6.079,CCN(C)C,CCN(C)C,
HuskinDB,Nortriptyline hydrocloride,CNCCC=C1c2ccccc2CCc2c1cccc2.Cl,,-7.959,CNCCC=C1c2ccccc2CCc2ccccc21.Cl,CNCCC=C1c2ccccc2CCc2ccccc21.Cl,analgesic adjuvant
HuskinDB,Nortriptyline hydrocloride,CNCCC=C1c2ccccc2CCc2c1cccc2.Cl,,-6.444,CNCCC=C1c2ccccc2CCc2ccccc21.Cl,CNCCC=C1c2ccccc2CCc2ccccc21.Cl,analgesic adjuvant
HuskinDB,Atropine,OCC(c1ccccc1)C(=O)OC1CC2CCC(C1)N2C,,-8.635,CN1C2CCC1CC(OC(=O)C(CO)c1ccccc1)C2,CN1C2CCC1CC(OC(=O)C(CO)c1ccccc1)C2,
HuskinDB,Chlorpheniramine,CN(CCC(c1ccccn1)c1ccc(cc1)Cl)C,,-6.216,CN(C)CCC(c1ccc(Cl)cc1)c1ccccn1,CN(C)CCC(c1ccc(Cl)cc1)c1ccccn1,
HuskinDB,Diethylcarbamazine,CCN(C(=O)N1CCN(CC1)C)CC,,-7.459,CCN(CC)C(=O)N1CCN(C)CC1,CCN(CC)C(=O)N1CCN(C)CC1,
HuskinDB,Digitoxin,O=C1OCC(=C1)[C@@H]1CC[C@]2([C@]1(C)CC[C@H]1[C@H]2CC[C@H]2[C@]1(C)CC[C@@H](C2)O[C@H]1C[C@H](O)[C@@H]([C@H](O1)C)O[C@H]1C[C@H](O)[C@@H]([C@H](O1)C)O[C@H]1C[C@H](O)[C@@H]([C@H](O1)C)O)O,,-8.442,C[C@H]1O[C@@H](O[C@H]2[C@@H](O)C[C@H](O[C@H]3[C@@H](O)C[C@H](O[C@H]4CC[C@@]5(C)[C@H](CC[C@@H]6[C@@H]5CC[C@]5(C)[C@H](C7=CC(=O)OC7)CC[C@]65O)C4)O[C@@H]3C)O[C@@H]2C)C[C@H](O)[C@@H]1O,C[C@H]1O[C@@H](O[C@H]2[C@@H](O)C[C@H](O[C@H]3[C@@H](O)C[C@H](O[C@H]4CC[C@@]5(C)[C@H](CC[C@@H]6[C@@H]5CC[C@]5(C)[C@H](C7=CC(=O)OC7)CC[C@]65O)C4)O[C@@H]3C)O[C@@H]2C)C[C@H](O)[C@@H]1O,
HuskinDB,Ephedrine,CN[C@H]([C@@H](c1ccccc1)O)C,,-5.778,CN[C@@H](C)[C@H](O)c1ccccc1,CN[C@@H](C)[C@H](O)c1ccccc1,
HuskinDB,Estradiol,Oc1ccc2c(c1)CC[C@@H]1[C@@H]2CC[C@]2([C@H]1CC[C@@H]2O)C,,-5.829,C[C@]12CC[C@@H]3c4ccc(O)cc4CC[C@H]3[C@@H]1CC[C@@H]2O,C[C@]12CC[C@@H]3c4ccc(O)cc4CC[C@H]3[C@@H]1CC[C@@H]2O,
HuskinDB,Fentanyl,CCC(=O)N(c1ccccc1)C1CCN(CC1)CCc1ccccc1,,-5.556,CCC(=O)N(c1ccccc1)C1CCN(CCc2ccccc2)CC1,CCC(=O)N(c1ccccc1)C1CCN(CCc2ccccc2)CC1,opioid (ATC N02A)
HuskinDB,Nitroglycerin,[O-][N+](=O)OC(CO[N+](=O)[O-])CO[N+](=O)[O-],,-5.556,O=[N+]([O-])OCC(CO[N+](=O)[O-])O[N+](=O)[O-],O=[N+]([O-])OCC(CO[N+](=O)[O-])O[N+](=O)[O-],
HuskinDB,Ouabain,OC[C@@]12[C@H](O)C[C@@H](C[C@@]2(O)CCC2C1[C@H](O)C[C@]1([C@]2(O)CC[C@@H]1C1=CC(=O)OC1)C)O[C@@H]1O[C@@H](C)[C@@H]([C@H]([C@H]1O)O)O,,-9.653,C[C@@H]1O[C@@H](O[C@H]2C[C@@H](O)[C@]3(CO)C4C(CC[C@]3(O)C2)[C@@]2(O)CC[C@H](C3=CC(=O)OC3)[C@@]2(C)C[C@H]4O)[C@H](O)[C@H](O)[C@H]1O,C[C@@H]1O[C@@H](O[C@H]2C[C@@H](O)[C@]3(CO)C4C(CC[C@]3(O)C2)[C@@]2(O)CC[C@H](C3=CC(=O)OC3)[C@@]2(C)C[C@H]4O)[C@H](O)[C@H](O)[C@H]1O,
HuskinDB,Scopolamine,OC[C@H](c1ccccc1)C(=O)OC1C[C@@H]2N([C@H](C1)[C@@H]1[C@H]2O1)C,,-7.852,CN1[C@@H]2CC(OC(=O)[C@H](CO)c3ccccc3)C[C@H]1[C@@H]1O[C@@H]12,CN1[C@@H]2CC(OC(=O)[C@H](CO)c3ccccc3)C[C@H]1[C@@H]1O[C@@H]12,
HuskinDB,Chlorpheniramine,CN(CCC(c1ccccn1)c1ccc(cc1)Cl)C,,-6.491,CN(C)CCC(c1ccc(Cl)cc1)c1ccccn1,CN(C)CCC(c1ccc(Cl)cc1)c1ccccn1,
HuskinDB,Ephedrine,CN[C@H]([C@@H](c1ccccc1)O)C,,-5.778,CN[C@@H](C)[C@H](O)c1ccccc1,CN[C@@H](C)[C@H](O)c1ccccc1,
HuskinDB,Ephedrine,CN[C@H]([C@@H](c1ccccc1)O)C,,-5.778,CN[C@@H](C)[C@H](O)c1ccccc1,CN[C@@H](C)[C@H](O)c1ccccc1,
HuskinDB,Ephedrine,CN[C@H]([C@@H](c1ccccc1)O)C,,-6.326,CN[C@@H](C)[C@H](O)c1ccccc1,CN[C@@H](C)[C@H](O)c1ccccc1,
HuskinDB,Scopolamine,OC[C@H](c1ccccc1)C(=O)OC1C[C@@H]2N([C@H](C1)[C@@H]1[C@H]2O1)C,,-9.128,CN1[C@@H]2CC(OC(=O)[C@H](CO)c3ccccc3)C[C@H]1[C@@H]1O[C@@H]12,CN1[C@@H]2CC(OC(=O)[C@H](CO)c3ccccc3)C[C@H]1[C@@H]1O[C@@H]12,
HuskinDB,Scopolamine,OC[C@H](c1ccccc1)C(=O)OC1C[C@@H]2N([C@H](C1)[C@@H]1[C@H]2O1)C,,-8.862,CN1[C@@H]2CC(OC(=O)[C@H](CO)c3ccccc3)C[C@H]1[C@@H]1O[C@@H]12,CN1[C@@H]2CC(OC(=O)[C@H](CO)c3ccccc3)C[C@H]1[C@@H]1O[C@@H]12,
HuskinDB,Scopolamine,OC[C@H](c1ccccc1)C(=O)OC1C[C@@H]2N([C@H](C1)[C@@H]1[C@H]2O1)C,,-8.221,CN1[C@@H]2CC(OC(=O)[C@H](CO)c3ccccc3)C[C@H]1[C@@H]1O[C@@H]12,CN1[C@@H]2CC(OC(=O)[C@H](CO)c3ccccc3)C[C@H]1[C@@H]1O[C@@H]12,
HuskinDB,Benzene,c1ccccc1,,-4.352,c1ccccc1,c1ccccc1,
HuskinDB,1-Butanol,CCCCO,,-6.214,CCCCO,CCCCO,
HuskinDB,Caffeine,Cn1cnc2c1c(=O)n(C)c(=O)n2C,,-7.556,Cn1c(=O)c2c(ncn2C)n(C)c1=O,Cn1c(=O)c2c(ncn2C)n(C)c1=O,
HuskinDB,Corticosterone,OCC(=O)[C@H]1CC[C@@H]2[C@]1(C)C[C@H](O)[C@H]1[C@H]2CCC2=CC(=O)CC[C@]12C,,-7.079,C[C@]12C[C@H](O)[C@H]3[C@@H](CCC4=CC(=O)CC[C@@]43C)[C@@H]1CC[C@@H]2C(=O)CO,C[C@]12C[C@H](O)[C@H]3[C@@H](CCC4=CC(=O)CC[C@@]43C)[C@@H]1CC[C@@H]2C(=O)CO,
HuskinDB,Estradiol,Oc1ccc2c(c1)CC[C@@H]1[C@@H]2CC[C@]2([C@H]1CC[C@@H]2O)C,,-6.051,C[C@]12CC[C@@H]3c4ccc(O)cc4CC[C@H]3[C@@H]1CC[C@@H]2O,C[C@]12CC[C@@H]3c4ccc(O)cc4CC[C@H]3[C@@H]1CC[C@@H]2O,
HuskinDB,Progesterone,O=C1CC[C@]2(C(=C1)CC[C@@H]1[C@@H]2CC[C@]2([C@H]1CC[C@@H]2C(=O)C)C)C,,-5.442,CC(=O)[C@H]1CC[C@H]2[C@@H]3CCC4=CC(=O)CC[C@]4(C)[C@H]3CC[C@]12C,CC(=O)[C@H]1CC[C@H]2[C@@H]3CCC4=CC(=O)CC[C@]4(C)[C@H]3CC[C@]12C,
HuskinDB,Testosterone,O=C1CC[C@]2(C(=C1)CC[C@@H]1[C@@H]2CC[C@]2([C@H]1CC[C@@H]2O)C)C,,-6.214,C[C@]12CC[C@H]3[C@@H](CCC4=CC(=O)CC[C@@]43C)[C@@H]1CC[C@@H]2O,C[C@]12CC[C@H]3[C@@H](CCC4=CC(=O)CC[C@@]43C)[C@@H]1CC[C@@H]2O,
HuskinDB,Aldosterone,OCC(=O)[C@H]1CC[C@@H]2[C@]1(C=O)C[C@H](O)[C@H]1[C@H]2CCC2=CC(=O)CC[C@]12C,,-7.857,C[C@]12CCC(=O)C=C1CC[C@@H]1[C@@H]2[C@@H](O)C[C@]2(C=O)[C@@H](C(=O)CO)CC[C@@H]12,C[C@]12CCC(=O)C=C1CC[C@@H]1[C@@H]2[C@@H](O)C[C@]2(C=O)[C@@H](C(=O)CO)CC[C@@H]12,
HuskinDB,1-Butanol,CCCCO,,-6.214,CCCCO,CCCCO,
HuskinDB,Corticosterone,OCC(=O)[C@H]1CC[C@@H]2[C@]1(C)C[C@H](O)[C@H]1[C@H]2CCC2=CC(=O)CC[C@]12C,,-7.079,C[C@]12C[C@H](O)[C@H]3[C@@H](CCC4=CC(=O)CC[C@@]43C)[C@@H]1CC[C@@H]2C(=O)CO,C[C@]12C[C@H](O)[C@H]3[C@@H](CCC4=CC(=O)CC[C@@]43C)[C@@H]1CC[C@@H]2C(=O)CO,
HuskinDB,Estradiol,Oc1ccc2c(c1)CC[C@@H]1[C@@H]2CC[C@]2([C@H]1CC[C@@H]2O)C,,-6.079,C[C@]12CC[C@@H]3c4ccc(O)cc4CC[C@H]3[C@@H]1CC[C@@H]2O,C[C@]12CC[C@@H]3c4ccc(O)cc4CC[C@H]3[C@@H]1CC[C@@H]2O,
HuskinDB,Salicylic acid,OC(=O)c1ccccc1O,,-7.556,O=C(O)c1ccccc1O,O=C(O)c1ccccc1O,"NSAID / non-opioid (ATC M01A, N02B)"
HuskinDB,Sucrose,OC[C@H]1O[C@@]([C@H]([C@@H]1O)O)(CO)O[C@H]1O[C@H](CO)[C@H]([C@@H]([C@H]1O)O)O,,-8.84,OC[C@H]1O[C@@](CO)(O[C@H]2O[C@H](CO)[C@@H](O)[C@H](O)[C@H]2O)[C@@H](O)[C@@H]1O,OC[C@H]1O[C@@](CO)(O[C@H]2O[C@H](CO)[C@@H](O)[C@H](O)[C@H]2O)[C@@H](O)[C@@H]1O,
HuskinDB,Water,O,,-7.079,O,O,
HuskinDB,Aldosterone,OCC(=O)[C@H]1CC[C@@H]2[C@]1(C=O)C[C@H](O)[C@H]1[C@H]2CCC2=CC(=O)CC[C@]12C,,-8.079,C[C@]12CCC(=O)C=C1CC[C@@H]1[C@@H]2[C@@H](O)C[C@]2(C=O)[C@@H](C(=O)CO)CC[C@@H]12,C[C@]12CCC(=O)C=C1CC[C@@H]1[C@@H]2[C@@H](O)C[C@]2(C=O)[C@@H](C(=O)CO)CC[C@@H]12,
HuskinDB,Corticosterone,OCC(=O)[C@H]1CC[C@@H]2[C@]1(C)C[C@H](O)[C@H]1[C@H]2CCC2=CC(=O)CC[C@]12C,,-7.556,C[C@]12C[C@H](O)[C@H]3[C@@H](CCC4=CC(=O)CC[C@@]43C)[C@@H]1CC[C@@H]2C(=O)CO,C[C@]12C[C@H](O)[C@H]3[C@@H](CCC4=CC(=O)CC[C@@]43C)[C@@H]1CC[C@@H]2C(=O)CO,
HuskinDB,1-Decanol,CCCCCCCCCCO,,-4.602,CCCCCCCCCCO,CCCCCCCCCCO,
HuskinDB,Estradiol,Oc1ccc2c(c1)CC[C@@H]1[C@@H]2CC[C@]2([C@H]1CC[C@@H]2O)C,,-6.079,C[C@]12CC[C@@H]3c4ccc(O)cc4CC[C@H]3[C@@H]1CC[C@@H]2O,C[C@]12CC[C@@H]3c4ccc(O)cc4CC[C@H]3[C@@H]1CC[C@@H]2O,
HuskinDB,Lidocaine,CCN(CC(=O)Nc1c(C)cccc1C)CC,,-6.079,CCN(CC)CC(=O)Nc1c(C)cccc1C,CCN(CC)CC(=O)Nc1c(C)cccc1C,local anaesthetic (ATC N01B)
HuskinDB,Naphthol,Oc1cccc2c1cccc2,,-5.141,Oc1cccc2ccccc12,Oc1cccc2ccccc12,
HuskinDB,1-Octanol,CCCCCCCCO,,-4.711,CCCCCCCCO,CCCCCCCCO,
HuskinDB,Progesterone,O=C1CC[C@]2(C(=C1)CC[C@@H]1[C@@H]2CC[C@]2([C@H]1CC[C@@H]2C(=O)C)C)C,,-5.255,CC(=O)[C@H]1CC[C@H]2[C@@H]3CCC4=CC(=O)CC[C@]4(C)[C@H]3CC[C@]12C,CC(=O)[C@H]1CC[C@H]2[C@@H]3CCC4=CC(=O)CC[C@]4(C)[C@H]3CC[C@]12C,
HuskinDB,Testosterone,O=C1CC[C@]2(C(=C1)CC[C@@H]1[C@@H]2CC[C@]2([C@H]1CC[C@@H]2O)C)C,,-6.214,C[C@]12CC[C@H]3[C@@H](CCC4=CC(=O)CC[C@@]43C)[C@@H]1CC[C@@H]2O,C[C@]12CC[C@H]3[C@@H](CCC4=CC(=O)CC[C@@]43C)[C@@H]1CC[C@@H]2O,
HuskinDB,Bisoprolol Fumarate,OC(COc1ccc(cc1)COCCOC(C)C)CNC(C)C.OC(=O)/C=C/C(=O)O,,-7.125,CC(C)NCC(O)COc1ccc(COCCOC(C)C)cc1.O=C(O)/C=C/C(=O)O,CC(C)NCC(O)COc1ccc(COCCOC(C)C)cc1.O=C(O)/C=C/C(=O)O,
HuskinDB,Celiprolol Hydrochloride,CCN(C(=O)Nc1ccc(c(c1)C(=O)C)OCC(CNC(C)(C)C)O)CC.Cl,,-6.785,CCN(CC)C(=O)Nc1ccc(OCC(O)CNC(C)(C)C)c(C(C)=O)c1.Cl,CCN(CC)C(=O)Nc1ccc(OCC(O)CNC(C)(C)C)c(C(C)=O)c1.Cl,
HuskinDB,Atenolol,OC(COc1ccc(cc1)CC(=O)N)CNC(C)C,,-7.857,CC(C)NCC(O)COc1ccc(CC(N)=O)cc1,CC(C)NCC(O)COc1ccc(CC(N)=O)cc1,
HuskinDB,Metoprolol,COCCc1ccc(cc1)OCC(CNC(C)C)O,,-6.637,COCCc1ccc(OCC(O)CNC(C)C)cc1,COCCc1ccc(OCC(O)CNC(C)C)cc1,
HuskinDB,Oxprenolol,C=CCOc1ccccc1OCC(CNC(C)C)O,,-6.369,C=CCOc1ccccc1OCC(O)CNC(C)C,C=CCOc1ccccc1OCC(O)CNC(C)C,
HuskinDB,Propranolol,OC(COc1cccc2c1cccc2)CNC(C)C,,-6.306,CC(C)NCC(O)COc1cccc2ccccc12,CC(C)NCC(O)COc1cccc2ccccc12,
HuskinDB,Mannitol,OC[C@H]([C@H]([C@@H]([C@@H](CO)O)O)O)O,,-7.81,OC[C@@H](O)[C@@H](O)[C@H](O)[C@H](O)CO,OC[C@@H](O)[C@@H](O)[C@H](O)[C@H](O)CO,
HuskinDB,Raffinose,OC[C@H]1O[C@@]([C@H]([C@@H]1O)O)(CO)O[C@H]1O[C@H](CO[C@H]2O[C@H](CO)[C@@H]([C@@H]([C@H]2O)O)O)[C@H]([C@@H]([C@H]1O)O)O,,-8.208,OC[C@H]1O[C@H](OC[C@H]2O[C@H](O[C@]3(CO)O[C@H](CO)[C@@H](O)[C@@H]3O)[C@H](O)[C@@H](O)[C@@H]2O)[C@H](O)[C@@H](O)[C@H]1O,OC[C@H]1O[C@H](OC[C@H]2O[C@H](O[C@]3(CO)O[C@H](CO)[C@@H](O)[C@@H]3O)[C@H](O)[C@@H](O)[C@@H]2O)[C@H](O)[C@@H](O)[C@H]1O,
HuskinDB,Sucrose,OC[C@H]1O[C@@]([C@H]([C@@H]1O)O)(CO)O[C@H]1O[C@H](CO)[C@H]([C@@H]([C@H]1O)O)O,,-8.075,OC[C@H]1O[C@@](CO)(O[C@H]2O[C@H](CO)[C@@H](O)[C@H](O)[C@H]2O)[C@@H](O)[C@@H]1O,OC[C@H]1O[C@@](CO)(O[C@H]2O[C@H](CO)[C@@H](O)[C@H](O)[C@H]2O)[C@@H](O)[C@@H]1O,
HuskinDB,Urea,NC(=O)N,,-7.317,NC(N)=O,NC(N)=O,
HuskinDB,Nicotine,CN1CCCC1c1cccnc1,,-5.546,CN1CCCC1c1cccnc1,CN1CCCC1c1cccnc1,
HuskinDB,Salicylic acid,OC(=O)c1ccccc1O,,-5.136,O=C(O)c1ccccc1O,O=C(O)c1ccccc1O,"NSAID / non-opioid (ATC M01A, N02B)"
HuskinDB,Testosterone,O=C1CC[C@]2(C(=C1)CC[C@@H]1[C@@H]2CC[C@]2([C@H]1CC[C@@H]2O)C)C,,-5.856,C[C@]12CC[C@H]3[C@@H](CCC4=CC(=O)CC[C@@]43C)[C@@H]1CC[C@@H]2O,C[C@]12CC[C@H]3[C@@H](CCC4=CC(=O)CC[C@@]43C)[C@@H]1CC[C@@H]2O,
HuskinDB,"2,4,6-Trichlorophenol",Clc1cc(Cl)c(c(c1)Cl)O,,-4.783,Oc1c(Cl)cc(Cl)cc1Cl,Oc1c(Cl)cc(Cl)cc1Cl,
HuskinDB,"2,4-Dichlorophenol",Clc1ccc(c(c1)Cl)O,,-4.778,Oc1ccc(Cl)cc1Cl,Oc1ccc(Cl)cc1Cl,
HuskinDB,o-Chlorophenol,Oc1ccccc1Cl,,-5.037,Oc1ccccc1Cl,Oc1ccccc1Cl,
HuskinDB,o-Cresol,Cc1ccccc1O,,-5.36,Cc1ccccc1O,Cc1ccccc1O,
HuskinDB,"3,4-Xylenol",Oc1ccc(c(c1)C)C,,-5.0,Cc1ccc(O)cc1C,Cc1ccc(O)cc1C,
HuskinDB,m-Cresol,Cc1cccc(c1)O,,-5.373,Cc1cccc(O)c1,Cc1cccc(O)c1,
HuskinDB,m-Nitrophenol,Oc1cccc(c1)[N+](=O)[O-],,-5.805,O=[N+]([O-])c1cccc(O)c1,O=[N+]([O-])c1cccc(O)c1,
HuskinDB,p-Bromophenol,Oc1ccc(cc1)Br,,-4.999,Oc1ccc(Br)cc1,Oc1ccc(Br)cc1,
HuskinDB,p-Chlorophenol,Oc1ccc(cc1)Cl,,-4.996,Oc1ccc(Cl)cc1,Oc1ccc(Cl)cc1,
HuskinDB,p-Cresol,Cc1ccc(cc1)O,,-5.313,Cc1ccc(O)cc1,Cc1ccc(O)cc1,
HuskinDB,p-Ethylphenol,CCc1ccc(cc1)O,,-5.014,CCc1ccc(O)cc1,CCc1ccc(O)cc1,
HuskinDB,p-Nitrophenol,Oc1ccc(cc1)[N+](=O)[O-],,-5.81,O=[N+]([O-])c1ccc(O)cc1,O=[N+]([O-])c1ccc(O)cc1,
HuskinDB,2-Naphthol,Oc1ccc2c(c1)cccc2,,-5.111,Oc1ccc2ccccc2c1,Oc1ccc2ccccc2c1,
HuskinDB,Chlorocresol,Cc1c(O)cccc1Cl,,-4.816,Cc1c(O)cccc1Cl,Cc1c(O)cccc1Cl,
HuskinDB,Chloroxylenol,Cc1ccc(c(c1C)O)Cl,,-4.785,Cc1ccc(Cl)c(O)c1C,Cc1ccc(Cl)c(O)c1C,
HuskinDB,Methyl 4-hydroxybenzoate,COC(=O)c1ccc(cc1)O,,-5.596,COC(=O)c1ccc(O)cc1,COC(=O)c1ccc(O)cc1,
HuskinDB,Phenol,Oc1ccccc1,,-5.614,Oc1ccccc1,Oc1ccccc1,
HuskinDB,Resorcinol,Oc1cccc(c1)O,,-7.176,Oc1cccc(O)c1,Oc1cccc(O)c1,
HuskinDB,Thymol,Cc1ccc(c(c1)O)C(C)C,,-4.834,Cc1ccc(C(C)C)c(O)c1,Cc1ccc(C(C)C)c(O)c1,
HuskinDB,4-Cyanophenol,N#Cc1ccc(cc1)O,,-5.731,N#Cc1ccc(O)cc1,N#Cc1ccc(O)cc1,
HuskinDB,Methyl 4-hydroxybenzoate,COC(=O)c1ccc(cc1)O,,-5.634,COC(=O)c1ccc(O)cc1,COC(=O)c1ccc(O)cc1,
HuskinDB,Codeine,COc1ccc2c3c1OC1C43CCN(C(C2)C4C=CC1O)C,,-7.866,COc1ccc2c3c1OC1C(O)C=CC4C(C2)N(C)CCC341,COc1ccc2c3c1OC1C(O)C=CC4C(C2)N(C)CCC341,opioid (ATC N02A)
HuskinDB,Fentanyl,CCC(=O)N(c1ccccc1)C1CCN(CC1)CCc1ccccc1,,-5.808,CCC(=O)N(c1ccccc1)C1CCN(CCc2ccccc2)CC1,CCC(=O)N(c1ccccc1)C1CCN(CCc2ccccc2)CC1,opioid (ATC N02A)
HuskinDB,Hydromorphone,O=C1CC[C@@H]2[C@@]34[C@H]1Oc1c4c(C[C@H]2N(CC3)C)ccc1O,,-8.38,CN1CC[C@]23c4c5ccc(O)c4O[C@H]2C(=O)CC[C@H]3[C@H]1C5,CN1CC[C@]23c4c5ccc(O)c4O[C@H]2C(=O)CC[C@H]3[C@H]1C5,opioid (ATC N02A)
HuskinDB,Meperidine,CCOC(=O)C1(CCN(CC1)C)c1ccccc1,,-5.988,CCOC(=O)C1(c2ccccc2)CCN(C)CC1,CCOC(=O)C1(c2ccccc2)CCN(C)CC1,opioid (ATC N02A)
HuskinDB,Morphine,O[C@H]1C=C[C@@H]2[C@@]34[C@H]1Oc1c4c(C[C@H]2N(CC3)C)ccc1O,,-8.588,CN1CC[C@]23c4c5ccc(O)c4O[C@H]2[C@@H](O)C=C[C@H]3[C@H]1C5,CN1CC[C@]23c4c5ccc(O)c4O[C@H]2[C@@H](O)C=C[C@H]3[C@H]1C5,opioid (ATC N02A)
HuskinDB,Sufentanil,COCC1(CCN(CC1)CCc1cccs1)N(c1ccccc1)C(=O)CC,,-5.477,CCC(=O)N(c1ccccc1)C1(COC)CCN(CCc2cccs2)CC1,CCC(=O)N(c1ccccc1)C1(COC)CCN(CCc2cccs2)CC1,opioid (ATC N02A)
HuskinDB,Fentanyl,CCC(=O)N(c1ccccc1)C1CCN(CC1)CCc1ccccc1,,-5.503,CCC(=O)N(c1ccccc1)C1CCN(CCc2ccccc2)CC1,CCC(=O)N(c1ccccc1)C1CCN(CCc2ccccc2)CC1,opioid (ATC N02A)
HuskinDB,Sufentanil,COCC1(CCN(CC1)CCc1cccs1)N(c1ccccc1)C(=O)CC,,-5.374,CCC(=O)N(c1ccccc1)C1(COC)CCN(CCc2cccs2)CC1,CCC(=O)N(c1ccccc1)C1(COC)CCN(CCc2cccs2)CC1,opioid (ATC N02A)
HuskinDB,Butyl p-aminobenzoate,CCCCOC(=O)c1ccc(cc1)N,,-4.607,CCCCOC(=O)c1ccc(N)cc1,CCCCOC(=O)c1ccc(N)cc1,local anaesthetic (ATC N01B)
HuskinDB,Ethyl p-aminobenzoate,CCOC(=O)c1ccc(cc1)N,,-5.255,CCOC(=O)c1ccc(N)cc1,CCOC(=O)c1ccc(N)cc1,local anaesthetic (ATC N01B)
HuskinDB,Methyl p-aminobenzoate,COC(=O)c1ccc(cc1)N,,-5.195,COC(=O)c1ccc(N)cc1,COC(=O)c1ccc(N)cc1,local anaesthetic (ATC N01B)
HuskinDB,Morphine,O[C@H]1C=C[C@@H]2[C@@]34[C@H]1Oc1c4c(C[C@H]2N(CC3)C)ccc1O,,-9.352,CN1CC[C@]23c4c5ccc(O)c4O[C@H]2[C@@H](O)C=C[C@H]3[C@H]1C5,CN1CC[C@]23c4c5ccc(O)c4O[C@H]2[C@@H](O)C=C[C@H]3[C@H]1C5,opioid (ATC N02A)
HuskinDB,Ketorolac,OC(=O)C1CCn2c1ccc2C(=O)c1ccccc1,,-5.799,O=C(c1ccccc1)c1ccc2n1CCC2C(=O)O,O=C(c1ccccc1)c1ccc2n1CCC2C(=O)O,"NSAID / non-opioid (ATC M01A, N02B)"
HuskinDB,1-Butanol,CCCCO,,-6.158,CCCCO,CCCCO,
HuskinDB,Ethanol,CCO,,-6.556,CCO,CCO,
HuskinDB,1-Heptanol,CCCCCCCO,,-5.051,CCCCCCCO,CCCCCCCO,
HuskinDB,1-Hexanol,CCCCCCO,,-5.442,CCCCCCO,CCCCCCO,
HuskinDB,Methanol,CO,,-6.556,CO,CO,
HuskinDB,1-Octanol,CCCCCCCCO,,-4.84,CCCCCCCCO,CCCCCCCCO,
HuskinDB,1-Pentanol,CCCCCO,,-5.778,CCCCCO,CCCCCO,
HuskinDB,1-Propanol,CCCO,,-6.41,CCCO,CCCO,
HuskinDB,"2,3-Butanediol",CC(C(O)C)O,,-7.857,CC(O)C(C)O,CC(O)C(C)O,
HuskinDB,Butan-2-one,CCC(=O)C,,-5.903,CCC(C)=O,CCC(C)=O,
HuskinDB,2-Ethoxyethanol,OCCOCC,,-7.158,CCOCCO,CCOCCO,
HuskinDB,Diethyl ether,CCOCC,,-5.352,CCOCC,CCOCC,
HuskinDB,1-Butanol,CCCCO,,-6.079,CCCCO,CCCCO,
HuskinDB,1-Heptanol,CCCCCCCO,,-4.981,CCCCCCCO,CCCCCCCO,
HuskinDB,1-Propanol,CCCO,,-6.326,CCCO,CCCO,
HuskinDB,Aldosterone,OCC(=O)[C@H]1CC[C@@H]2[C@]1(C=O)C[C@H](O)[C@H]1[C@H]2CCC2=CC(=O)CC[C@]12C,,-9.079,C[C@]12CCC(=O)C=C1CC[C@@H]1[C@@H]2[C@@H](O)C[C@]2(C=O)[C@@H](C(=O)CO)CC[C@@H]12,C[C@]12CCC(=O)C=C1CC[C@@H]1[C@@H]2[C@@H](O)C[C@]2(C=O)[C@@H](C(=O)CO)CC[C@@H]12,
HuskinDB,Cortexolone,OCC(=O)C1(O)CCC2C1(C)CCC1C2CCC2=CC(=O)CCC12C,,-7.681,CC12CCC(=O)C=C1CCC1C2CCC2(C)C1CCC2(O)C(=O)CO,CC12CCC(=O)C=C1CCC1C2CCC2(C)C1CCC2(O)C(=O)CO,
HuskinDB,Cortexone,OCC(=O)[C@H]1CC[C@@H]2[C@]1(C)CC[C@H]1[C@H]2CCC2=CC(=O)CC[C@]12C,,-6.903,C[C@]12CC[C@H]3[C@@H](CCC4=CC(=O)CC[C@@]43C)[C@@H]1CC[C@@H]2C(=O)CO,C[C@]12CC[C@H]3[C@@H](CCC4=CC(=O)CC[C@@]43C)[C@@H]1CC[C@@H]2C(=O)CO,
HuskinDB,Corticosterone,OCC(=O)[C@H]1CC[C@@H]2[C@]1(C)C[C@H](O)[C@H]1[C@H]2CCC2=CC(=O)CC[C@]12C,,-7.778,C[C@]12C[C@H](O)[C@H]3[C@@H](CCC4=CC(=O)CC[C@@]43C)[C@@H]1CC[C@@H]2C(=O)CO,C[C@]12C[C@H](O)[C@H]3[C@@H](CCC4=CC(=O)CC[C@@]43C)[C@@H]1CC[C@@H]2C(=O)CO,
HuskinDB,Cortisone,OCC(=O)[C@@]1(O)CC[C@@H]2[C@]1(C)CC(=O)[C@H]1[C@H]2CCC2=CC(=O)CC[C@]12C,,-8.556,C[C@]12CCC(=O)C=C1CC[C@@H]1[C@@H]2C(=O)C[C@@]2(C)[C@H]1CC[C@]2(O)C(=O)CO,C[C@]12CCC(=O)C=C1CC[C@@H]1[C@@H]2C(=O)C[C@@]2(C)[C@H]1CC[C@]2(O)C(=O)CO,
HuskinDB,Estradiol,Oc1ccc2c(c1)CC[C@@H]1[C@@H]2CC[C@]2([C@H]1CC[C@@H]2O)C,,-7.079,C[C@]12CC[C@@H]3c4ccc(O)cc4CC[C@H]3[C@@H]1CC[C@@H]2O,C[C@]12CC[C@@H]3c4ccc(O)cc4CC[C@H]3[C@@H]1CC[C@@H]2O,
HuskinDB,Estriol,Oc1ccc2c(c1)CC[C@@H]1[C@@H]2CC[C@]2([C@H]1C[C@H]([C@@H]2O)O)C,,-7.954,C[C@]12CC[C@@H]3c4ccc(O)cc4CC[C@H]3[C@@H]1C[C@@H](O)[C@@H]2O,C[C@]12CC[C@@H]3c4ccc(O)cc4CC[C@H]3[C@@H]1C[C@@H](O)[C@@H]2O,
HuskinDB,Estrone,Oc1ccc2c(c1)CC[C@@H]1[C@@H]2CC[C@]2([C@H]1CCC2=O)C,,-6.0,C[C@]12CC[C@@H]3c4ccc(O)cc4CC[C@H]3[C@@H]1CCC2=O,C[C@]12CC[C@@H]3c4ccc(O)cc4CC[C@H]3[C@@H]1CCC2=O,
HuskinDB,Hydrocortisone,OCC(=O)[C@@]1(O)CC[C@@H]2[C@]1(C)C[C@H](O)[C@H]1[C@H]2CCC2=CC(=O)CC[C@]12C,,-9.079,C[C@]12CCC(=O)C=C1CC[C@@H]1[C@@H]2[C@@H](O)C[C@@]2(C)[C@H]1CC[C@]2(O)C(=O)CO,C[C@]12CCC(=O)C=C1CC[C@@H]1[C@@H]2[C@@H](O)C[C@@]2(C)[C@H]1CC[C@]2(O)C(=O)CO,
HuskinDB,Hydroxypregnenolone,CC(=O)[C@H]1CC[C@@H]2[C@]1(C)CC[C@H]1[C@H]2CC=C2[C@]1(C)CCC(C2)(O)O,,-6.778,CC(=O)[C@H]1CC[C@H]2[C@@H]3CC=C4CC(O)(O)CC[C@]4(C)[C@H]3CC[C@]12C,CC(=O)[C@H]1CC[C@H]2[C@@H]3CC=C4CC(O)(O)CC[C@]4(C)[C@H]3CC[C@]12C,
HuskinDB,17-Hydroxyprogesterone,O=C1CC[C@]2(C(=C1)CC[C@@H]1[C@@H]2CC[C@]2([C@H]1CC[C@]2(O)C(=O)C)C)C,,-6.778,CC(=O)[C@@]1(O)CC[C@H]2[C@@H]3CCC4=CC(=O)CC[C@]4(C)[C@H]3CC[C@@]21C,CC(=O)[C@@]1(O)CC[C@H]2[C@@H]3CCC4=CC(=O)CC[C@]4(C)[C@H]3CC[C@@]21C,
HuskinDB,Pregnenolone,O[C@H]1CC[C@]2(C(=CC[C@@H]3[C@@H]2CC[C@]2([C@H]3CC[C@@H]2C(=O)C)C)C1)C,,-6.38,CC(=O)[C@H]1CC[C@H]2[C@@H]3CC=C4C[C@@H](O)CC[C@]4(C)[C@H]3CC[C@]12C,CC(=O)[C@H]1CC[C@H]2[C@@H]3CC=C4C[C@@H](O)CC[C@]4(C)[C@H]3CC[C@]12C,
HuskinDB,Progesterone,O=C1CC[C@]2(C(=C1)CC[C@@H]1[C@@H]2CC[C@]2([C@H]1CC[C@@H]2C(=O)C)C)C,,-6.38,CC(=O)[C@H]1CC[C@H]2[C@@H]3CCC4=CC(=O)CC[C@]4(C)[C@H]3CC[C@]12C,CC(=O)[C@H]1CC[C@H]2[C@@H]3CCC4=CC(=O)CC[C@]4(C)[C@H]3CC[C@]12C,
HuskinDB,Testosterone,O=C1CC[C@]2(C(=C1)CC[C@@H]1[C@@H]2CC[C@]2([C@H]1CC[C@@H]2O)C)C,,-6.954,C[C@]12CC[C@H]3[C@@H](CCC4=CC(=O)CC[C@@]43C)[C@@H]1CC[C@@H]2O,C[C@]12CC[C@H]3[C@@H](CCC4=CC(=O)CC[C@@]43C)[C@@H]1CC[C@@H]2O,
HuskinDB,Ethanol,CCO,,-3.653,CCO,CCO,
HuskinDB,1-Heptanol,CCCCCCCO,,-2.051,CCCCCCCO,CCCCCCCO,
HuskinDB,1-Hexanol,CCCCCCO,,-2.442,CCCCCCO,CCCCCCO,
HuskinDB,Methanol,CO,,-3.857,CO,CO,
HuskinDB,1-Nonanol,CCCCCCCCCO,,-1.778,CCCCCCCCCO,CCCCCCCCCO,
HuskinDB,1-Octanol,CCCCCCCCO,,-1.84,CCCCCCCCO,CCCCCCCCO,
HuskinDB,1-Propanol,CCCO,,-3.41,CCCO,CCCO,
HuskinDB,1-Butanol,CCCCO,,-7.778,CCCCO,CCCCO,
HuskinDB,1-Butanol,CCCCO,,-6.158,CCCCO,CCCCO,
HuskinDB,1-Decanol,CCCCCCCCCCO,,-9.653,CCCCCCCCCCO,CCCCCCCCCCO,
HuskinDB,1-Decanol,CCCCCCCCCCO,,-4.653,CCCCCCCCCCO,CCCCCCCCCCO,
HuskinDB,Ethanol,CCO,,-6.699,CCO,CCO,
HuskinDB,Ethanol,CCO,,-6.653,CCO,CCO,
HuskinDB,1-Heptanol,CCCCCCCO,,-5.051,CCCCCCCO,CCCCCCCO,
HuskinDB,1-Heptanol,CCCCCCCO,,-8.158,CCCCCCCO,CCCCCCCO,
HuskinDB,1-Hexanol,CCCCCCO,,-5.442,CCCCCCO,CCCCCCO,
HuskinDB,1-Hexanol,CCCCCCO,,-7.84,CCCCCCO,CCCCCCO,
HuskinDB,Methanol,CO,,-5.539,CO,CO,
HuskinDB,Methanol,CO,,-6.857,CO,CO,
HuskinDB,1-Nonanol,CCCCCCCCCO,,-4.778,CCCCCCCCCO,CCCCCCCCCO,
HuskinDB,1-Nonanol,CCCCCCCCCO,,-9.079,CCCCCCCCCO,CCCCCCCCCO,
HuskinDB,1-Octanol,CCCCCCCCO,,-4.84,CCCCCCCCO,CCCCCCCCO,
HuskinDB,1-Octanol,CCCCCCCCO,,-8.556,CCCCCCCCO,CCCCCCCCO,
HuskinDB,1-Pentanol,CCCCCO,,-5.778,CCCCCO,CCCCCO,
HuskinDB,1-Pentanol,CCCCCO,,-7.849,CCCCCO,CCCCCO,
HuskinDB,1-Propanol,CCCO,,-6.477,CCCO,CCCO,
HuskinDB,1-Propanol,CCCO,,-7.352,CCCO,CCCO,
HuskinDB,Betamethasone-17-valerate,CCCCC(=O)OC1(C(C)CC2C1(C)CC(O)C1(C2CCC2=CC(=O)C=CC12C)F)C(=O)CO,,-6.496,CCCCC(=O)OC1(C(=O)CO)C(C)CC2C3CCC4=CC(=O)C=CC4(C)C3(F)C(O)CC21C,CCCCC(=O)OC1(C(=O)CO)C(C)CC2C3CCC4=CC(=O)C=CC4(C)C3(F)C(O)CC21C,
HuskinDB,Corticosterone,OCC(=O)[C@H]1CC[C@@H]2[C@]1(C)C[C@H](O)[C@H]1[C@H]2CCC2=CC(=O)CC[C@]12C,,-8.206,C[C@]12C[C@H](O)[C@H]3[C@@H](CCC4=CC(=O)CC[C@@]43C)[C@@H]1CC[C@@H]2C(=O)CO,C[C@]12C[C@H](O)[C@H]3[C@@H](CCC4=CC(=O)CC[C@@]43C)[C@@H]1CC[C@@H]2C(=O)CO,
HuskinDB,Hydrocortisone,OCC(=O)[C@@]1(O)CC[C@@H]2[C@]1(C)C[C@H](O)[C@H]1[C@H]2CCC2=CC(=O)CC[C@]12C,,-9.106,C[C@]12CCC(=O)C=C1CC[C@@H]1[C@@H]2[C@@H](O)C[C@@]2(C)[C@H]1CC[C@]2(O)C(=O)CO,C[C@]12CCC(=O)C=C1CC[C@@H]1[C@@H]2[C@@H](O)C[C@@]2(C)[C@H]1CC[C@]2(O)C(=O)CO,
HuskinDB,Prednisolone,OCC(=O)[C@@]1(O)CC[C@@H]2[C@]1(C)C[C@H](O)[C@H]1[C@H]2CCC2=CC(=O)C=C[C@]12C,,-7.906,C[C@]12C=CC(=O)C=C1CC[C@@H]1[C@@H]2[C@@H](O)C[C@@]2(C)[C@H]1CC[C@]2(O)C(=O)CO,C[C@]12C=CC(=O)C=C1CC[C@@H]1[C@@H]2[C@@H](O)C[C@@]2(C)[C@H]1CC[C@]2(O)C(=O)CO,
HuskinDB,Testosterone,O=C1CC[C@]2(C(=C1)CC[C@@H]1[C@@H]2CC[C@]2([C@H]1CC[C@@H]2O)C)C,,-6.626,C[C@]12CC[C@H]3[C@@H](CCC4=CC(=O)CC[C@@]43C)[C@@H]1CC[C@@H]2O,C[C@]12CC[C@H]3[C@@H](CCC4=CC(=O)CC[C@@]43C)[C@@H]1CC[C@@H]2O,
HuskinDB,Triamcinolone,OCC(=O)[C@@]1(O)[C@H](O)C[C@@H]2[C@]1(C)C[C@H](O)[C@]1([C@H]2CCC2=CC(=O)C=C[C@]12C)F,,-8.956,C[C@]12C=CC(=O)C=C1CC[C@H]1[C@@H]3C[C@@H](O)[C@](O)(C(=O)CO)[C@@]3(C)C[C@H](O)[C@@]12F,C[C@]12C=CC(=O)C=C1CC[C@H]1[C@@H]3C[C@@H](O)[C@](O)(C(=O)CO)[C@@]3(C)C[C@H](O)[C@@]12F,
HuskinDB,Triamcinolone acetonide,OCC(=O)[C@@]12OC(O[C@@H]1C[C@@H]1[C@]2(C)C[C@H](O)[C@]2([C@H]1CCC1=CC(=O)C=C[C@]21C)F)(C)C,,-8.251,CC1(C)O[C@@H]2C[C@H]3[C@@H]4CCC5=CC(=O)C=C[C@]5(C)[C@@]4(F)[C@@H](O)C[C@]3(C)[C@]2(C(=O)CO)O1,CC1(C)O[C@@H]2C[C@H]3[C@@H]4CCC5=CC(=O)C=C[C@]5(C)[C@@]4(F)[C@@H](O)C[C@]3(C)[C@]2(C(=O)CO)O1,
HuskinDB,Flurbiprofen,OC(=O)C(c1ccc(c(c1)F)c1ccccc1)C,,-5.331,CC(C(=O)O)c1ccc(-c2ccccc2)c(F)c1,CC(C(=O)O)c1ccc(-c2ccccc2)c(F)c1,"NSAID / non-opioid (ATC M01A, N02B)"
HuskinDB,Flurbiprofen glucoside,OC1O[C@H](COC(=O)C(c2ccc(c(c2)F)c2ccccc2)C)[C@H]([C@@H]([C@H]1O)O)O,,-6.477,CC(C(=O)OC[C@H]1OC(O)[C@H](O)[C@@H](O)[C@@H]1O)c1ccc(-c2ccccc2)c(F)c1,CC(C(=O)OC[C@H]1OC(O)[C@H](O)[C@@H](O)[C@@H]1O)c1ccc(-c2ccccc2)c(F)c1,"NSAID / non-opioid (ATC M01A, N02B)"
HuskinDB,Flurbiprofen mannoside,OC1O[C@H](COC(=O)C(c2ccc(c(c2)F)c2ccccc2)C)[C@H]([C@@H]([C@@H]1O)O)O,,-6.935,CC(C(=O)OC[C@H]1OC(O)[C@@H](O)[C@@H](O)[C@@H]1O)c1ccc(-c2ccccc2)c(F)c1,CC(C(=O)OC[C@H]1OC(O)[C@@H](O)[C@@H](O)[C@@H]1O)c1ccc(-c2ccccc2)c(F)c1,"NSAID / non-opioid (ATC M01A, N02B)"
HuskinDB,Ibuprofen,CC(Cc1ccc(cc1)C(C(=O)O)C)C,,-5.503,CC(C)Cc1ccc(C(C)C(=O)O)cc1,CC(C)Cc1ccc(C(C)C(=O)O)cc1,"NSAID / non-opioid (ATC M01A, N02B)"
HuskinDB,Ibuprofen glucoside,CC(Cc1ccc(cc1)C(C(=O)OC[C@H]1OC(O)[C@@H]([C@H]([C@@H]1O)O)O)C)C,,-6.945,CC(C)Cc1ccc(C(C)C(=O)OC[C@H]2OC(O)[C@H](O)[C@@H](O)[C@@H]2O)cc1,CC(C)Cc1ccc(C(C)C(=O)OC[C@H]2OC(O)[C@H](O)[C@@H](O)[C@@H]2O)cc1,"NSAID / non-opioid (ATC M01A, N02B)"
HuskinDB,Ibuprofen mannoside,CC(Cc1ccc(cc1)C(C(=O)OC[C@H]1OC(O)[C@H]([C@H]([C@@H]1O)O)O)C)C,,-6.548,CC(C)Cc1ccc(C(C)C(=O)OC[C@H]2OC(O)[C@@H](O)[C@@H](O)[C@@H]2O)cc1,CC(C)Cc1ccc(C(C)C(=O)OC[C@H]2OC(O)[C@@H](O)[C@@H](O)[C@@H]2O)cc1,"NSAID / non-opioid (ATC M01A, N02B)"
HuskinDB,Ketoprofen,OC(=O)C(c1cccc(c1)C(=O)c1ccccc1)C,,-6.151,CC(C(=O)O)c1cccc(C(=O)c2ccccc2)c1,CC(C(=O)O)c1cccc(C(=O)c2ccccc2)c1,"NSAID / non-opioid (ATC M01A, N02B)"
HuskinDB,Ketoprofen glucoside,OC1O[C@H](COC(=O)C(c2cccc(c2)C(=O)c2ccccc2)C)[C@H]([C@@H]([C@H]1O)O)O,,-7.731,CC(C(=O)OC[C@H]1OC(O)[C@H](O)[C@@H](O)[C@@H]1O)c1cccc(C(=O)c2ccccc2)c1,CC(C(=O)OC[C@H]1OC(O)[C@H](O)[C@@H](O)[C@@H]1O)c1cccc(C(=O)c2ccccc2)c1,"NSAID / non-opioid (ATC M01A, N02B)"
HuskinDB,Ketoprofen mannoside,OC1O[C@H](COC(=O)C(c2cccc(c2)C(=O)c2ccccc2)C)[C@H]([C@@H]([C@@H]1O)O)O,,-7.594,CC(C(=O)OC[C@H]1OC(O)[C@@H](O)[C@@H](O)[C@@H]1O)c1cccc(C(=O)c2ccccc2)c1,CC(C(=O)OC[C@H]1OC(O)[C@@H](O)[C@@H](O)[C@@H]1O)c1cccc(C(=O)c2ccccc2)c1,"NSAID / non-opioid (ATC M01A, N02B)"
HuskinDB,Naproxen,COc1ccc2c(c1)ccc(c2)C(C(=O)O)C,,-7.218,COc1ccc2cc(C(C)C(=O)O)ccc2c1,COc1ccc2cc(C(C)C(=O)O)ccc2c1,"NSAID / non-opioid (ATC M01A, N02B)"
HuskinDB,Naproxen glucoside,COc1ccc2c(c1)ccc(c2)[C@@H](C(=O)OC[C@H]1OC(O)[C@@H]([C@H]([C@@H]1O)O)O)C,,-7.886,COc1ccc2cc([C@H](C)C(=O)OC[C@H]3OC(O)[C@H](O)[C@@H](O)[C@@H]3O)ccc2c1,COc1ccc2cc([C@H](C)C(=O)OC[C@H]3OC(O)[C@H](O)[C@@H](O)[C@@H]3O)ccc2c1,"NSAID / non-opioid (ATC M01A, N02B)"
HuskinDB,Naproxen mannoside,COc1ccc2c(c1)ccc(c2)[C@@H](C(=O)OC[C@H]1OC(O)[C@H]([C@H]([C@@H]1O)O)O)C,,-7.7,COc1ccc2cc([C@H](C)C(=O)OC[C@H]3OC(O)[C@@H](O)[C@@H](O)[C@@H]3O)ccc2c1,COc1ccc2cc([C@H](C)C(=O)OC[C@H]3OC(O)[C@@H](O)[C@@H](O)[C@@H]3O)ccc2c1,"NSAID / non-opioid (ATC M01A, N02B)"
HuskinDB,Aspartic acid,OC(=O)CC(C(=O)O)N,,-7.432,NC(CC(=O)O)C(=O)O,NC(CC(=O)O)C(=O)O,
HuskinDB,Aspartic acid,OC(=O)CC(C(=O)O)N,,-7.585,NC(CC(=O)O)C(=O)O,NC(CC(=O)O)C(=O)O,
HuskinDB,Histidine,N[C@H](C(=O)O)Cc1c[nH]cn1,,-7.907,N[C@@H](Cc1c[nH]cn1)C(=O)O,N[C@@H](Cc1c[nH]cn1)C(=O)O,
HuskinDB,Histidine,N[C@H](C(=O)O)Cc1c[nH]cn1,,-7.812,N[C@@H](Cc1c[nH]cn1)C(=O)O,N[C@@H](Cc1c[nH]cn1)C(=O)O,
HuskinDB,Histidine,N[C@H](C(=O)O)Cc1c[nH]cn1,,-7.903,N[C@@H](Cc1c[nH]cn1)C(=O)O,N[C@@H](Cc1c[nH]cn1)C(=O)O,
HuskinDB,Lysine,NCCCC[C@@H](C(=O)O)N,,-7.328,NCCCC[C@H](N)C(=O)O,NCCCC[C@H](N)C(=O)O,
HuskinDB,Lysine,NCCCC[C@@H](C(=O)O)N,,-6.86,NCCCC[C@H](N)C(=O)O,NCCCC[C@H](N)C(=O)O,
HuskinDB,Bromochloroacetonitrile,ClC(C#N)Br,,-4.352,N#CC(Cl)Br,N#CC(Cl)Br,
HuskinDB,Chloral hydrate,OC(C(Cl)(Cl)Cl)O,,-5.965,OC(O)C(Cl)(Cl)Cl,OC(O)C(Cl)(Cl)Cl,
HuskinDB,Chloroacetonitrile,ClCC#N,,-4.561,N#CCCl,N#CCCl,
HuskinDB,Dibromoacetonitrile,BrC(C#N)Br,,-4.326,N#CC(Br)Br,N#CC(Br)Br,
HuskinDB,Dichloroacetonitrile,ClC(C#N)Cl,,-4.38,N#CC(Cl)Cl,N#CC(Cl)Cl,
HuskinDB,Trichloroacetonitrile,N#CC(Cl)(Cl)Cl,,-4.604,N#CC(Cl)(Cl)Cl,N#CC(Cl)(Cl)Cl,
HuskinDB,Haloperidol,Fc1ccc(cc1)C(=O)CCCN1CCC(CC1)(O)c1ccc(cc1)Cl,,-7.03,O=C(CCCN1CCC(O)(c2ccc(Cl)cc2)CC1)c1ccc(F)cc1,O=C(CCCN1CCC(O)(c2ccc(Cl)cc2)CC1)c1ccc(F)cc1,
HuskinDB,Levosimendan,N#CC(=NNc1ccc(cc1)C1=NNC(=O)C[C@H]1C)C#N,,-6.484,C[C@@H]1CC(=O)NN=C1c1ccc(NN=C(C#N)C#N)cc1,C[C@@H]1CC(=O)NN=C1c1ccc(NN=C(C#N)C#N)cc1,
HuskinDB,Levosimendan,N#CC(=NNc1ccc(cc1)C1=NNC(=O)C[C@H]1C)C#N,,-7.954,C[C@@H]1CC(=O)NN=C1c1ccc(NN=C(C#N)C#N)cc1,C[C@@H]1CC(=O)NN=C1c1ccc(NN=C(C#N)C#N)cc1,
HuskinDB,Diethylene glycol mono n-butyl ether acetate,CCCCOCCOCCOC(=O)C,,-7.051,CCCCOCCOCCOC(C)=O,CCCCOCCOCCOC(C)=O,
HuskinDB,Dipropylene glycol mono methyl ether,OCC(OCC(OC)C)C,,-7.653,COC(C)COC(C)CO,COC(C)COC(C)CO,
HuskinDB,Ethylene glycol mono isopropyl ether,OCCOC(C)C,,-6.913,CC(C)OCCO,CC(C)OCCO,
HuskinDB,Ethylene glycol mono methyl ether acetate,COCCOC(=O)C,,-6.299,COCCOC(C)=O,COCCOC(C)=O,
HuskinDB,2-Propoxyethanol,CCCOCCO,,-6.543,CCCOCCO,CCCOCCO,
HuskinDB,Diethylene glycol mono n-butyl ether acetate,CCCCOCCOCCOC(=O)C,,-7.778,CCCCOCCOCCOC(C)=O,CCCCOCCOCCOC(C)=O,
HuskinDB,Dipropylene glycol mono methyl ether,OCC(OCC(OC)C)C,,-7.515,COC(C)COC(C)CO,COC(C)COC(C)CO,
HuskinDB,Ethylene glycol mono isopropyl ether,OCCOC(C)C,,-7.125,CC(C)OCCO,CC(C)OCCO,
HuskinDB,Ethylene glycol mono methyl ether acetate,COCCOC(=O)C,,-6.637,COCCOC(C)=O,COCCOC(C)=O,
HuskinDB,2-Propoxyethanol,CCCOCCO,,-6.923,CCCOCCO,CCCOCCO,
HuskinDB,Acyclovir,Nc1nc(=O)c2c([nH]1)n(COCCO)cn2,,-7.079,Nc1nc(=O)c2ncn(COCCO)c2[nH]1,Nc1nc(=O)c2ncn(COCCO)c2[nH]1,
HuskinDB,1-Methoxy-2-Propanol,COCC(O)C,,-6.397,COCC(C)O,COCC(C)O,
HuskinDB,2-Butoxyethanol,CCCCOCCO,,-5.34,CCCCOCCO,CCCCOCCO,
HuskinDB,2-Ethoxyethanol,OCCOCC,,-5.544,CCOCCO,CCOCCO,
HuskinDB,5-Fluorouracil,Fc1c[nH]c(=O)[nH]c1=O,,-7.574,O=c1[nH]cc(F)c(=O)[nH]1,O=c1[nH]cc(F)c(=O)[nH]1,
HuskinDB,Estradiol,Oc1ccc2c(c1)CC[C@@H]1[C@@H]2CC[C@]2([C@H]1CC[C@@H]2O)C,,-5.488,C[C@]12CC[C@@H]3c4ccc(O)cc4CC[C@H]3[C@@H]1CC[C@@H]2O,C[C@]12CC[C@@H]3c4ccc(O)cc4CC[C@H]3[C@@H]1CC[C@@H]2O,
HuskinDB,"1,1,1-Trichloropropanone",CC(=O)C(Cl)(Cl)Cl,,-5.176,CC(=O)C(Cl)(Cl)Cl,CC(=O)C(Cl)(Cl)Cl,
HuskinDB,"1,1-Dichloropropanone",ClC(C(=O)C)Cl,,-4.923,CC(=O)C(Cl)Cl,CC(=O)C(Cl)Cl,
HuskinDB,Bromoacetic acid,OC(=O)CBr,,-6.41,O=C(O)CBr,O=C(O)CBr,
HuskinDB,Bromochloroacetic acid,OC(=O)C(Br)Cl,,-6.352,O=C(O)C(Cl)Br,O=C(O)C(Cl)Br,
HuskinDB,Bromodichloromethane,ClC(Br)Cl,,-4.301,ClC(Cl)Br,ClC(Cl)Br,
HuskinDB,Bromoform,BrC(Br)Br,,-4.234,BrC(Br)Br,BrC(Br)Br,
HuskinDB,Chloroacetic acid,OC(=O)CCl,,-6.515,O=C(O)CCl,O=C(O)CCl,
HuskinDB,Chlorodibromomethane,ClC(Br)Br,,-4.255,ClC(Br)Br,ClC(Br)Br,
HuskinDB,Chloroform,ClC(Cl)Cl,,-4.352,ClC(Cl)Cl,ClC(Cl)Cl,
HuskinDB,Dibromoacetic acid,BrC(C(=O)O)Br,,-6.141,O=C(O)C(Br)Br,O=C(O)C(Br)Br,
HuskinDB,Dichloroacetic acid,ClC(C(=O)O)Cl,,-6.278,O=C(O)C(Cl)Cl,O=C(O)C(Cl)Cl,
HuskinDB,Trichloroacetic acid,OC(=O)C(Cl)(Cl)Cl,,-6.278,O=C(O)C(Cl)(Cl)Cl,O=C(O)C(Cl)(Cl)Cl,
HuskinDB,2-Naphthol,Oc1ccc2c(c1)cccc2,,-4.757,Oc1ccc2ccccc2c1,Oc1ccc2ccccc2c1,
HuskinDB,4-Propoxyphenol,CCCOc1ccc(cc1)O,,-5.38,CCCOc1ccc(O)cc1,CCCOc1ccc(O)cc1,
HuskinDB,Carvacrol,CC(c1ccc(c(c1)O)C)C,,-4.81,Cc1ccc(C(C)C)cc1O,Cc1ccc(C(C)C)cc1O,
HuskinDB,Chlorocresol,Cc1c(O)cccc1Cl,,-5.0,Cc1c(O)cccc1Cl,Cc1c(O)cccc1Cl,
HuskinDB,Chloroxylenol,Cc1ccc(c(c1C)O)Cl,,-4.651,Cc1ccc(Cl)c(O)c1C,Cc1ccc(Cl)c(O)c1C,
HuskinDB,Methyl 4-hydroxybenzoate,COC(=O)c1ccc(cc1)O,,-5.632,COC(=O)c1ccc(O)cc1,COC(=O)c1ccc(O)cc1,
HuskinDB,Methyl salicylate,COC(=O)c1ccccc1O,,-5.0,COC(=O)c1ccccc1O,COC(=O)c1ccccc1O,"NSAID / non-opioid (ATC M01A, N02B)"
HuskinDB,o-t-Butylphenol,Oc1ccccc1C(C)(C)C,,-4.685,CC(C)(C)c1ccccc1O,CC(C)(C)c1ccccc1O,
HuskinDB,p-n-Butylphenol,CCCCc1ccc(cc1)O,,-4.671,CCCCc1ccc(O)cc1,CCCCc1ccc(O)cc1,
HuskinDB,Thymol,Cc1ccc(c(c1)O)C(C)C,,-4.77,Cc1ccc(C(C)C)c(O)c1,Cc1ccc(C(C)C)c(O)c1,
HuskinDB,Water,O,,-5.41,O,O,
HuskinDB,1-Hexanol,CCCCCCO,,-4.859,CCCCCCO,CCCCCCO,
HuskinDB,Water,O,,-6.41,O,O,
HuskinDB,1-Hexanol,CCCCCCO,,-5.114,CCCCCCO,CCCCCCO,
HuskinDB,Acyclovir,Nc1nc(=O)c2c([nH]1)n(COCCO)cn2,,-7.778,Nc1nc(=O)c2ncn(COCCO)c2[nH]1,Nc1nc(=O)c2ncn(COCCO)c2[nH]1,
HuskinDB,Betamethasone-17-valerate,CCCCC(=O)OC1(C(C)CC2C1(C)CC(O)C1(C2CCC2=CC(=O)C=CC12C)F)C(=O)CO,,-5.525,CCCCC(=O)OC1(C(=O)CO)C(C)CC2C3CCC4=CC(=O)C=CC4(C)C3(F)C(O)CC21C,CCCCC(=O)OC1(C(=O)CO)C(C)CC2C3CCC4=CC(=O)C=CC4(C)C3(F)C(O)CC21C,
HuskinDB,Bisphenol A diglycidyl ether,CC(c1ccc(cc1)OCC1OC1)(c1ccc(cc1)OCC1OC1)C,,-9.875,CC(C)(c1ccc(OCC2CO2)cc1)c1ccc(OCC2CO2)cc1,CC(C)(c1ccc(OCC2CO2)cc1)c1ccc(OCC2CO2)cc1,
HuskinDB,Epikote YX4000,Cc1cc(cc(c1OCC1OC1)C)c1cc(C)c(c(c1)C)OCC1OC1,,-10.884,Cc1cc(-c2cc(C)c(OCC3CO3)c(C)c2)cc(C)c1OCC1CO1,Cc1cc(-c2cc(C)c(OCC3CO3)c(C)c2)cc(C)c1OCC1CO1,
HuskinDB,"1,6-hexanediol diglycidyl ether",C(CCOCC1OC1)CCCOCC1OC1,,-7.423,C(CCCOCC1CO1)CCOCC1CO1,C(CCCOCC1CO1)CCOCC1CO1,
HuskinDB,1-Dodecyl glycidyl ether,CCCCCCCCCCCCOCC1OC1,,-9.036,CCCCCCCCCCCCOCC1CO1,CCCCCCCCCCCCOCC1CO1,
HuskinDB,o-Cresyl glycidyl ether,Cc1ccccc1OCC1CO1,,-7.588,Cc1ccccc1OCC1CO1,Cc1ccccc1OCC1CO1,
HuskinDB,Caffeine,Cn1cnc2c1c(=O)n(C)c(=O)n2C,,-6.828,Cn1c(=O)c2c(ncn2C)n(C)c1=O,Cn1c(=O)c2c(ncn2C)n(C)c1=O,
HuskinDB,Testosterone,O=C1CC[C@]2(C(=C1)CC[C@@H]1[C@@H]2CC[C@]2([C@H]1CC[C@@H]2O)C)C,,-5.73,C[C@]12CC[C@H]3[C@@H](CCC4=CC(=O)CC[C@@]43C)[C@@H]1CC[C@@H]2O,C[C@]12CC[C@H]3[C@@H](CCC4=CC(=O)CC[C@@]43C)[C@@H]1CC[C@@H]2O,
HuskinDB,Water,O,,-6.597,O,O,
HuskinDB,Water,O,,-6.707,O,O,
HuskinDB,Mannitol,OC[C@H]([C@H]([C@@H]([C@@H](CO)O)O)O)O,,-8.158,OC[C@@H](O)[C@@H](O)[C@H](O)[C@H](O)CO,OC[C@@H](O)[C@@H](O)[C@H](O)[C@H](O)CO,
HuskinDB,Mannitol,OC[C@H]([C@H]([C@@H]([C@@H](CO)O)O)O)O,,-7.923,OC[C@@H](O)[C@@H](O)[C@H](O)[C@H](O)CO,OC[C@@H](O)[C@@H](O)[C@H](O)[C@H](O)CO,
HuskinDB,Chlorpyrifos,CCOP(=S)(Oc1nc(Cl)c(cc1Cl)Cl)OCC,,-7.158,CCOP(=S)(OCC)Oc1nc(Cl)c(Cl)cc1Cl,CCOP(=S)(OCC)Oc1nc(Cl)c(Cl)cc1Cl,
HuskinDB,Trimethylamine,CN(C)C,,-7.284,CN(C)C,CN(C)C,
HuskinDB,Lidocaine,CCN(CC(=O)Nc1c(C)cccc1C)CC,,-7.021,CCN(CC)CC(=O)Nc1c(C)cccc1C,CCN(CC)CC(=O)Nc1c(C)cccc1C,local anaesthetic (ATC N01B)
HuskinDB,Lidocaine,CCN(CC(=O)Nc1c(C)cccc1C)CC,,-6.967,CCN(CC)CC(=O)Nc1c(C)cccc1C,CCN(CC)CC(=O)Nc1c(C)cccc1C,local anaesthetic (ATC N01B)
HuskinDB,Lidocaine,CCN(CC(=O)Nc1c(C)cccc1C)CC,,-5.707,CCN(CC)CC(=O)Nc1c(C)cccc1C,CCN(CC)CC(=O)Nc1c(C)cccc1C,local anaesthetic (ATC N01B)
HuskinDB,Lidocaine,CCN(CC(=O)Nc1c(C)cccc1C)CC,,-5.53,CCN(CC)CC(=O)Nc1c(C)cccc1C,CCN(CC)CC(=O)Nc1c(C)cccc1C,local anaesthetic (ATC N01B)
HuskinDB,2-Ethoxyethanol,OCCOCC,,-7.785,CCOCCO,CCOCCO,
HuskinDB,2-Ethoxyethanol,OCCOCC,,-7.687,CCOCCO,CCOCCO,
HuskinDB,Water,O,,-6.429,O,O,
HuskinDB,5-Fluorouracil,Fc1c[nH]c(=O)[nH]c1=O,,-8.015,O=c1[nH]cc(F)c(=O)[nH]1,O=c1[nH]cc(F)c(=O)[nH]1,
HuskinDB,2-phenoxyethanol,OCCOc1ccccc1,,-6.43,OCCOc1ccccc1,OCCOc1ccccc1,
HuskinDB,Hydrocortisone,OCC(=O)[C@@]1(O)CC[C@@H]2[C@]1(C)C[C@H](O)[C@H]1[C@H]2CCC2=CC(=O)CC[C@]12C,,-7.357,C[C@]12CCC(=O)C=C1CC[C@@H]1[C@@H]2[C@@H](O)C[C@@]2(C)[C@H]1CC[C@]2(O)C(=O)CO,C[C@]12CCC(=O)C=C1CC[C@@H]1[C@@H]2[C@@H](O)C[C@@]2(C)[C@H]1CC[C@]2(O)C(=O)CO,
HuskinDB,Hydrocortisone,OCC(=O)[C@@]1(O)CC[C@@H]2[C@]1(C)C[C@H](O)[C@H]1[C@H]2CCC2=CC(=O)CC[C@]12C,,-7.357,C[C@]12CCC(=O)C=C1CC[C@@H]1[C@@H]2[C@@H](O)C[C@@]2(C)[C@H]1CC[C@]2(O)C(=O)CO,C[C@]12CCC(=O)C=C1CC[C@@H]1[C@@H]2[C@@H](O)C[C@@]2(C)[C@H]1CC[C@]2(O)C(=O)CO,
HuskinDB,Hydrocortisone,OCC(=O)[C@@]1(O)CC[C@@H]2[C@]1(C)C[C@H](O)[C@H]1[C@H]2CCC2=CC(=O)CC[C@]12C,,-7.431,C[C@]12CCC(=O)C=C1CC[C@@H]1[C@@H]2[C@@H](O)C[C@@]2(C)[C@H]1CC[C@]2(O)C(=O)CO,C[C@]12CCC(=O)C=C1CC[C@@H]1[C@@H]2[C@@H](O)C[C@@]2(C)[C@H]1CC[C@]2(O)C(=O)CO,
HuskinDB,Hydrocortisone,OCC(=O)[C@@]1(O)CC[C@@H]2[C@]1(C)C[C@H](O)[C@H]1[C@H]2CCC2=CC(=O)CC[C@]12C,,-7.681,C[C@]12CCC(=O)C=C1CC[C@@H]1[C@@H]2[C@@H](O)C[C@@]2(C)[C@H]1CC[C@]2(O)C(=O)CO,C[C@]12CCC(=O)C=C1CC[C@@H]1[C@@H]2[C@@H](O)C[C@@]2(C)[C@H]1CC[C@]2(O)C(=O)CO,
HuskinDB,Hydrocortisone,OCC(=O)[C@@]1(O)CC[C@@H]2[C@]1(C)C[C@H](O)[C@H]1[C@H]2CCC2=CC(=O)CC[C@]12C,,-7.577,C[C@]12CCC(=O)C=C1CC[C@@H]1[C@@H]2[C@@H](O)C[C@@]2(C)[C@H]1CC[C@]2(O)C(=O)CO,C[C@]12CCC(=O)C=C1CC[C@@H]1[C@@H]2[C@@H](O)C[C@@]2(C)[C@H]1CC[C@]2(O)C(=O)CO,
HuskinDB,Testosterone,O=C1CC[C@]2(C(=C1)CC[C@@H]1[C@@H]2CC[C@]2([C@H]1CC[C@@H]2O)C)C,,-5.489,C[C@]12CC[C@H]3[C@@H](CCC4=CC(=O)CC[C@@]43C)[C@@H]1CC[C@@H]2O,C[C@]12CC[C@H]3[C@@H](CCC4=CC(=O)CC[C@@]43C)[C@@H]1CC[C@@H]2O,
HuskinDB,Testosterone,O=C1CC[C@]2(C(=C1)CC[C@@H]1[C@@H]2CC[C@]2([C@H]1CC[C@@H]2O)C)C,,-5.476,C[C@]12CC[C@H]3[C@@H](CCC4=CC(=O)CC[C@@]43C)[C@@H]1CC[C@@H]2O,C[C@]12CC[C@H]3[C@@H](CCC4=CC(=O)CC[C@@]43C)[C@@H]1CC[C@@H]2O,
HuskinDB,Testosterone,O=C1CC[C@]2(C(=C1)CC[C@@H]1[C@@H]2CC[C@]2([C@H]1CC[C@@H]2O)C)C,,-5.489,C[C@]12CC[C@H]3[C@@H](CCC4=CC(=O)CC[C@@]43C)[C@@H]1CC[C@@H]2O,C[C@]12CC[C@H]3[C@@H](CCC4=CC(=O)CC[C@@]43C)[C@@H]1CC[C@@H]2O,
HuskinDB,Testosterone,O=C1CC[C@]2(C(=C1)CC[C@@H]1[C@@H]2CC[C@]2([C@H]1CC[C@@H]2O)C)C,,-5.476,C[C@]12CC[C@H]3[C@@H](CCC4=CC(=O)CC[C@@]43C)[C@@H]1CC[C@@H]2O,C[C@]12CC[C@H]3[C@@H](CCC4=CC(=O)CC[C@@]43C)[C@@H]1CC[C@@H]2O,
HuskinDB,Testosterone,O=C1CC[C@]2(C(=C1)CC[C@@H]1[C@@H]2CC[C@]2([C@H]1CC[C@@H]2O)C)C,,-5.596,C[C@]12CC[C@H]3[C@@H](CCC4=CC(=O)CC[C@@]43C)[C@@H]1CC[C@@H]2O,C[C@]12CC[C@H]3[C@@H](CCC4=CC(=O)CC[C@@]43C)[C@@H]1CC[C@@H]2O,
HuskinDB,Testosterone,O=C1CC[C@]2(C(=C1)CC[C@@H]1[C@@H]2CC[C@]2([C@H]1CC[C@@H]2O)C)C,,-4.945,C[C@]12CC[C@H]3[C@@H](CCC4=CC(=O)CC[C@@]43C)[C@@H]1CC[C@@H]2O,C[C@]12CC[C@H]3[C@@H](CCC4=CC(=O)CC[C@@]43C)[C@@H]1CC[C@@H]2O,
HuskinDB,Boric acid,OB(O)O,,-7.199,OB(O)O,OB(O)O,
HuskinDB,Borax,[O-]B1OB2OB(OB(O1)O2)[O-].[Na+].[Na+],,-7.326,[Na+].[Na+].[O-]B1OB2OB([O-])OB(O1)O2,[Na+].[Na+].[O-]B1OB2OB([O-])OB(O1)O2,
HuskinDB,Disodium octaborate tetrahydrate,[O-]B([O-])[O-].[O-]B([O-])[O-].[O-]B([O-])[O-].[O-]B([O-])[O-].[O-]B([O-])[O-].[O-]B([O-])[O-].[O-]B([O-])[O-].[O-]B([O-])[O-].O.O.O.O.[Na+].[Na+],,-7.653,O.O.O.O.[Na+].[Na+].[O-]B([O-])[O-].[O-]B([O-])[O-].[O-]B([O-])[O-].[O-]B([O-])[O-].[O-]B([O-])[O-].[O-]B([O-])[O-].[O-]B([O-])[O-].[O-]B([O-])[O-],O.O.O.O.[Na+].[Na+].[O-]B([O-])[O-].[O-]B([O-])[O-].[O-]B([O-])[O-].[O-]B([O-])[O-].[O-]B([O-])[O-].[O-]B([O-])[O-].[O-]B([O-])[O-].[O-]B([O-])[O-],
HuskinDB,Glyphosate,OC(=O)CNCP(=O)(O)O,,-6.894,O=C(O)CNCP(=O)(O)O,O=C(O)CNCP(=O)(O)O,
HuskinDB,Malathion,CCOC(=O)CC(C(=O)OCC)SP(=S)(OC)OC,,-4.249,CCOC(=O)CC(SP(=S)(OC)OC)C(=O)OCC,CCOC(=O)CC(SP(=S)(OC)OC)C(=O)OCC,
HuskinDB,Parathion,CCOP(=S)(Oc1ccc(cc1)[N+](=O)[O-])OCC,,-7.28,CCOP(=S)(OCC)Oc1ccc([N+](=O)[O-])cc1,CCOP(=S)(OCC)Oc1ccc([N+](=O)[O-])cc1,
HuskinDB,Water,O,,-5.24,O,O,
HuskinDB,1-Hexanol,CCCCCCO,,-4.888,CCCCCCO,CCCCCCO,
HuskinDB,Water,O,,-6.426,O,O,
HuskinDB,Ethanol,CCO,,-6.352,CCO,CCO,
HuskinDB,1-Butanol,CCCCO,,-5.816,CCCCO,CCCCO,
HuskinDB,1-Decanol,CCCCCCCCCCO,,-6.41,CCCCCCCCCCO,CCCCCCCCCCO,
HuskinDB,1-Hexanol,CCCCCCO,,-5.778,CCCCCCO,CCCCCCO,
HuskinDB,1-Octanol,CCCCCCCCO,,-5.642,CCCCCCCCO,CCCCCCCCO,
HuskinDB,Ethanol,CCO,,-5.214,CCO,CCO,
HuskinDB,1-Butanol,CCCCO,,-5.193,CCCCO,CCCCO,
HuskinDB,1-Decanol,CCCCCCCCCCO,,-5.832,CCCCCCCCCCO,CCCCCCCCCCO,
HuskinDB,1-Hexanol,CCCCCCO,,-5.637,CCCCCCO,CCCCCCO,
HuskinDB,1-Octanol,CCCCCCCCO,,-5.764,CCCCCCCCO,CCCCCCCCO,
HuskinDB,2-Amino-4-Nitrophenol,[O-][N+](=O)c1ccc(c(c1)N)O,,-6.737,Nc1cc([N+](=O)[O-])ccc1O,Nc1cc([N+](=O)[O-])ccc1O,
HuskinDB,4-Amino-2-Nitrophenol,Nc1ccc(c(c1)[N+](=O)[O-])O,,-6.109,Nc1ccc(O)c([N+](=O)[O-])c1,Nc1ccc(O)c([N+](=O)[O-])c1,
HuskinDB,1-Butanol,CCCCO,,-4.703,CCCCO,CCCCO,
HuskinDB,1-Octanol,CCCCCCCCO,,-4.833,CCCCCCCCO,CCCCCCCCO,
HuskinDB,1-Octyl-2-Pyrrolidone,CCCCCCCCN1CCCC1=O,,-4.81,CCCCCCCCN1CCCC1=O,CCCCCCCCN1CCCC1=O,
HuskinDB,1-Octyl-2-Azacycloheptanone,CCCCCCCCN1CCCCCC1=O,,-4.674,CCCCCCCCN1CCCCCC1=O,CCCCCCCCN1CCCCCC1=O,
HuskinDB,Amphetamine,CC(Cc1ccccc1)N,,-4.577,CC(N)Cc1ccccc1,CC(N)Cc1ccccc1,
HuskinDB,Estradiol,Oc1ccc2c(c1)CC[C@@H]1[C@@H]2CC[C@]2([C@H]1CC[C@@H]2O)C,,-4.815,C[C@]12CC[C@@H]3c4ccc(O)cc4CC[C@H]3[C@@H]1CC[C@@H]2O,C[C@]12CC[C@@H]3c4ccc(O)cc4CC[C@H]3[C@@H]1CC[C@@H]2O,
HuskinDB,Ouabain,OC[C@@]12[C@H](O)C[C@@H](C[C@@]2(O)CCC2C1[C@H](O)C[C@]1([C@]2(O)CC[C@@H]1C1=CC(=O)OC1)C)O[C@@H]1O[C@@H](C)[C@@H]([C@H]([C@H]1O)O)O,,-4.83,C[C@@H]1O[C@@H](O[C@H]2C[C@@H](O)[C@]3(CO)C4C(CC[C@]3(O)C2)[C@@]2(O)CC[C@H](C3=CC(=O)OC3)[C@@]2(C)C[C@H]4O)[C@H](O)[C@H](O)[C@H]1O,C[C@@H]1O[C@@H](O[C@H]2C[C@@H](O)[C@]3(CO)C4C(CC[C@]3(O)C2)[C@@]2(O)CC[C@H](C3=CC(=O)OC3)[C@@]2(C)C[C@H]4O)[C@H](O)[C@H](O)[C@H]1O,
HuskinDB,Flufenamic acid,OC(=O)c1ccccc1Nc1cccc(c1)C(F)(F)F,,-6.201,O=C(O)c1ccccc1Nc1cccc(C(F)(F)F)c1,O=C(O)c1ccccc1Nc1cccc(C(F)(F)F)c1,"NSAID / non-opioid (ATC M01A, N02B)"
HuskinDB,Flufenamic acid,OC(=O)c1ccccc1Nc1cccc(c1)C(F)(F)F,,-6.094,O=C(O)c1ccccc1Nc1cccc(C(F)(F)F)c1,O=C(O)c1ccccc1Nc1cccc(C(F)(F)F)c1,"NSAID / non-opioid (ATC M01A, N02B)"
HuskinDB,Flufenamic acid,OC(=O)c1ccccc1Nc1cccc(c1)C(F)(F)F,,-6.111,O=C(O)c1ccccc1Nc1cccc(C(F)(F)F)c1,O=C(O)c1ccccc1Nc1cccc(C(F)(F)F)c1,"NSAID / non-opioid (ATC M01A, N02B)"
HuskinDB,L-alanyl-L-tryptophan,OC(=O)[C@H](Cc1c[nH]c2c1cccc2)NC(=O)[C@@H](N)C,,-8.637,C[C@H](N)C(=O)N[C@@H](Cc1c[nH]c2ccccc12)C(=O)O,C[C@H](N)C(=O)N[C@@H](Cc1c[nH]c2ccccc12)C(=O)O,
HuskinDB,Butyl p-aminobenzoate,CCCCOC(=O)c1ccc(cc1)N,,-4.41,CCCCOC(=O)c1ccc(N)cc1,CCCCOC(=O)c1ccc(N)cc1,local anaesthetic (ATC N01B)
HuskinDB,Methyl p-aminobenzoate,COC(=O)c1ccc(cc1)N,,-5.012,COC(=O)c1ccc(N)cc1,COC(=O)c1ccc(N)cc1,local anaesthetic (ATC N01B)
HuskinDB,1-Pentanol,CCCCCO,,-2.778,CCCCCO,CCCCCO,
HuskinDB,1-Butanol,CCCCO,,-6.556,CCCCO,CCCCO,
HuskinDB,1-Butanol,CCCCO,,-5.079,CCCCO,CCCCO,
HuskinDB,Ethanol,CCO,,-5.711,CCO,CCO,
HuskinDB,Ethanol,CCO,,-5.012,CCO,CCO,
HuskinDB,1-Heptanol,CCCCCCCO,,-5.158,CCCCCCCO,CCCCCCCO,
HuskinDB,1-Heptanol,CCCCCCCO,,-7.711,CCCCCCCO,CCCCCCCO,
HuskinDB,1-Hexanol,CCCCCCO,,-5.255,CCCCCCO,CCCCCCO,
HuskinDB,1-Hexanol,CCCCCCO,,-7.012,CCCCCCO,CCCCCCO,
HuskinDB,Methanol,CO,,-5.195,CO,CO,
HuskinDB,Methanol,CO,,-4.832,CO,CO,
HuskinDB,1-Octanol,CCCCCCCCO,,-5.141,CCCCCCCCO,CCCCCCCCO,
HuskinDB,1-Octanol,CCCCCCCCO,,-8.255,CCCCCCCCO,CCCCCCCCO,
HuskinDB,1-Pentanol,CCCCCO,,-5.176,CCCCCO,CCCCCO,
HuskinDB,1-Pentanol,CCCCCO,,-6.653,CCCCCO,CCCCCO,
HuskinDB,1-Propanol,CCCO,,-5.065,CCCO,CCCO,
HuskinDB,1-Propanol,CCCO,,-6.301,CCCO,CCCO,
HuskinDB,Fentanyl,CCC(=O)N(c1ccccc1)C1CCN(CC1)CCc1ccccc1,,-7.079,CCC(=O)N(c1ccccc1)C1CCN(CCc2ccccc2)CC1,CCC(=O)N(c1ccccc1)C1CCN(CCc2ccccc2)CC1,opioid (ATC N02A)
HuskinDB,Fentanyl,CCC(=O)N(c1ccccc1)C1CCN(CC1)CCc1ccccc1,,-6.442,CCC(=O)N(c1ccccc1)C1CCN(CCc2ccccc2)CC1,CCC(=O)N(c1ccccc1)C1CCN(CCc2ccccc2)CC1,opioid (ATC N02A)
HuskinDB,Fentanyl,CCC(=O)N(c1ccccc1)C1CCN(CC1)CCc1ccccc1,,-5.849,CCC(=O)N(c1ccccc1)C1CCN(CCc2ccccc2)CC1,CCC(=O)N(c1ccccc1)C1CCN(CCc2ccccc2)CC1,opioid (ATC N02A)
HuskinDB,Fentanyl,CCC(=O)N(c1ccccc1)C1CCN(CC1)CCc1ccccc1,,-5.705,CCC(=O)N(c1ccccc1)C1CCN(CCc2ccccc2)CC1,CCC(=O)N(c1ccccc1)C1CCN(CCc2ccccc2)CC1,opioid (ATC N02A)
HuskinDB,Fentanyl,CCC(=O)N(c1ccccc1)C1CCN(CC1)CCc1ccccc1,,-5.452,CCC(=O)N(c1ccccc1)C1CCN(CCc2ccccc2)CC1,CCC(=O)N(c1ccccc1)C1CCN(CCc2ccccc2)CC1,opioid (ATC N02A)
HuskinDB,Fentanyl,CCC(=O)N(c1ccccc1)C1CCN(CC1)CCc1ccccc1,,-5.206,CCC(=O)N(c1ccccc1)C1CCN(CCc2ccccc2)CC1,CCC(=O)N(c1ccccc1)C1CCN(CCc2ccccc2)CC1,opioid (ATC N02A)
HuskinDB,Fentanyl,CCC(=O)N(c1ccccc1)C1CCN(CC1)CCc1ccccc1,,-5.115,CCC(=O)N(c1ccccc1)C1CCN(CCc2ccccc2)CC1,CCC(=O)N(c1ccccc1)C1CCN(CCc2ccccc2)CC1,opioid (ATC N02A)
HuskinDB,Fentanyl,CCC(=O)N(c1ccccc1)C1CCN(CC1)CCc1ccccc1,,-5.013,CCC(=O)N(c1ccccc1)C1CCN(CCc2ccccc2)CC1,CCC(=O)N(c1ccccc1)C1CCN(CCc2ccccc2)CC1,opioid (ATC N02A)
HuskinDB,Fentanyl,CCC(=O)N(c1ccccc1)C1CCN(CC1)CCc1ccccc1,,-5.039,CCC(=O)N(c1ccccc1)C1CCN(CCc2ccccc2)CC1,CCC(=O)N(c1ccccc1)C1CCN(CCc2ccccc2)CC1,opioid (ATC N02A)
HuskinDB,Sufentanil,COCC1(CCN(CC1)CCc1cccs1)N(c1ccccc1)C(=O)CC,,-6.894,CCC(=O)N(c1ccccc1)C1(COC)CCN(CCc2cccs2)CC1,CCC(=O)N(c1ccccc1)C1(COC)CCN(CCc2cccs2)CC1,opioid (ATC N02A)
HuskinDB,Sufentanil,COCC1(CCN(CC1)CCc1cccs1)N(c1ccccc1)C(=O)CC,,-6.158,CCC(=O)N(c1ccccc1)C1(COC)CCN(CCc2cccs2)CC1,CCC(=O)N(c1ccccc1)C1(COC)CCN(CCc2cccs2)CC1,opioid (ATC N02A)
HuskinDB,Sufentanil,COCC1(CCN(CC1)CCc1cccs1)N(c1ccccc1)C(=O)CC,,-5.764,CCC(=O)N(c1ccccc1)C1(COC)CCN(CCc2cccs2)CC1,CCC(=O)N(c1ccccc1)C1(COC)CCN(CCc2cccs2)CC1,opioid (ATC N02A)
HuskinDB,Sufentanil,COCC1(CCN(CC1)CCc1cccs1)N(c1ccccc1)C(=O)CC,,-5.552,CCC(=O)N(c1ccccc1)C1(COC)CCN(CCc2cccs2)CC1,CCC(=O)N(c1ccccc1)C1(COC)CCN(CCc2cccs2)CC1,opioid (ATC N02A)
HuskinDB,Sufentanil,COCC1(CCN(CC1)CCc1cccs1)N(c1ccccc1)C(=O)CC,,-5.36,CCC(=O)N(c1ccccc1)C1(COC)CCN(CCc2cccs2)CC1,CCC(=O)N(c1ccccc1)C1(COC)CCN(CCc2cccs2)CC1,opioid (ATC N02A)
HuskinDB,Sufentanil,COCC1(CCN(CC1)CCc1cccs1)N(c1ccccc1)C(=O)CC,,-5.193,CCC(=O)N(c1ccccc1)C1(COC)CCN(CCc2cccs2)CC1,CCC(=O)N(c1ccccc1)C1(COC)CCN(CCc2cccs2)CC1,opioid (ATC N02A)
HuskinDB,Sufentanil,COCC1(CCN(CC1)CCc1cccs1)N(c1ccccc1)C(=O)CC,,-5.082,CCC(=O)N(c1ccccc1)C1(COC)CCN(CCc2cccs2)CC1,CCC(=O)N(c1ccccc1)C1(COC)CCN(CCc2cccs2)CC1,opioid (ATC N02A)
HuskinDB,Sufentanil,COCC1(CCN(CC1)CCc1cccs1)N(c1ccccc1)C(=O)CC,,-5.018,CCC(=O)N(c1ccccc1)C1(COC)CCN(CCc2cccs2)CC1,CCC(=O)N(c1ccccc1)C1(COC)CCN(CCc2cccs2)CC1,opioid (ATC N02A)
HuskinDB,Sufentanil,COCC1(CCN(CC1)CCc1cccs1)N(c1ccccc1)C(=O)CC,,-5.029,CCC(=O)N(c1ccccc1)C1(COC)CCN(CCc2cccs2)CC1,CCC(=O)N(c1ccccc1)C1(COC)CCN(CCc2cccs2)CC1,opioid (ATC N02A)
HuskinDB,Caffeine,Cn1cnc2c1c(=O)n(C)c(=O)n2C,,-7.145,Cn1c(=O)c2c(ncn2C)n(C)c1=O,Cn1c(=O)c2c(ncn2C)n(C)c1=O,
HuskinDB,Salicylic acid,OC(=O)c1ccccc1O,,-6.216,O=C(O)c1ccccc1O,O=C(O)c1ccccc1O,"NSAID / non-opioid (ATC M01A, N02B)"
HuskinDB,Hydrocortisone,OCC(=O)[C@@]1(O)CC[C@@H]2[C@]1(C)C[C@H](O)[C@H]1[C@H]2CCC2=CC(=O)CC[C@]12C,,-9.195,C[C@]12CCC(=O)C=C1CC[C@@H]1[C@@H]2[C@@H](O)C[C@@]2(C)[C@H]1CC[C@]2(O)C(=O)CO,C[C@]12CCC(=O)C=C1CC[C@@H]1[C@@H]2[C@@H](O)C[C@@]2(C)[C@H]1CC[C@]2(O)C(=O)CO,
HuskinDB,Clotrimazole,Clc1ccccc1C(n1cncc1)(c1ccccc1)c1ccccc1,,-9.255,Clc1ccccc1C(c1ccccc1)(c1ccccc1)n1ccnc1,Clc1ccccc1C(c1ccccc1)(c1ccccc1)n1ccnc1,
HuskinDB,Terbinafine,CN(Cc1cccc2c1cccc2)CC=CC#CC(C)(C)C,,-9.556,CN(CC=CC#CC(C)(C)C)Cc1cccc2ccccc12,CN(CC=CC#CC(C)(C)C)Cc1cccc2ccccc12,
HuskinDB,Triclosan,Clc1ccc(c(c1)O)Oc1ccc(cc1Cl)Cl,,-7.269,Oc1cc(Cl)ccc1Oc1ccc(Cl)cc1Cl,Oc1cc(Cl)ccc1Oc1ccc(Cl)cc1Cl,
HuskinDB,Estradiol,Oc1ccc2c(c1)CC[C@@H]1[C@@H]2CC[C@]2([C@H]1CC[C@@H]2O)C,,-6.556,C[C@]12CC[C@@H]3c4ccc(O)cc4CC[C@H]3[C@@H]1CC[C@@H]2O,C[C@]12CC[C@@H]3c4ccc(O)cc4CC[C@H]3[C@@H]1CC[C@@H]2O,
HuskinDB,Estradiol,Oc1ccc2c(c1)CC[C@@H]1[C@@H]2CC[C@]2([C@H]1CC[C@@H]2O)C,,-5.556,C[C@]12CC[C@@H]3c4ccc(O)cc4CC[C@H]3[C@@H]1CC[C@@H]2O,C[C@]12CC[C@@H]3c4ccc(O)cc4CC[C@H]3[C@@H]1CC[C@@H]2O,
HuskinDB,Lindane,ClC1C(Cl)C(Cl)C(C(C1Cl)Cl)Cl,,-8.784,ClC1C(Cl)C(Cl)C(Cl)C(Cl)C1Cl,ClC1C(Cl)C(Cl)C(Cl)C(Cl)C1Cl,
HuskinDB,Lindane,ClC1C(Cl)C(Cl)C(C(C1Cl)Cl)Cl,,-6.691,ClC1C(Cl)C(Cl)C(Cl)C(Cl)C1Cl,ClC1C(Cl)C(Cl)C(Cl)C(Cl)C1Cl,
HuskinDB,Lindane,ClC1C(Cl)C(Cl)C(C(C1Cl)Cl)Cl,,-7.109,ClC1C(Cl)C(Cl)C(Cl)C(Cl)C1Cl,ClC1C(Cl)C(Cl)C(Cl)C(Cl)C1Cl,
HuskinDB,Lindane,ClC1C(Cl)C(Cl)C(C(C1Cl)Cl)Cl,,-7.887,ClC1C(Cl)C(Cl)C(Cl)C(Cl)C1Cl,ClC1C(Cl)C(Cl)C(Cl)C(Cl)C1Cl,
HuskinDB,2-Methoxyethanol,COCCO,,-6.095,COCCO,COCCO,
HuskinDB,2-Ethoxyethanol,OCCOCC,,-6.631,CCOCCO,CCOCCO,
HuskinDB,2-Ethoxyethyl acetate,CCOCCOC(=O)C,,-6.649,CCOCCOC(C)=O,CCOCCOC(C)=O,
HuskinDB,2-Butoxyethanol,CCCCOCCO,,-7.226,CCCCOCCO,CCCCOCCO,
HuskinDB,1-Methoxy-2-Propanol,COCC(O)C,,-6.459,COCC(C)O,COCC(C)O,
HuskinDB,2-(2-Methoxyethoxy)ethanol,COCCOCCO,,-7.242,COCCOCCO,COCCOCCO,
HuskinDB,2-(2-Ethoxyethoxy)ethanol,OCCOCCOCC,,-7.436,CCOCCOCCO,CCOCCOCCO,
HuskinDB,Diethylene glycol monobutyl ether,CCCCOCCOCCO,,-8.004,CCCCOCCOCCO,CCCCOCCOCCO,
HuskinDB,Water,O,,-6.751,O,O,
HuskinDB,Ethanol,CCO,,-7.055,CCO,CCO,
HuskinDB,Mannitol,OC[C@H]([C@H]([C@@H]([C@@H](CO)O)O)O)O,,-7.771,OC[C@@H](O)[C@@H](O)[C@H](O)[C@H](O)CO,OC[C@@H](O)[C@@H](O)[C@H](O)[C@H](O)CO,
HuskinDB,Paraquat,C[n+]1ccc(cc1)c1cc[n+](cc1)C,,-8.617,C[n+]1ccc(-c2cc[n+](C)cc2)cc1,C[n+]1ccc(-c2cc[n+](C)cc2)cc1,
HuskinDB,Hydroquinone,Oc1ccc(cc1)O,,-8.586,Oc1ccc(O)cc1,Oc1ccc(O)cc1,
HuskinDB,Water,O,,-6.588,O,O,
HuskinDB,n-Nitrosodiethanolamine,OCCN(N=O)CCO,,-5.944,O=NN(CCO)CCO,O=NN(CCO)CCO,
HuskinDB,Nicorandil,[O-][N+](=O)OCCNC(=O)c1cccnc1,,-7.131,O=C(NCCO[N+](=O)[O-])c1cccnc1,O=C(NCCO[N+](=O)[O-])c1cccnc1,
HuskinDB,Methanol,CO,,-6.352,CO,CO,
HuskinDB,1-Octanol,CCCCCCCCO,,-4.771,CCCCCCCCO,CCCCCCCCO,
HuskinDB,Caffeine,Cn1cnc2c1c(=O)n(C)c(=O)n2C,,-6.352,Cn1c(=O)c2c(ncn2C)n(C)c1=O,Cn1c(=O)c2c(ncn2C)n(C)c1=O,
HuskinDB,Methotrexate,OC(=O)CC[C@@H](C(=O)O)NC(=O)c1ccc(cc1)N(Cc1cnc2c(n1)c(N)nc(n2)N)C,,-7.007,CN(Cc1cnc2nc(N)nc(N)c2n1)c1ccc(C(=O)N[C@@H](CCC(=O)O)C(=O)O)cc1,CN(Cc1cnc2nc(N)nc(N)c2n1)c1ccc(C(=O)N[C@@H](CCC(=O)O)C(=O)O)cc1,
HuskinDB,Methotrexate,OC(=O)CC[C@@H](C(=O)O)NC(=O)c1ccc(cc1)N(Cc1cnc2c(n1)c(N)nc(n2)N)C,,-7.503,CN(Cc1cnc2nc(N)nc(N)c2n1)c1ccc(C(=O)N[C@@H](CCC(=O)O)C(=O)O)cc1,CN(Cc1cnc2nc(N)nc(N)c2n1)c1ccc(C(=O)N[C@@H](CCC(=O)O)C(=O)O)cc1,
HuskinDB,Methotrexate,OC(=O)CC[C@@H](C(=O)O)NC(=O)c1ccc(cc1)N(Cc1cnc2c(n1)c(N)nc(n2)N)C,,-7.209,CN(Cc1cnc2nc(N)nc(N)c2n1)c1ccc(C(=O)N[C@@H](CCC(=O)O)C(=O)O)cc1,CN(Cc1cnc2nc(N)nc(N)c2n1)c1ccc(C(=O)N[C@@H](CCC(=O)O)C(=O)O)cc1,
HuskinDB,Methotrexate,OC(=O)CC[C@@H](C(=O)O)NC(=O)c1ccc(cc1)N(Cc1cnc2c(n1)c(N)nc(n2)N)C,,-6.613,CN(Cc1cnc2nc(N)nc(N)c2n1)c1ccc(C(=O)N[C@@H](CCC(=O)O)C(=O)O)cc1,CN(Cc1cnc2nc(N)nc(N)c2n1)c1ccc(C(=O)N[C@@H](CCC(=O)O)C(=O)O)cc1,
HuskinDB,Methotrexate,OC(=O)CC[C@@H](C(=O)O)NC(=O)c1ccc(cc1)N(Cc1cnc2c(n1)c(N)nc(n2)N)C,,-6.807,CN(Cc1cnc2nc(N)nc(N)c2n1)c1ccc(C(=O)N[C@@H](CCC(=O)O)C(=O)O)cc1,CN(Cc1cnc2nc(N)nc(N)c2n1)c1ccc(C(=O)N[C@@H](CCC(=O)O)C(=O)O)cc1,
HuskinDB,Methotrexate,OC(=O)CC[C@@H](C(=O)O)NC(=O)c1ccc(cc1)N(Cc1cnc2c(n1)c(N)nc(n2)N)C,,-6.503,CN(Cc1cnc2nc(N)nc(N)c2n1)c1ccc(C(=O)N[C@@H](CCC(=O)O)C(=O)O)cc1,CN(Cc1cnc2nc(N)nc(N)c2n1)c1ccc(C(=O)N[C@@H](CCC(=O)O)C(=O)O)cc1,
HuskinDB,Methotrexate,OC(=O)CC[C@@H](C(=O)O)NC(=O)c1ccc(cc1)N(Cc1cnc2c(n1)c(N)nc(n2)N)C,,-6.84,CN(Cc1cnc2nc(N)nc(N)c2n1)c1ccc(C(=O)N[C@@H](CCC(=O)O)C(=O)O)cc1,CN(Cc1cnc2nc(N)nc(N)c2n1)c1ccc(C(=O)N[C@@H](CCC(=O)O)C(=O)O)cc1,
HuskinDB,2-Phenylphenol,Oc1ccccc1c1ccccc1,,-6.355,Oc1ccccc1-c1ccccc1,Oc1ccccc1-c1ccccc1,
HuskinDB,2-Phenylphenol,Oc1ccccc1c1ccccc1,,-5.294,Oc1ccccc1-c1ccccc1,Oc1ccccc1-c1ccccc1,
HuskinDB,Dimethyl Phthalate,COC(=O)c1ccccc1C(=O)OC,,-8.035,COC(=O)c1ccccc1C(=O)OC,COC(=O)c1ccccc1C(=O)OC,
HuskinDB,Diethyl Phthalate,CCOC(=O)c1ccccc1C(=O)OCC,,-8.499,CCOC(=O)c1ccccc1C(=O)OCC,CCOC(=O)c1ccccc1C(=O)OCC,
HuskinDB,Dibutyl Phthalate,CCCCOC(=O)c1ccccc1C(=O)OCCCC,,-9.195,CCCCOC(=O)c1ccccc1C(=O)OCCCC,CCCCOC(=O)c1ccccc1C(=O)OCCCC,
HuskinDB,Bis(2-ethylhexyl)phthalate,CCCCC(COC(=O)c1ccccc1C(=O)OCC(CCCC)CC)CC,,-8.8,CCCCC(CC)COC(=O)c1ccccc1C(=O)OCC(CC)CCCC,CCCCC(CC)COC(=O)c1ccccc1C(=O)OCC(CC)CCCC,
HuskinDB,Etorphine,CCCC(C1CC23C=CC1(OC)C1C43CCN(C2Cc2c4c(O1)c(O)cc2)C)(O)C,,-6.0,CCCC(C)(O)C1CC23C=CC1(OC)C1Oc4c(O)ccc5c4C12CCN(C)C3C5,CCCC(C)(O)C1CC23C=CC1(OC)C1Oc4c(O)ccc5c4C12CCN(C)C3C5,opioid (ATC N02A)
HuskinDB,"N,N-Diethyl-m-toluamide",CCN(C(=O)c1cccc(c1)C)CC,,-6.792,CCN(CC)C(=O)c1cccc(C)c1,CCN(CC)C(=O)c1cccc(C)c1,
HuskinDB,"N,N-Diethyl-m-toluamide",CCN(C(=O)c1cccc(c1)C)CC,,-6.78,CCN(CC)C(=O)c1cccc(C)c1,CCN(CC)C(=O)c1cccc(C)c1,
HuskinDB,"N,N-Diethyl-m-toluamide",CCN(C(=O)c1cccc(c1)C)CC,,-7.392,CCN(CC)C(=O)c1cccc(C)c1,CCN(CC)C(=O)c1cccc(C)c1,
HuskinDB,"N,N-Diethyl-m-toluamide",CCN(C(=O)c1cccc(c1)C)CC,,-7.561,CCN(CC)C(=O)c1cccc(C)c1,CCN(CC)C(=O)c1cccc(C)c1,
HuskinDB,"N,N-Diethyl-m-toluamide",CCN(C(=O)c1cccc(c1)C)CC,,-7.477,CCN(CC)C(=O)c1cccc(C)c1,CCN(CC)C(=O)c1cccc(C)c1,
HuskinDB,"N,N-Diethyl-m-toluamide",CCN(C(=O)c1cccc(c1)C)CC,,-7.535,CCN(CC)C(=O)c1cccc(C)c1,CCN(CC)C(=O)c1cccc(C)c1,
HuskinDB,"N,N-Diethyl-m-toluamide",CCN(C(=O)c1cccc(c1)C)CC,,-7.699,CCN(CC)C(=O)c1cccc(C)c1,CCN(CC)C(=O)c1cccc(C)c1,
HuskinDB,"N,N-Diethyl-m-toluamide",CCN(C(=O)c1cccc(c1)C)CC,,-7.474,CCN(CC)C(=O)c1cccc(C)c1,CCN(CC)C(=O)c1cccc(C)c1,
HuskinDB,"N,N-Diethyl-m-toluamide",CCN(C(=O)c1cccc(c1)C)CC,,-6.446,CCN(CC)C(=O)c1cccc(C)c1,CCN(CC)C(=O)c1cccc(C)c1,
HuskinDB,"N,N-Diethyl-m-toluamide",CCN(C(=O)c1cccc(c1)C)CC,,-6.954,CCN(CC)C(=O)c1cccc(C)c1,CCN(CC)C(=O)c1cccc(C)c1,
HuskinDB,"N,N-Diethyl-m-toluamide",CCN(C(=O)c1cccc(c1)C)CC,,-7.158,CCN(CC)C(=O)c1cccc(C)c1,CCN(CC)C(=O)c1cccc(C)c1,
HuskinDB,"N,N-Diethyl-m-toluamide",CCN(C(=O)c1cccc(c1)C)CC,,-8.352,CCN(CC)C(=O)c1cccc(C)c1,CCN(CC)C(=O)c1cccc(C)c1,
HuskinDB,Caffeine,Cn1cnc2c1c(=O)n(C)c(=O)n2C,,-6.541,Cn1c(=O)c2c(ncn2C)n(C)c1=O,Cn1c(=O)c2c(ncn2C)n(C)c1=O,
HuskinDB,Caffeine,Cn1cnc2c1c(=O)n(C)c(=O)n2C,,-6.915,Cn1c(=O)c2c(ncn2C)n(C)c1=O,Cn1c(=O)c2c(ncn2C)n(C)c1=O,
HuskinDB,Testosterone,O=C1CC[C@]2(C(=C1)CC[C@@H]1[C@@H]2CC[C@]2([C@H]1CC[C@@H]2O)C)C,,-6.898,C[C@]12CC[C@H]3[C@@H](CCC4=CC(=O)CC[C@@]43C)[C@@H]1CC[C@@H]2O,C[C@]12CC[C@H]3[C@@H](CCC4=CC(=O)CC[C@@]43C)[C@@H]1CC[C@@H]2O,
HuskinDB,Testosterone,O=C1CC[C@]2(C(=C1)CC[C@@H]1[C@@H]2CC[C@]2([C@H]1CC[C@@H]2O)C)C,,-7.903,C[C@]12CC[C@H]3[C@@H](CCC4=CC(=O)CC[C@@]43C)[C@@H]1CC[C@@H]2O,C[C@]12CC[C@H]3[C@@H](CCC4=CC(=O)CC[C@@]43C)[C@@H]1CC[C@@H]2O,
HuskinDB,Butoxyethanol,CCCCOC(O)C,,-5.982,CCCCOC(C)O,CCCCOC(C)O,
HuskinDB,Butoxyethanol,CCCCOC(O)C,,-6.364,CCCCOC(C)O,CCCCOC(C)O,
HuskinDB,Propoxur,CNC(=O)Oc1ccccc1OC(C)C,,-6.324,CNC(=O)Oc1ccccc1OC(C)C,CNC(=O)Oc1ccccc1OC(C)C,
HuskinDB,Propoxur,CNC(=O)Oc1ccccc1OC(C)C,,-5.878,CNC(=O)Oc1ccccc1OC(C)C,CNC(=O)Oc1ccccc1OC(C)C,
HuskinDB,Propoxur,CNC(=O)Oc1ccccc1OC(C)C,,-5.797,CNC(=O)Oc1ccccc1OC(C)C,CNC(=O)Oc1ccccc1OC(C)C,
HuskinDB,Propoxur,CNC(=O)Oc1ccccc1OC(C)C,,-5.912,CNC(=O)Oc1ccccc1OC(C)C,CNC(=O)Oc1ccccc1OC(C)C,
HuskinDB,"4,4'-Methylenedianiline",Nc1ccc(cc1)Cc1ccc(cc1)N,,-6.219,Nc1ccc(Cc2ccc(N)cc2)cc1,Nc1ccc(Cc2ccc(N)cc2)cc1,
HuskinDB,2-Ethoxyethanol,OCCOCC,,-5.647,CCOCCO,CCOCCO,
HuskinDB,2-Ethoxyethanol,OCCOCC,,-5.63,CCOCCO,CCOCCO,
HuskinDB,2-Ethoxyethanol,OCCOCC,,-5.545,CCOCCO,CCOCCO,
HuskinDB,Propranolol-HCl,OC(COc1cccc2c1cccc2)CNC(C)C.Cl,,-4.705,CC(C)NCC(O)COc1cccc2ccccc12.Cl,CC(C)NCC(O)COc1cccc2ccccc12.Cl,
HuskinDB,Prazosin hydrochloride,COc1cc2nc(nc(c2cc1OC)N)N1CCN(CC1)C(=O)c1ccco1.Cl,,-5.711,COc1cc2nc(N3CCN(C(=O)c4ccco4)CC3)nc(N)c2cc1OC.Cl,COc1cc2nc(N3CCN(C(=O)c4ccco4)CC3)nc(N)c2cc1OC.Cl,
HuskinDB,Minoxidil,Nc1cc(nc(=N)n1O)N1CCCCC1,,-5.477,N=c1nc(N2CCCCC2)cc(N)n1O,N=c1nc(N2CCCCC2)cc(N)n1O,
HuskinDB,Atenolol,OC(COc1ccc(cc1)CC(=O)N)CNC(C)C,,-4.764,CC(C)NCC(O)COc1ccc(CC(N)=O)cc1,CC(C)NCC(O)COc1ccc(CC(N)=O)cc1,
SkinPiX,"2,4-Dinitrochlorobenzene",C1=CC(=C(C=C1[N+](=O)[O-])[N+](=O)[O-])Cl,97-00-7,-5.102,O=[N+]([O-])c1ccc(Cl)c([N+](=O)[O-])c1,O=[N+]([O-])c1ccc(Cl)c([N+](=O)[O-])c1,
SkinPiX,"2,4-Dinitrochlorobenzene",C1=CC(=C(C=C1[N+](=O)[O-])[N+](=O)[O-])Cl,97-00-7,-5.056,O=[N+]([O-])c1ccc(Cl)c([N+](=O)[O-])c1,O=[N+]([O-])c1ccc(Cl)c([N+](=O)[O-])c1,
SkinPiX,"2,5-Diaminotoluene",CC1=C(C=CC(=C1)N)N,95-70-5,-6.038,Cc1cc(N)ccc1N,Cc1cc(N)ccc1N,
SkinPiX,"2,5-Diaminotoluene",CC1=C(C=CC(=C1)N)N,95-70-5,-6.125,Cc1cc(N)ccc1N,Cc1cc(N)ccc1N,
SkinPiX,2-(Acetylamino)fluorene,CC(=O)NC1=CC2=C(C=C1)C3=CC=CC=C3C2,53-96-3,-4.726,CC(=O)Nc1ccc2c(c1)Cc1ccccc1-2,CC(=O)Nc1ccc2c(c1)Cc1ccccc1-2,
SkinPiX,2-(Acetylamino)fluorene,CC(=O)NC1=CC2=C(C=C1)C3=CC=CC=C3C2,53-96-3,-4.664,CC(=O)Nc1ccc2c(c1)Cc1ccccc1-2,CC(=O)Nc1ccc2c(c1)Cc1ccccc1-2,
SkinPiX,2-Ethylhexyl acrylate,CCCCC(CC)COC(=O)C=C,103-11-7,-5.072,C=CC(=O)OCC(CC)CCCC,C=CC(=O)OCC(CC)CCCC,
SkinPiX,2-Ethylhexyl acrylate,CCCCC(CC)COC(=O)C=C,103-11-7,-5.381,C=CC(=O)OCC(CC)CCCC,C=CC(=O)OCC(CC)CCCC,
SkinPiX,2-Nitro-p-phenylenediamine,C1=CC(=C(C=C1N)[N+](=O)[O-])N,5307-14-2,-5.659,Nc1ccc(N)c([N+](=O)[O-])c1,Nc1ccc(N)c([N+](=O)[O-])c1,
SkinPiX,2-Nitro-p-phenylenediamine,C1=CC(=C(C=C1N)[N+](=O)[O-])N,5307-14-2,-5.829,Nc1ccc(N)c([N+](=O)[O-])c1,Nc1ccc(N)c([N+](=O)[O-])c1,
SkinPiX,"3-Methyl-3H-imidazo[4,5-f]quinolin-2-amine",CN1C2=C(C3=C(C=C2)N=CC=C3)N=C1N,76180-96-6,-6.016,Cn1c(N)nc2c3cccnc3ccc21,Cn1c(N)nc2c3cccnc3ccc21,
SkinPiX,"3-Methyl-3H-imidazo[4,5-f]quinolin-2-amine",CN1C2=C(C3=C(C=C2)N=CC=C3)N=C1N,76180-96-6,-5.987,Cn1c(N)nc2c3cccnc3ccc21,Cn1c(N)nc2c3cccnc3ccc21,
SkinPiX,4-Amino-3-nitrophenol,C1=CC(=C(C=C1O)[N+](=O)[O-])N,610-81-1,-5.693,Nc1ccc(O)cc1[N+](=O)[O-],Nc1ccc(O)cc1[N+](=O)[O-],
SkinPiX,4-Amino-3-nitrophenol,C1=CC(=C(C=C1O)[N+](=O)[O-])N,610-81-1,-5.823,Nc1ccc(O)cc1[N+](=O)[O-],Nc1ccc(O)cc1[N+](=O)[O-],
SkinPiX,4-Bromophenyl isocyanate,C1=CC(=CC=C1N=C=O)Br,2493-02-9,-5.601,O=C=Nc1ccc(Br)cc1,O=C=Nc1ccc(Br)cc1,
SkinPiX,4-Bromophenyl isocyanate,C1=CC(=CC=C1N=C=O)Br,2493-02-9,-5.308,O=C=Nc1ccc(Br)cc1,O=C=Nc1ccc(Br)cc1,
SkinPiX,4-Chlorobutyric acid,C(CC(=O)O)CCl,627-00-9,-5.527,O=C(O)CCCCl,O=C(O)CCCCl,
SkinPiX,4-Chlorobutyric acid,C(CC(=O)O)CCl,627-00-9,-5.509,O=C(O)CCCCl,O=C(O)CCCCl,
SkinPiX,4-Methylvaleric acid,CC(C)CCC(=O)O,646-07-1,-6.136,CC(C)CCC(=O)O,CC(C)CCC(=O)O,
SkinPiX,4-Methylvaleric acid,CC(C)CCC(=O)O,646-07-1,-6.358,CC(C)CCC(=O)O,CC(C)CCC(=O)O,
SkinPiX,4-Nitro-o-phenylenediamine,C1=CC(=C(C=C1[N+](=O)[O-])N)N,99-56-9,-5.718,Nc1ccc([N+](=O)[O-])cc1N,Nc1ccc([N+](=O)[O-])cc1N,
SkinPiX,4-Nitro-o-phenylenediamine,C1=CC(=C(C=C1[N+](=O)[O-])N)N,99-56-9,-5.684,Nc1ccc([N+](=O)[O-])cc1N,Nc1ccc([N+](=O)[O-])cc1N,
SkinPiX,6-Methylcoumarin,CC1=CC2=C(C=C1)OC(=O)C=C2,92-48-8,-4.85,Cc1ccc2oc(=O)ccc2c1,Cc1ccc2oc(=O)ccc2c1,
SkinPiX,6-Methylcoumarin,CC1=CC2=C(C=C1)OC(=O)C=C2,92-48-8,-4.888,Cc1ccc2oc(=O)ccc2c1,Cc1ccc2oc(=O)ccc2c1,
SkinPiX,7-Ethoxycoumarin,CCOC1=CC2=C(C=C1)C=CC(=O)O2,31005-02-4,-4.065,CCOc1ccc2ccc(=O)oc2c1,CCOc1ccc2ccc(=O)oc2c1,
SkinPiX,7-Ethoxycoumarin,CCOC1=CC2=C(C=C1)C=CC(=O)O2,31005-02-4,-4.475,CCOc1ccc2ccc(=O)oc2c1,CCOc1ccc2ccc(=O)oc2c1,
SkinPiX,AAPV,N[C@@]([H])(C)C(=O)N[C@@]([H])(C)C(=O)N1[C@@]([H])(CCC1)C(=O)N[C@@]([H])(C(C)C)C(=O)O,nan,-7.38,CC(C)[C@H](NC(=O)[C@@H]1CCCN1C(=O)[C@H](C)NC(=O)[C@H](C)N)C(=O)O,CC(C)[C@H](NC(=O)[C@@H]1CCCN1C(=O)[C@H](C)NC(=O)[C@H](C)N)C(=O)O,
SkinPiX,Acetophenone,CC(=O)C1=CC=CC=C1,98-86-2,-5.133,CC(=O)c1ccccc1,CC(=O)c1ccccc1,
SkinPiX,Acetophenone,CC(=O)C1=CC=CC=C1,98-86-2,-5.116,CC(=O)c1ccccc1,CC(=O)c1ccccc1,
SkinPiX,Aflatoxin B1,COC1=C2C3=C(C(=O)CC3)C(=O)OC2=C4[C@@H]5C=CO[C@@H]5OC4=C1,1162-65-8,-7.231,COc1cc2c(c3oc(=O)c4c(c13)CCC4=O)[C@@H]1C=CO[C@@H]1O2,COc1cc2c(c3oc(=O)c4c(c13)CCC4=O)[C@@H]1C=CO[C@@H]1O2,
SkinPiX,Aflatoxin B1,COC1=C2C3=C(C(=O)CC3)C(=O)OC2=C4[C@@H]5C=CO[C@@H]5OC4=C1,1162-65-8,-7.232,COc1cc2c(c3oc(=O)c4c(c13)CCC4=O)[C@@H]1C=CO[C@@H]1O2,COc1cc2c(c3oc(=O)c4c(c13)CCC4=O)[C@@H]1C=CO[C@@H]1O2,
SkinPiX,Aminopyrine,CC1=C(C(=O)N(N1C)C2=CC=CC=C2)N(C)C,58-15-1,-6.481,Cc1c(N(C)C)c(=O)n(-c2ccccc2)n1C,Cc1c(N(C)C)c(=O)n(-c2ccccc2)n1C,"NSAID / non-opioid (ATC M01A, N02B)"
SkinPiX,Basic Red 76 (chloride salt),C[N+](C)(C)C1=CC2=C(C=C1)C=CC(=C2N=NC3=CC=CC=C3OC)O.[Cl-],68391-30-0,-6.61,COc1ccccc1N=Nc1c(O)ccc2ccc([N+](C)(C)C)cc12.[Cl-],COc1ccccc1N=Nc1c(O)ccc2ccc([N+](C)(C)C)cc12.[Cl-],
SkinPiX,Basic Red 76 (chloride salt),C[N+](C)(C)C1=CC2=C(C=C1)C=CC(=C2N=NC3=CC=CC=C3OC)O.[Cl-],68391-30-0,-6.328,COc1ccccc1N=Nc1c(O)ccc2ccc([N+](C)(C)C)cc12.[Cl-],COc1ccccc1N=Nc1c(O)ccc2ccc([N+](C)(C)C)cc12.[Cl-],
SkinPiX,Benzene,C1=CC=CC=C1,71-43-2,-3.745,c1ccccc1,c1ccccc1,
SkinPiX,Benzoic acid,C1=CC=C(C=C1)C(=O)O,65-85-0,-6.038,O=C(O)c1ccccc1,O=C(O)c1ccccc1,
SkinPiX,Benzoic acid,C1=CC=C(C=C1)C(=O)O,65-85-0,-5.933,O=C(O)c1ccccc1,O=C(O)c1ccccc1,
SkinPiX,Benzoic acid,C1=CC=C(C=C1)C(=O)O,65-85-0,-5.023,O=C(O)c1ccccc1,O=C(O)c1ccccc1,
SkinPiX,Benzoic acid,C1=CC=C(C=C1)C(=O)O,65-85-0,-4.981,O=C(O)c1ccccc1,O=C(O)c1ccccc1,
SkinPiX,Benzophenone,C1=CC=C(C=C1)C(=O)C2=CC=CC=C2,119-61-9,-3.3,O=C(c1ccccc1)c1ccccc1,O=C(c1ccccc1)c1ccccc1,
SkinPiX,Benzophenone,C1=CC=C(C=C1)C(=O)C2=CC=CC=C2,119-61-9,-3.569,O=C(c1ccccc1)c1ccccc1,O=C(c1ccccc1)c1ccccc1,
SkinPiX,Benzyl bromide,C1=CC=C(C=C1)CBr,100-39-0,-5.222,BrCc1ccccc1,BrCc1ccccc1,
SkinPiX,Benzyl bromide,C1=CC=C(C=C1)CBr,100-39-0,-5.448,BrCc1ccccc1,BrCc1ccccc1,
SkinPiX,Benzylideneacetone,CC(=O)/C=C/C1=CC=CC=C1,122-57-6,-4.894,CC(=O)/C=C/c1ccccc1,CC(=O)/C=C/c1ccccc1,
SkinPiX,Benzylideneacetone,CC(=O)/C=C/C1=CC=CC=C1,122-57-6,-4.675,CC(=O)/C=C/c1ccccc1,CC(=O)/C=C/c1ccccc1,
SkinPiX,Bisphenol A,CC(C)(C1=CC=C(C=C1)O)C2=CC=C(C=C2)O,80-05-7,-7.588,CC(C)(c1ccc(O)cc1)c1ccc(O)cc1,CC(C)(c1ccc(O)cc1)c1ccc(O)cc1,
SkinPiX,Bisphenol A,CC(C)(C1=CC=C(C=C1)O)C2=CC=C(C=C2)O,80-05-7,-7.889,CC(C)(c1ccc(O)cc1)c1ccc(O)cc1,CC(C)(c1ccc(O)cc1)c1ccc(O)cc1,
SkinPiX,Bisphenol S,C1=CC(=CC=C1O)S(=O)(=O)C2=CC=C(C=C2)O,80-09-1,-9.745,O=S(=O)(c1ccc(O)cc1)c1ccc(O)cc1,O=S(=O)(c1ccc(O)cc1)c1ccc(O)cc1,
SkinPiX,Bisphenol S,C1=CC(=CC=C1O)S(=O)(=O)C2=CC=C(C=C2)O,80-09-1,-9.141,O=S(=O)(c1ccc(O)cc1)c1ccc(O)cc1,O=S(=O)(c1ccc(O)cc1)c1ccc(O)cc1,
SkinPiX,Bisphenol S,C1=CC(=CC=C1O)S(=O)(=O)C2=CC=C(C=C2)O,80-09-1,-8.131,O=S(=O)(c1ccc(O)cc1)c1ccc(O)cc1,O=S(=O)(c1ccc(O)cc1)c1ccc(O)cc1,
SkinPiX,C6(D)-Laa-AAPV,[H][C@@](C)(NC(=O)[C@]([H])(C)N(C)C(=O)[C@H](N)CCCCCC)C(=O)N1CCC[C@@]1([H])C(=O)N[C@@]([H])(C(C)C)C(O)=O,nan,-6.675,CCCCCC[C@@H](N)C(=O)N(C)[C@@H](C)C(=O)N[C@@H](C)C(=O)N1CCC[C@H]1C(=O)N[C@H](C(=O)O)C(C)C,CCCCCC[C@@H](N)C(=O)N(C)[C@@H](C)C(=O)N[C@@H](C)C(=O)N1CCC[C@H]1C(=O)N[C@H](C(=O)O)C(C)C,
SkinPiX,C6(L)-Laa-AAPV,[H][C@@](C)(NC(=O)[C@]([H])(C)N(C)C(=O)[C@@H](N)CCCCCC)C(=O)N1CCC[C@@]1([H])C(=O)N[C@@]([H])(C(C)C)C(O)=O,nan,-7.352,CCCCCC[C@H](N)C(=O)N(C)[C@@H](C)C(=O)N[C@@H](C)C(=O)N1CCC[C@H]1C(=O)N[C@H](C(=O)O)C(C)C,CCCCCC[C@H](N)C(=O)N(C)[C@@H](C)C(=O)N[C@@H](C)C(=O)N1CCC[C@H]1C(=O)N[C@H](C(=O)O)C(C)C,
SkinPiX,C8(D)-Laa-AAPV,[H][C@@](C)(NC(=O)[C@]([H])(C)N(C)C(=O)[C@H](N)CCCCCCCC)C(=O)N1CCC[C@@]1([H])C(=O)N[C@@]([H])(C(C)C)C(O)=O,nan,-5.278,CCCCCCCC[C@@H](N)C(=O)N(C)[C@@H](C)C(=O)N[C@@H](C)C(=O)N1CCC[C@H]1C(=O)N[C@H](C(=O)O)C(C)C,CCCCCCCC[C@@H](N)C(=O)N(C)[C@@H](C)C(=O)N[C@@H](C)C(=O)N1CCC[C@H]1C(=O)N[C@H](C(=O)O)C(C)C,
SkinPiX,"C8(D,L)-Laa-AAPV",[H][C@@](C)(NC(=O)[C@]([H])(C)N(C)C(=O)C(N)CCCCCCCC)C(=O)N1CCC[C@@]1([H])C(=O)N[C@@]([H])(C(C)C)C(O)=O,nan,-6.038,CCCCCCCCC(N)C(=O)N(C)[C@@H](C)C(=O)N[C@@H](C)C(=O)N1CCC[C@H]1C(=O)N[C@H](C(=O)O)C(C)C,CCCCCCCCC(N)C(=O)N(C)[C@@H](C)C(=O)N[C@@H](C)C(=O)N1CCC[C@H]1C(=O)N[C@H](C(=O)O)C(C)C,
SkinPiX,C8(L)-Laa-AAPV,[H][C@@](C)(NC(=O)[C@]([H])(C)N(C)C(=O)[C@@H](N)CCCCCCCC)C(=O)N1CCC[C@@]1([H])C(=O)N[C@@]([H])(C(C)C)C(O)=O,nan,-6.903,CCCCCCCC[C@H](N)C(=O)N(C)[C@@H](C)C(=O)N[C@@H](C)C(=O)N1CCC[C@H]1C(=O)N[C@H](C(=O)O)C(C)C,CCCCCCCC[C@H](N)C(=O)N(C)[C@@H](C)C(=O)N[C@@H](C)C(=O)N1CCC[C@H]1C(=O)N[C@H](C(=O)O)C(C)C,
SkinPiX,"C10(D,L)-Laa-AAPV",[H][C@@](C)(NC(=O)[C@]([H])(C)N(C)C(=O)C(N)CCCCCCCCCC)C(=O)N1CCC[C@@]1([H])C(=O)N[C@@]([H])(C(C)C)C(O)=O,nan,-6.094,CCCCCCCCCCC(N)C(=O)N(C)[C@@H](C)C(=O)N[C@@H](C)C(=O)N1CCC[C@H]1C(=O)N[C@H](C(=O)O)C(C)C,CCCCCCCCCCC(N)C(=O)N(C)[C@@H](C)C(=O)N[C@@H](C)C(=O)N1CCC[C@H]1C(=O)N[C@H](C(=O)O)C(C)C,
SkinPiX,Caffeine,CN1C=NC2=C1C(=O)N(C(=O)N2C)C,58-08-2,-7.232,Cn1c(=O)c2c(ncn2C)n(C)c1=O,Cn1c(=O)c2c(ncn2C)n(C)c1=O,
SkinPiX,Caffeine,CN1C=NC2=C1C(=O)N(C(=O)N2C)C,58-08-2,-7.372,Cn1c(=O)c2c(ncn2C)n(C)c1=O,Cn1c(=O)c2c(ncn2C)n(C)c1=O,
SkinPiX,Caffeine,CN1C=NC2=C1C(=O)N(C(=O)N2C)C,58-08-2,-7.246,Cn1c(=O)c2c(ncn2C)n(C)c1=O,Cn1c(=O)c2c(ncn2C)n(C)c1=O,
SkinPiX,Caffeine,CN1C=NC2=C1C(=O)N(C(=O)N2C)C,58-08-2,-6.745,Cn1c(=O)c2c(ncn2C)n(C)c1=O,Cn1c(=O)c2c(ncn2C)n(C)c1=O,
SkinPiX,Caffeine,CN1C=NC2=C1C(=O)N(C(=O)N2C)C,58-08-2,-4.298,Cn1c(=O)c2c(ncn2C)n(C)c1=O,Cn1c(=O)c2c(ncn2C)n(C)c1=O,
SkinPiX,Caffeine,CN1C=NC2=C1C(=O)N(C(=O)N2C)C,58-08-2,-6.163,Cn1c(=O)c2c(ncn2C)n(C)c1=O,Cn1c(=O)c2c(ncn2C)n(C)c1=O,
SkinPiX,Calcein,C1=CC=C2C(=C1)C(=O)OC23C4=C(C=C(C(=C4)CN(CC(=O)O)CC(=O)O)O)OC5=C3C=C(C(=C5)O)CN(CC(=O)O)CC(=O)O,1461-15-0,-7.616,O=C(O)CN(CC(=O)O)Cc1cc2c(cc1O)Oc1cc(O)c(CN(CC(=O)O)CC(=O)O)cc1C21OC(=O)c2ccccc21,O=C(O)CN(CC(=O)O)Cc1cc2c(cc1O)Oc1cc(O)c(CN(CC(=O)O)CC(=O)O)cc1C21OC(=O)c2ccccc21,
SkinPiX,Calcein,C1=CC=C2C(=C1)C(=O)OC23C4=C(C=C(C(=C4)CN(CC(=O)O)CC(=O)O)O)OC5=C3C=C(C(=C5)O)CN(CC(=O)O)CC(=O)O,1461-15-0,-8.652,O=C(O)CN(CC(=O)O)Cc1cc2c(cc1O)Oc1cc(O)c(CN(CC(=O)O)CC(=O)O)cc1C21OC(=O)c2ccccc21,O=C(O)CN(CC(=O)O)Cc1cc2c(cc1O)Oc1cc(O)c(CN(CC(=O)O)CC(=O)O)cc1C21OC(=O)c2ccccc21,
SkinPiX,Calcein,C1=CC=C2C(=C1)C(=O)OC23C4=C(C=C(C(=C4)CN(CC(=O)O)CC(=O)O)O)OC5=C3C=C(C(=C5)O)CN(CC(=O)O)CC(=O)O,1461-15-0,-8.046,O=C(O)CN(CC(=O)O)Cc1cc2c(cc1O)Oc1cc(O)c(CN(CC(=O)O)CC(=O)O)cc1C21OC(=O)c2ccccc21,O=C(O)CN(CC(=O)O)Cc1cc2c(cc1O)Oc1cc(O)c(CN(CC(=O)O)CC(=O)O)cc1C21OC(=O)c2ccccc21,
SkinPiX,Carbendazim,COC(=O)NC1=NC2=CC=CC=C2N1,10605-21-7,-6.025,COC(=O)Nc1nc2ccccc2[nH]1,COC(=O)Nc1nc2ccccc2[nH]1,
SkinPiX,Chlorpromazine hydrochloride,CN(C)CCCN1C2=CC=CC=C2SC3=C1C=C(C=C3)Cl.Cl,69-09-0,-7.899,CN(C)CCCN1c2ccccc2Sc2ccc(Cl)cc21.Cl,CN(C)CCCN1c2ccccc2Sc2ccc(Cl)cc21.Cl,
SkinPiX,Cinnamyl alcohol,C1=CC=C(C=C1)/C=C/CO,104-54-1,-5.023,OC/C=C/c1ccccc1,OC/C=C/c1ccccc1,
SkinPiX,Cinnamyl alcohol,C1=CC=C(C=C1)/C=C/CO,104-54-1,-5.035,OC/C=C/c1ccccc1,OC/C=C/c1ccccc1,
SkinPiX,Citrinin,C[C@@H]1[C@H](OC=C2C1=C(C(=C(C2=O)C(=O)O)O)C)C,518-75-2,-6.887,CC1=C2C(=CO[C@H](C)[C@H]2C)C(=O)C(C(=O)O)=C1O,CC1=C2C(=CO[C@H](C)[C@H]2C)C(=O)C(C(=O)O)=C1O,
SkinPiX,Citrinin,C[C@@H]1[C@H](OC=C2C1=C(C(=C(C2=O)C(=O)O)O)C)C,518-75-2,-6.887,CC1=C2C(=CO[C@H](C)[C@H]2C)C(=O)C(C(=O)O)=C1O,CC1=C2C(=CO[C@H](C)[C@H]2C)C(=O)C(C(=O)O)=C1O,
SkinPiX,Clonidine hydrochloride,C1CN=C(N1)NC2=C(C=CC=C2Cl)Cl.Cl,4205-91-8,-8.117,Cl.Clc1cccc(Cl)c1NC1=NCCN1,Cl.Clc1cccc(Cl)c1NC1=NCCN1,analgesic adjuvant
SkinPiX,Codeine,CN1CC[C@]23[C@@H]4[C@H]1CC5=C2C(=C(C=C5)OC)O[C@H]3[C@H](C=C4)O,76-57-3,-6.762170966,COc1ccc2c3c1O[C@H]1[C@@H](O)C=C[C@H]4[C@@H](C2)N(C)CC[C@@]341,COc1ccc2c3c1O[C@H]1[C@@H](O)C=C[C@H]4[C@@H](C2)N(C)CC[C@@]341,opioid (ATC N02A)
SkinPiX,Cyclophosphamide monohydrate,C1CNP(=O)(OC1)N(CCCl)CCCl.O,6055-19-2,-6.375,O.O=P1(N(CCCl)CCCl)NCCCO1,O.O=P1(N(CCCl)CCCl)NCCCO1,
SkinPiX,Cyclophosphamide monohydrate,C1CNP(=O)(OC1)N(CCCl)CCCl.O,6055-19-2,-6.094,O.O=P1(N(CCCl)CCCl)NCCCO1,O.O=P1(N(CCCl)CCCl)NCCCO1,
SkinPiX,Dichlorvos,COP(=O)(OC)OC=C(Cl)Cl,62-73-7,-4.436,COP(=O)(OC)OC=C(Cl)Cl,COP(=O)(OC)OC=C(Cl)Cl,
SkinPiX,Dichlorvos,COP(=O)(OC)OC=C(Cl)Cl,62-73-7,-5.816,COP(=O)(OC)OC=C(Cl)Cl,COP(=O)(OC)OC=C(Cl)Cl,
SkinPiX,Dichlorvos,COP(=O)(OC)OC=C(Cl)Cl,62-73-7,-5.944,COP(=O)(OC)OC=C(Cl)Cl,COP(=O)(OC)OC=C(Cl)Cl,
SkinPiX,Dichlorvos,COP(=O)(OC)OC=C(Cl)Cl,62-73-7,-3.431,COP(=O)(OC)OC=C(Cl)Cl,COP(=O)(OC)OC=C(Cl)Cl,
SkinPiX,Dichlorvos,COP(=O)(OC)OC=C(Cl)Cl,62-73-7,-4.716,COP(=O)(OC)OC=C(Cl)Cl,COP(=O)(OC)OC=C(Cl)Cl,
SkinPiX,Dichlorvos,COP(=O)(OC)OC=C(Cl)Cl,62-73-7,-4.515,COP(=O)(OC)OC=C(Cl)Cl,COP(=O)(OC)OC=C(Cl)Cl,
SkinPiX,Diethyl maleate,CCOC(=O)/C=C\C(=O)OCC,141-05-9,-5.068,CCOC(=O)/C=C\C(=O)OCC,CCOC(=O)/C=C\C(=O)OCC,
SkinPiX,Diethyl maleate,CCOC(=O)/C=C\C(=O)OCC,141-05-9,-5.142,CCOC(=O)/C=C\C(=O)OCC,CCOC(=O)/C=C\C(=O)OCC,
SkinPiX,Diethyl phthalate,CCOC(=O)C1=CC=CC=C1C(=O)OCC,84-66-2,-5.242,CCOC(=O)c1ccccc1C(=O)OCC,CCOC(=O)c1ccccc1C(=O)OCC,
SkinPiX,Diethylene glycol monobutyl ether,CCCCOCCOCCO,112-34-5,-5.727,CCCCOCCOCCO,CCCCOCCOCCO,
SkinPiX,Diethylene glycol monobutyl ether,CCCCOCCOCCO,112-34-5,-5.723,CCCCOCCOCCO,CCCCOCCOCCO,
SkinPiX,Dihydrocodeine,CN1CC[C@]23[C@@H]4[C@H]1CC5=C2C(=C(C=C5)OC)O[C@H]3[C@H](CC4)O,125-28-0,-6.190685426,COc1ccc2c3c1O[C@H]1[C@@H](O)CC[C@H]4[C@@H](C2)N(C)CC[C@@]341,COc1ccc2c3c1O[C@H]1[C@@H](O)CC[C@H]4[C@@H](C2)N(C)CC[C@@]341,opioid (ATC N02A)
SkinPiX,Dihydromorphine,CN1CC[C@]23[C@@H]4[C@H]1CC5=C2C(=C(C=C5)O)O[C@H]3[C@H](CC4)O,509-60-4,-7.722811771,CN1CC[C@]23c4c5ccc(O)c4O[C@H]2[C@@H](O)CC[C@H]3[C@H]1C5,CN1CC[C@]23c4c5ccc(O)c4O[C@H]2[C@@H](O)CC[C@H]3[C@H]1C5,opioid (ATC N02A)
SkinPiX,Dimethyl phthalate,COC(=O)C1=CC=CC=C1C(=O)OC,131-11-3,-5.153,COC(=O)c1ccccc1C(=O)OC,COC(=O)c1ccccc1C(=O)OC,
SkinPiX,Dimethyl phthalate,COC(=O)C1=CC=CC=C1C(=O)OC,131-11-3,-5.204,COC(=O)c1ccccc1C(=O)OC,COC(=O)c1ccccc1C(=O)OC,
SkinPiX,Ethanolamine,C(CO)N,141-43-5,-7.14,NCCO,NCCO,
SkinPiX,Ethyl p-aminobenzoate,CCOC(=O)C1=CC=C(C=C1)N,94-09-7,-4.697,CCOC(=O)c1ccc(N)cc1,CCOC(=O)c1ccc(N)cc1,local anaesthetic (ATC N01B)
SkinPiX,Ethylparaben,CCOC(=O)C1=CC=C(C=C1)O,120-47-8,-5.413,CCOC(=O)c1ccc(O)cc1,CCOC(=O)c1ccc(O)cc1,
SkinPiX,Eugenol,COC1=C(C=CC(=C1)CC=C)O,97-53-0,-5.182,C=CCc1ccc(O)c(OC)c1,C=CCc1ccc(O)c(OC)c1,
SkinPiX,Eugenol,COC1=C(C=CC(=C1)CC=C)O,97-53-0,-5.112,C=CCc1ccc(O)c(OC)c1,C=CCc1ccc(O)c(OC)c1,
SkinPiX,Fentanyl,CCC(=O)N(C1CCN(CC1)CCC2=CC=CC=C2)C3=CC=CC=C3,437-38-7,-8.8,CCC(=O)N(c1ccccc1)C1CCN(CCc2ccccc2)CC1,CCC(=O)N(c1ccccc1)C1CCN(CCc2ccccc2)CC1,opioid (ATC N02A)
SkinPiX,Fentanyl,CCC(=O)N(C1CCN(CC1)CCC2=CC=CC=C2)C3=CC=CC=C3,437-38-7,-9.065,CCC(=O)N(c1ccccc1)C1CCN(CCc2ccccc2)CC1,CCC(=O)N(c1ccccc1)C1CCN(CCc2ccccc2)CC1,opioid (ATC N02A)
SkinPiX,Fentanyl,CCC(=O)N(C1CCN(CC1)CCC2=CC=CC=C2)C3=CC=CC=C3,437-38-7,-9.477,CCC(=O)N(c1ccccc1)C1CCN(CCc2ccccc2)CC1,CCC(=O)N(c1ccccc1)C1CCN(CCc2ccccc2)CC1,opioid (ATC N02A)
SkinPiX,Fumonisin B1,[C@@H]([C@@H](OC(C[C@@H](CC(O)=O)C(O)=O)=O)C[C@H](C[C@@H](CCCC[C@H](C[C@@H]([C@H](C)N)O)O)O)C)(OC(C[C@@H](CC(O)=O)C(O)=O)=O)[C@@H](CCCC)C,116355-83-0,-9.046,CCCC[C@@H](C)[C@@H](OC(=O)C[C@@H](CC(=O)O)C(=O)O)[C@H](C[C@@H](C)C[C@H](O)CCCC[C@@H](O)C[C@H](O)[C@H](C)N)OC(=O)C[C@@H](CC(=O)O)C(=O)O,CCCC[C@@H](C)[C@@H](OC(=O)C[C@@H](CC(=O)O)C(=O)O)[C@H](C[C@@H](C)C[C@H](O)CCCC[C@@H](O)C[C@H](O)[C@H](C)N)OC(=O)C[C@@H](CC(=O)O)C(=O)O,
SkinPiX,Fumonisin B1,[C@@H]([C@@H](OC(C[C@@H](CC(O)=O)C(O)=O)=O)C[C@H](C[C@@H](CCCC[C@H](C[C@@H]([C@H](C)N)O)O)O)C)(OC(C[C@@H](CC(O)=O)C(O)=O)=O)[C@@H](CCCC)C,116355-83-0,-9.051,CCCC[C@@H](C)[C@@H](OC(=O)C[C@@H](CC(=O)O)C(=O)O)[C@H](C[C@@H](C)C[C@H](O)CCCC[C@@H](O)C[C@H](O)[C@H](C)N)OC(=O)C[C@@H](CC(=O)O)C(=O)O,CCCC[C@@H](C)[C@@H](OC(=O)C[C@@H](CC(=O)O)C(=O)O)[C@H](C[C@@H](C)C[C@H](O)CCCC[C@@H](O)C[C@H](O)[C@H](C)N)OC(=O)C[C@@H](CC(=O)O)C(=O)O,
SkinPiX,Geraniol,CC(=CCC/C(=C/CO)/C)C,106-24-1,-4.963,CC(C)=CCC/C(C)=C/CO,CC(C)=CCC/C(C)=C/CO,
SkinPiX,Geraniol,CC(=CCC/C(=C/CO)/C)C,106-24-1,-4.57,CC(C)=CCC/C(C)=C/CO,CC(C)=CCC/C(C)=C/CO,
SkinPiX,HC Red No. 3,C1=CC(=C(C=C1N)[N+](=O)[O-])NCCO,2871-01-4,-6.075,Nc1ccc(NCCO)c([N+](=O)[O-])c1,Nc1ccc(NCCO)c([N+](=O)[O-])c1,
SkinPiX,HC Red No. 3,C1=CC(=C(C=C1N)[N+](=O)[O-])NCCO,2871-01-4,-5.879,Nc1ccc(NCCO)c([N+](=O)[O-])c1,Nc1ccc(NCCO)c([N+](=O)[O-])c1,
SkinPiX,Hydrocodone,CN1CC[C@]23[C@@H]4[C@H]1CC5=C2C(=C(C=C5)OC)O[C@H]3C(=O)CC4,125-29-1,-6.456,COc1ccc2c3c1O[C@H]1C(=O)CC[C@H]4[C@@H](C2)N(C)CC[C@]314,COc1ccc2c3c1O[C@H]1C(=O)CC[C@H]4[C@@H](C2)N(C)CC[C@]314,opioid (ATC N02A)
SkinPiX,Hydrocortisone,C[C@]12CCC(=O)C=C1CC[C@@H]3[C@@H]2[C@H](C[C@]4([C@H]3CC[C@@]4(C(=O)CO)O)C)O,50-23-7,-8.857,C[C@]12CCC(=O)C=C1CC[C@@H]1[C@@H]2[C@@H](O)C[C@@]2(C)[C@H]1CC[C@]2(O)C(=O)CO,C[C@]12CCC(=O)C=C1CC[C@@H]1[C@@H]2[C@@H](O)C[C@@]2(C)[C@H]1CC[C@]2(O)C(=O)CO,
SkinPiX,Hydrocortisone,C[C@]12CCC(=O)C=C1CC[C@@H]3[C@@H]2[C@H](C[C@]4([C@H]3CC[C@@]4(C(=O)CO)O)C)O,50-23-7,-6.332,C[C@]12CCC(=O)C=C1CC[C@@H]1[C@@H]2[C@@H](O)C[C@@]2(C)[C@H]1CC[C@]2(O)C(=O)CO,C[C@]12CCC(=O)C=C1CC[C@@H]1[C@@H]2[C@@H](O)C[C@@]2(C)[C@H]1CC[C@]2(O)C(=O)CO,
SkinPiX,Hydrocortisone,C[C@]12CCC(=O)C=C1CC[C@@H]3[C@@H]2[C@H](C[C@]4([C@H]3CC[C@@]4(C(=O)CO)O)C)O,50-23-7,-6.238,C[C@]12CCC(=O)C=C1CC[C@@H]1[C@@H]2[C@@H](O)C[C@@]2(C)[C@H]1CC[C@]2(O)C(=O)CO,C[C@]12CCC(=O)C=C1CC[C@@H]1[C@@H]2[C@@H](O)C[C@@]2(C)[C@H]1CC[C@]2(O)C(=O)CO,
SkinPiX,Hydrocortisone,C[C@]12CCC(=O)C=C1CC[C@@H]3[C@@H]2[C@H](C[C@]4([C@H]3CC[C@@]4(C(=O)CO)O)C)O,50-23-7,-8.214,C[C@]12CCC(=O)C=C1CC[C@@H]1[C@@H]2[C@@H](O)C[C@@]2(C)[C@H]1CC[C@]2(O)C(=O)CO,C[C@]12CCC(=O)C=C1CC[C@@H]1[C@@H]2[C@@H](O)C[C@@]2(C)[C@H]1CC[C@]2(O)C(=O)CO,
SkinPiX,Hydromorphone,CN1CC[C@]23[C@@H]4[C@H]1CC5=C2C(=C(C=C5)O)O[C@H]3C(=O)CC4,466-99-9,-8.004117488,CN1CC[C@]23c4c5ccc(O)c4O[C@H]2C(=O)CC[C@H]3[C@H]1C5,CN1CC[C@]23c4c5ccc(O)c4O[C@H]2C(=O)CC[C@H]3[C@H]1C5,opioid (ATC N02A)
SkinPiX,Ibuprofen,CC(C)CC1=CC=C(C=C1)C(C)C(=O)O,15687-27-1,-6.244,CC(C)Cc1ccc(C(C)C(=O)O)cc1,CC(C)Cc1ccc(C(C)C(=O)O)cc1,"NSAID / non-opioid (ATC M01A, N02B)"
SkinPiX,Ibuprofen,CC(C)CC1=CC=C(C=C1)C(C)C(=O)O,15687-27-1,-6.217,CC(C)Cc1ccc(C(C)C(=O)O)cc1,CC(C)Cc1ccc(C(C)C(=O)O)cc1,"NSAID / non-opioid (ATC M01A, N02B)"
SkinPiX,Ibuprofen,CC(C)CC1=CC=C(C=C1)C(C)C(=O)O,15687-27-1,-5.716,CC(C)Cc1ccc(C(C)C(=O)O)cc1,CC(C)Cc1ccc(C(C)C(=O)O)cc1,"NSAID / non-opioid (ATC M01A, N02B)"
SkinPiX,Ibuprofen,CC(C)CC1=CC=C(C=C1)C(C)C(=O)O,15687-27-1,-5.808,CC(C)Cc1ccc(C(C)C(=O)O)cc1,CC(C)Cc1ccc(C(C)C(=O)O)cc1,"NSAID / non-opioid (ATC M01A, N02B)"
SkinPiX,Isoeugenol,C/C=C/C1=CC(=C(C=C1)O)OC,97-54-1,-5.265,C/C=C/c1ccc(O)c(OC)c1,C/C=C/c1ccc(O)c(OC)c1,
SkinPiX,Isoeugenol,C/C=C/C1=CC(=C(C=C1)O)OC,97-54-1,-4.969,C/C=C/c1ccc(O)c(OC)c1,C/C=C/c1ccc(O)c(OC)c1,
SkinPiX,Isosorbide 5-mononitrate,C1[C@@H]([C@@H]2[C@H](O1)[C@@H](CO2)O[N+](=O)[O-])O,16051-77-7,-6.959,O=[N+]([O-])O[C@@H]1CO[C@H]2[C@@H]1OC[C@@H]2O,O=[N+]([O-])O[C@@H]1CO[C@H]2[C@@H]1OC[C@@H]2O,
SkinPiX,Isosorbide dinitrate,C1[C@H]([C@@H]2[C@H](O1)[C@H](CO2)O[N+](=O)[O-])O[N+](=O)[O-],87-33-2,-5.503,O=[N+]([O-])O[C@H]1CO[C@H]2[C@@H]1OC[C@H]2O[N+](=O)[O-],O=[N+]([O-])O[C@H]1CO[C@H]2[C@@H]1OC[C@H]2O[N+](=O)[O-],
SkinPiX,Ketoprofen,CC(C1=CC(=CC=C1)C(=O)C2=CC=CC=C2)C(=O)O,22071-15-4,-7.176,CC(C(=O)O)c1cccc(C(=O)c2ccccc2)c1,CC(C(=O)O)c1cccc(C(=O)c2ccccc2)c1,"NSAID / non-opioid (ATC M01A, N02B)"
SkinPiX,Lidocaine hydrochloride monohydrate,CCN(CC)CC(=O)NC1=C(C=CC=C1C)C,6108-05-0,-7.301,CCN(CC)CC(=O)Nc1c(C)cccc1C,CCN(CC)CC(=O)Nc1c(C)cccc1C,local anaesthetic (ATC N01B)
SkinPiX,Lidocaine hydrochloride monohydrate,CCN(CC)CC(=O)NC1=C(C=CC=C1C)C,6108-05-0,-6.854,CCN(CC)CC(=O)Nc1c(C)cccc1C,CCN(CC)CC(=O)Nc1c(C)cccc1C,local anaesthetic (ATC N01B)
SkinPiX,Methyl methanesulfonate,COS(=O)(=O)C,66-27-3,-5.587,COS(C)(=O)=O,COS(C)(=O)=O,
SkinPiX,Methyl methanesulfonate,COS(=O)(=O)C,66-27-3,-5.624,COS(C)(=O)=O,COS(C)(=O)=O,
SkinPiX,Methyl p-aminobenzoate,COC(=O)C1=CC=C(C=C1)N,619-45-4,-4.735,COC(=O)c1ccc(N)cc1,COC(=O)c1ccc(N)cc1,local anaesthetic (ATC N01B)
SkinPiX,Methylparaben,COC(=O)C1=CC=C(C=C1)O,99-76-3,-5.604,COC(=O)c1ccc(O)cc1,COC(=O)c1ccc(O)cc1,
SkinPiX,Methylparaben,COC(=O)C1=CC=C(C=C1)O,99-76-3,-4.981,COC(=O)c1ccc(O)cc1,COC(=O)c1ccc(O)cc1,
SkinPiX,Methylparaben,COC(=O)C1=CC=C(C=C1)O,99-76-3,-5.059,COC(=O)c1ccc(O)cc1,COC(=O)c1ccc(O)cc1,
SkinPiX,Miconazole,C1=CC(=C(C=C1Cl)Cl)COC(CN2C=CN=C2)C3=C(C=C(C=C3)Cl)Cl,22916-47-8,-3.858,Clc1ccc(COC(Cn2ccnc2)c2ccc(Cl)cc2Cl)c(Cl)c1,Clc1ccc(COC(Cn2ccnc2)c2ccc(Cl)cc2Cl)c(Cl)c1,
SkinPiX,Morphine,CN1CC[C@]23[C@@H]4[C@H]1CC5=C2C(=C(C=C5)O)O[C@H]3[C@H](C=C4)O,57-27-2,-7.419930646,CN1CC[C@]23c4c5ccc(O)c4O[C@H]2[C@@H](O)C=C[C@H]3[C@H]1C5,CN1CC[C@]23c4c5ccc(O)c4O[C@H]2[C@@H](O)C=C[C@H]3[C@H]1C5,opioid (ATC N02A)
SkinPiX,Naphthalene,C1=CC=C2C=CC=CC2=C1,91-20-3,-5.608,c1ccc2ccccc2c1,c1ccc2ccccc2c1,
SkinPiX,Naphthalene,C1=CC=C2C=CC=CC2=C1,91-20-3,-5.339,c1ccc2ccccc2c1,c1ccc2ccccc2c1,
SkinPiX,Niacinamide,C1=CC(=CN=C1)C(=O)N,98-92-0,-8.908,NC(=O)c1cccnc1,NC(=O)c1cccnc1,
SkinPiX,Niacinamide,C1=CC(=CN=C1)C(=O)N,98-92-0,-9.202,NC(=O)c1cccnc1,NC(=O)c1cccnc1,
SkinPiX,Niacinamide,C1=CC(=CN=C1)C(=O)N,98-92-0,-6.602,NC(=O)c1cccnc1,NC(=O)c1cccnc1,
SkinPiX,Niacinamide,C1=CC(=CN=C1)C(=O)N,98-92-0,-6.273,NC(=O)c1cccnc1,NC(=O)c1cccnc1,
SkinPiX,Nicotine,CN1CCC[C@H]1C2=CN=CC=C2,54-11-5,-7.318,CN1CCC[C@H]1c1cccnc1,CN1CCC[C@H]1c1cccnc1,
SkinPiX,Nicotine,CN1CCC[C@H]1C2=CN=CC=C2,54-11-5,-5.822,CN1CCC[C@H]1c1cccnc1,CN1CCC[C@H]1c1cccnc1,
SkinPiX,Nicotine,CN1CCC[C@H]1C2=CN=CC=C2,54-11-5,-7.339,CN1CCC[C@H]1c1cccnc1,CN1CCC[C@H]1c1cccnc1,
SkinPiX,Nitrobenzene,C1=CC=C(C=C1)[N+](=O)[O-],98-95-3,-4.851,O=[N+]([O-])c1ccccc1,O=[N+]([O-])c1ccccc1,
SkinPiX,Nitrobenzene,C1=CC=C(C=C1)[N+](=O)[O-],98-95-3,-4.8,O=[N+]([O-])c1ccccc1,O=[N+]([O-])c1ccccc1,
SkinPiX,Ochratoxin A,C[C@@H]1CC2=C(C=C(C(=C2C(=O)O1)O)C(=O)N[C@@H](CC3=CC=CC=C3)C(=O)O)Cl,303-47-9,-6.642,C[C@@H]1Cc2c(Cl)cc(C(=O)N[C@@H](Cc3ccccc3)C(=O)O)c(O)c2C(=O)O1,C[C@@H]1Cc2c(Cl)cc(C(=O)N[C@@H](Cc3ccccc3)C(=O)O)c(O)c2C(=O)O1,
SkinPiX,Ochratoxin A,C[C@@H]1CC2=C(C=C(C(=C2C(=O)O1)O)C(=O)N[C@@H](CC3=CC=CC=C3)C(=O)O)Cl,303-47-9,-6.642,C[C@@H]1Cc2c(Cl)cc(C(=O)N[C@@H](Cc3ccccc3)C(=O)O)c(O)c2C(=O)O1,C[C@@H]1Cc2c(Cl)cc(C(=O)N[C@@H](Cc3ccccc3)C(=O)O)c(O)c2C(=O)O1,
SkinPiX,Oxycodone,CN1CC[C@]23[C@@H]4C(=O)CC[C@]2([C@H]1CC5=C3C(=C(C=C5)OC)O4)O,76-42-6,-6.59002208,COc1ccc2c3c1O[C@H]1C(=O)CC[C@@]4(O)[C@@H](C2)N(C)CC[C@]314,COc1ccc2c3c1O[C@H]1C(=O)CC[C@@]4(O)[C@@H](C2)N(C)CC[C@]314,opioid (ATC N02A)
SkinPiX,Oxymorphone,CN1CC[C@]23[C@@H]4C(=O)CC[C@]2([C@H]1CC5=C3C(=C(C=C5)O)O4)O,76-41-5,-7.733111659,CN1CC[C@]23c4c5ccc(O)c4O[C@H]2C(=O)CC[C@@]3(O)[C@H]1C5,CN1CC[C@]23c4c5ccc(O)c4O[C@H]2C(=O)CC[C@@]3(O)[C@H]1C5,opioid (ATC N02A)
SkinPiX,Papaverine hydrochloride,COC1=C(C=C(C=C1)CC2=NC=CC3=CC(=C(C=C32)OC)OC)OC.Cl,61-25-6,-6.604,COc1ccc(Cc2nccc3cc(OC)c(OC)cc23)cc1OC.Cl,COc1ccc(Cc2nccc3cc(OC)c(OC)cc23)cc1OC.Cl,opioid (ATC N02A)
SkinPiX,Pellitorine,CCCCC/C=C/C=C/C(=O)NCC(C)C,18836-52-7,-7.516,CCCCC/C=C/C=C/C(=O)NCC(C)C,CCCCC/C=C/C=C/C(=O)NCC(C)C,
SkinPiX,Pellitorine,CCCCC/C=C/C=C/C(=O)NCC(C)C,18836-52-7,-7.516,CCCCC/C=C/C=C/C(=O)NCC(C)C,CCCCC/C=C/C=C/C(=O)NCC(C)C,
SkinPiX,Perfluorooctanoic acid,C(=O)(C(C(C(C(C(C(C(F)(F)F)(F)F)(F)F)(F)F)(F)F)(F)F)(F)F)O,335-67-1,-4.816,O=C(O)C(F)(F)C(F)(F)C(F)(F)C(F)(F)C(F)(F)C(F)(F)C(F)(F)F,O=C(O)C(F)(F)C(F)(F)C(F)(F)C(F)(F)C(F)(F)C(F)(F)C(F)(F)F,
SkinPiX,Perfluorooctanoic acid,C(=O)(C(C(C(C(C(C(C(F)(F)F)(F)F)(F)F)(F)F)(F)F)(F)F)(F)F)O,335-67-1,-7.913,O=C(O)C(F)(F)C(F)(F)C(F)(F)C(F)(F)C(F)(F)C(F)(F)C(F)(F)F,O=C(O)C(F)(F)C(F)(F)C(F)(F)C(F)(F)C(F)(F)C(F)(F)C(F)(F)F,
SkinPiX,Perfluorooctanoic acid,C(=O)(C(C(C(C(C(C(C(F)(F)F)(F)F)(F)F)(F)F)(F)F)(F)F)(F)F)O,335-67-1,-7.793,O=C(O)C(F)(F)C(F)(F)C(F)(F)C(F)(F)C(F)(F)C(F)(F)C(F)(F)F,O=C(O)C(F)(F)C(F)(F)C(F)(F)C(F)(F)C(F)(F)C(F)(F)C(F)(F)F,
SkinPiX,Pranoprofen,CC(C1=CC2=C(C=C1)OC3=C(C2)C=CC=N3)C(=O)O,52549-17-4,-6.973,CC(C(=O)O)c1ccc2c(c1)Cc1cccnc1O2,CC(C(=O)O)c1ccc2c(c1)Cc1cccnc1O2,"NSAID / non-opioid (ATC M01A, N02B)"
SkinPiX,Progesterone,CC(=O)[C@H]1CC[C@@H]2[C@@]1(CC[C@H]3[C@H]2CCC4=CC(=O)CC[C@]34C)C,57-83-0,-7.741,CC(=O)[C@H]1CC[C@H]2[C@@H]3CCC4=CC(=O)CC[C@]4(C)[C@H]3CC[C@]12C,CC(=O)[C@H]1CC[C@H]2[C@@H]3CCC4=CC(=O)CC[C@]4(C)[C@H]3CC[C@]12C,
SkinPiX,Propylene glycol monomethyl ether,CC(COC)O,107-98-2,-7.571,COCC(C)O,COCC(C)O,
SkinPiX,Propylene glycol n-butyl ether,CCCCOCC(C)O,5131-66-8,-8.16,CCCCOCC(C)O,CCCCOCC(C)O,
SkinPiX,Propylparaben,CCCOC(=O)C1=CC=C(C=C1)O,94-13-3,-5.44,CCCOC(=O)c1ccc(O)cc1,CCCOC(=O)c1ccc(O)cc1,
SkinPiX,Propylparaben,CCCOC(=O)C1=CC=C(C=C1)O,94-13-3,-4.747,CCCOC(=O)c1ccc(O)cc1,CCCOC(=O)c1ccc(O)cc1,
SkinPiX,Propylparaben,CCCOC(=O)C1=CC=C(C=C1)O,94-13-3,-4.759,CCCOC(=O)c1ccc(O)cc1,CCCOC(=O)c1ccc(O)cc1,
SkinPiX,Resorcinol,C1=CC(=CC(=C1)O)O,108-46-3,-5.836,Oc1cccc(O)c1,Oc1cccc(O)c1,
SkinPiX,Resorcinol,C1=CC(=CC(=C1)O)O,108-46-3,-5.913,Oc1cccc(O)c1,Oc1cccc(O)c1,
SkinPiX,Simazine,CCNC1=NC(=NC(=N1)Cl)NCC,122-34-9,-5.875,CCNc1nc(Cl)nc(NCC)n1,CCNc1nc(Cl)nc(NCC)n1,
SkinPiX,T-2 toxin,C[C@@]12[C@@]3([C@@]([C@H](O)[C@H]1OC(C)=O)(O[C@]4([C@]2(COC(C)=O)C[C@H](OC(CC(C)C)=O)C(C)=C4)[H])[H])CO3,21259-20-1,-7.773,CC(=O)OC[C@]12C[C@H](OC(=O)CC(C)C)C(C)=C[C@H]1O[C@@H]1[C@H](O)[C@@H](OC(C)=O)[C@@]2(C)[C@]12CO2,CC(=O)OC[C@]12C[C@H](OC(=O)CC(C)C)C(C)=C[C@H]1O[C@@H]1[C@H](O)[C@@H](OC(C)=O)[C@@]2(C)[C@]12CO2,
SkinPiX,T-2 toxin,C[C@@]12[C@@]3([C@@]([C@H](O)[C@H]1OC(C)=O)(O[C@]4([C@]2(COC(C)=O)C[C@H](OC(CC(C)C)=O)C(C)=C4)[H])[H])CO3,21259-20-1,-7.771,CC(=O)OC[C@]12C[C@H](OC(=O)CC(C)C)C(C)=C[C@H]1O[C@@H]1[C@H](O)[C@@H](OC(C)=O)[C@@]2(C)[C@]12CO2,CC(=O)OC[C@]12C[C@H](OC(=O)CC(C)C)C(C)=C[C@H]1O[C@@H]1[C@H](O)[C@@H](OC(C)=O)[C@@]2(C)[C@]12CO2,
SkinPiX,Testosterone,C[C@]12CC[C@H]3[C@H]([C@@H]1CC[C@@H]2O)CCC4=CC(=O)CC[C@]34C,58-22-0,-6.963,C[C@]12CC[C@H]3[C@@H](CCC4=CC(=O)CC[C@@]43C)[C@@H]1CC[C@@H]2O,C[C@]12CC[C@H]3[C@@H](CCC4=CC(=O)CC[C@@]43C)[C@@H]1CC[C@@H]2O,
SkinPiX,Testosterone,C[C@]12CC[C@H]3[C@H]([C@@H]1CC[C@@H]2O)CCC4=CC(=O)CC[C@]34C,58-22-0,-4.98,C[C@]12CC[C@H]3[C@@H](CCC4=CC(=O)CC[C@@]43C)[C@@H]1CC[C@@H]2O,C[C@]12CC[C@H]3[C@@H](CCC4=CC(=O)CC[C@@]43C)[C@@H]1CC[C@@H]2O,
SkinPiX,Testosterone,C[C@]12CC[C@H]3[C@H]([C@@H]1CC[C@@H]2O)CCC4=CC(=O)CC[C@]34C,58-22-0,-4.972,C[C@]12CC[C@H]3[C@@H](CCC4=CC(=O)CC[C@@]43C)[C@@H]1CC[C@@H]2O,C[C@]12CC[C@H]3[C@@H](CCC4=CC(=O)CC[C@@]43C)[C@@H]1CC[C@@H]2O,
SkinPiX,Tetrabromobisphenol A,CC(C)(C1=CC(=C(C(=C1)Br)O)Br)C2=CC(=C(C(=C2)Br)O)Br,79-94-7,-6.145,CC(C)(c1cc(Br)c(O)c(Br)c1)c1cc(Br)c(O)c(Br)c1,CC(C)(c1cc(Br)c(O)c(Br)c1)c1cc(Br)c(O)c(Br)c1,
SkinPiX,Tetramethyl thiuram disulfide,CN(C)C(=S)SSC(=S)N(C)C,137-26-8,-5.366,CN(C)C(=S)SSC(=S)N(C)C,CN(C)C(=S)SSC(=S)N(C)C,
SkinPiX,Tetramethyl thiuram disulfide,CN(C)C(=S)SSC(=S)N(C)C,137-26-8,-5.447,CN(C)C(=S)SSC(=S)N(C)C,CN(C)C(=S)SSC(=S)N(C)C,
SkinPiX,Theophylline,CN1C2=C(C(=O)N(C1=O)C)NC=N2,58-55-9,-8.234,Cn1c(=O)c2[nH]cnc2n(C)c1=O,Cn1c(=O)c2[nH]cnc2n(C)c1=O,
SkinPiX,Theophylline,CN1C2=C(C(=O)N(C1=O)C)NC=N2,58-55-9,-8.065,Cn1c(=O)c2[nH]cnc2n(C)c1=O,Cn1c(=O)c2[nH]cnc2n(C)c1=O,
SkinPiX,Theophylline,CN1C2=C(C(=O)N(C1=O)C)NC=N2,58-55-9,-6.894,Cn1c(=O)c2[nH]cnc2n(C)c1=O,Cn1c(=O)c2[nH]cnc2n(C)c1=O,
SkinPiX,Thioglycolic acid,C(C(=O)O)S,68-11-1,-5.188,O=C(O)CS,O=C(O)CS,
SkinPiX,Thioglycolic acid,C(C(=O)O)S,68-11-1,-5.245,O=C(O)CS,O=C(O)CS,
SkinPiX,Thymoquinone,CC1=CC(=O)C(=CC1=O)C(C)C,490-91-5,-6.459,CC1=CC(=O)C(C(C)C)=CC1=O,CC1=CC(=O)C(C(C)C)=CC1=O,
SkinPiX,Thymoquinone,CC1=CC(=O)C(=CC1=O)C(C)C,490-91-5,-6.602,CC1=CC(=O)C(C(C)C)=CC1=O,CC1=CC(=O)C(C(C)C)=CC1=O,
SkinPiX,Thymoquinone,CC1=CC(=O)C(=CC1=O)C(C)C,490-91-5,-5.813,CC1=CC(=O)C(C(C)C)=CC1=O,CC1=CC(=O)C(C(C)C)=CC1=O,
SkinPiX,Triclosan,C1=CC(=C(C=C1Cl)O)OC2=C(C=C(C=C2)Cl)Cl,3380-34-5,-5.039,Oc1cc(Cl)ccc1Oc1ccc(Cl)cc1Cl,Oc1cc(Cl)ccc1Oc1ccc(Cl)cc1Cl,
SkinPiX,Triclosan,C1=CC(=C(C=C1Cl)O)OC2=C(C=C(C=C2)Cl)Cl,3380-34-5,-4.114,Oc1cc(Cl)ccc1Oc1ccc(Cl)cc1Cl,Oc1cc(Cl)ccc1Oc1ccc(Cl)cc1Cl,
SkinPiX,Vanillin,COC1=C(C=CC(=C1)C=O)O,121-33-5,-5.608,COc1cc(C=O)ccc1O,COc1cc(C=O)ccc1O,
SkinPiX,Vanillin,COC1=C(C=CC(=C1)C=O)O,121-33-5,-5.803,COc1cc(C=O)ccc1O,COc1cc(C=O)ccc1O,
SkinPiX,"Water, tritiated",[3H]O[3H],14940-65-9,-6.432,[3H]O[3H],[3H]O[3H],
SkinPiX,Zearalenone,C[C@H]1CCCC(=O)CCC/C=C/C2=C(C(=CC(=C2)O)O)C(=O)O1,17924-92-4,-7.188,C[C@H]1CCCC(=O)CCC/C=C/c2cc(O)cc(O)c2C(=O)O1,C[C@H]1CCCC(=O)CCC/C=C/c2cc(O)cc(O)c2C(=O)O1,
SkinPiX,Zearalenone,C[C@H]1CCCC(=O)CCC/C=C/C2=C(C(=CC(=C2)O)O)C(=O)O1,17924-92-4,-7.189,C[C@H]1CCCC(=O)CCC/C=C/c2cc(O)cc(O)c2C(=O)O1,C[C@H]1CCCC(=O)CCC/C=C/c2cc(O)cc(O)c2C(=O)O1,
SkinPiX,n-Butyl p-aminobenzoate,CCCCOC(=O)C1=CC=C(C=C1)N,94-25-7,-4.697,CCCCOC(=O)c1ccc(N)cc1,CCCCOC(=O)c1ccc(N)cc1,local anaesthetic (ATC N01B)
SkinPiX,n-Butylparaben,CCCCOC(=O)C1=CC=C(C=C1)O,94-26-8,-5.451,CCCCOC(=O)c1ccc(O)cc1,CCCCOC(=O)c1ccc(O)cc1,
SkinPiX,n-Propyl p-aminobenzoate,CCCOC(=O)C1=CC=C(C=C1)N,94-12-2,-4.652,CCCOC(=O)c1ccc(N)cc1,CCCOC(=O)c1ccc(N)cc1,local anaesthetic (ATC N01B)
SkinPiX,p-Aminophenol,C1=CC(=CC=C1N)O,123-30-8,-5.731,Nc1ccc(O)cc1,Nc1ccc(O)cc1,
SkinPiX,p-Aminophenol,C1=CC(=CC=C1N)O,123-30-8,-4.443,Nc1ccc(O)cc1,Nc1ccc(O)cc1,
SkinPiX,p-Chloroaniline,C1=CC(=CC=C1N)Cl,106-47-8,-4.995,Nc1ccc(Cl)cc1,Nc1ccc(Cl)cc1,
SkinPiX,p-Chloroaniline,C1=CC(=CC=C1N)Cl,106-47-8,-5.004,Nc1ccc(Cl)cc1,Nc1ccc(Cl)cc1,
SkinPiX,p-Phenylenediamine,C1=CC(=CC=C1N)N,106-50-3,-6.373,Nc1ccc(N)cc1,Nc1ccc(N)cc1,
SkinPiX,p-Phenylenediamine,C1=CC(=CC=C1N)N,106-50-3,-6.305,Nc1ccc(N)cc1,Nc1ccc(N)cc1,
SkinPiX,p-Tolunitrile,CC1=CC=C(C=C1)C#N,104-85-8,-5.178,Cc1ccc(C#N)cc1,Cc1ccc(C#N)cc1,
SkinPiX,p-Tolunitrile,CC1=CC=C(C=C1)C#N,104-85-8,-5.067,Cc1ccc(C#N)cc1,Cc1ccc(C#N)cc1,
SkinPiX,trans-Cinnamaldehyde,C1=CC=C(C=C1)/C=C/C=O,14371-10-9,-5.092,O=C/C=C/c1ccccc1,O=C/C=C/c1ccccc1,
SkinPiX,trans-Cinnamaldehyde,C1=CC=C(C=C1)/C=C/C=O,14371-10-9,-4.941,O=C/C=C/c1ccccc1,O=C/C=C/c1ccccc1,
SkinPiX,trans-Cinnamic acid,C1=CC=C(C=C1)/C=C/C(=O)O,140-10-3,-6.032,O=C(O)/C=C/c1ccccc1,O=C(O)/C=C/c1ccccc1,
SkinPiX,trans-Cinnamic acid,C1=CC=C(C=C1)/C=C/C(=O)O,140-10-3,-5.874,O=C(O)/C=C/c1ccccc1,O=C(O)/C=C/c1ccccc1,
SkinPiX,α-Hexabromocyclododecane,C1C[C@H]([C@H](CC[C@H]([C@@H](CC[C@@H]([C@@H]1Br)Br)Br)Br)Br)Br,134237-50-6,-7.222,Br[C@@H]1CC[C@H](Br)[C@H](Br)CC[C@@H](Br)[C@@H](Br)CC[C@H]1Br,Br[C@@H]1CC[C@H](Br)[C@H](Br)CC[C@@H](Br)[C@@H](Br)CC[C@H]1Br,
SkinPiX,β-Hexabromocyclododecane,C1C[C@H]([C@H](CC[C@H]([C@H](CC[C@H]([C@@H]1Br)Br)Br)Br)Br)Br,134237-51-7,-7.389,Br[C@@H]1CC[C@@H](Br)[C@@H](Br)CC[C@@H](Br)[C@@H](Br)CC[C@H]1Br,Br[C@@H]1CC[C@@H](Br)[C@@H](Br)CC[C@@H](Br)[C@@H](Br)CC[C@H]1Br,
SkinPiX,γ-Hexabromocyclododecane,C1C[C@H]([C@H](CC[C@@H]([C@@H](CC[C@H]([C@@H]1Br)Br)Br)Br)Br)Br,134237-52-8,-7.42,Br[C@@H]1CC[C@@H](Br)[C@@H](Br)CC[C@H](Br)[C@H](Br)CC[C@H]1Br,Br[C@@H]1CC[C@@H](Br)[C@@H](Br)CC[C@H](Br)[C@H](Br)CC[C@H]1Br,
Cheruvu2022,Benzene,,71-43-0,-4.510588441826419,,71-43-0,
Cheruvu2022,Benzoic acid,,65-85-0,-5.064940806933015,,65-85-0,
Cheruvu2022,Benzoic acid,,65-85-0,-5.064940806933015,,65-85-0,
Cheruvu2022,Benzyl alcohol,,100-51-6,-5.77836249209525,,100-51-6,
Cheruvu2022,Betamethasone-17-valerate,,2152-44-5,-6.436716725805503,,2152-44-5,
Cheruvu2022,p-Bromophenol,,106-41-3,-4.995821753385906,,106-41-3,
Cheruvu2022,"2,3-Butanediol",,513-85-9,-7.857332496431269,,513-85-9,
Cheruvu2022,Butanol,,71-36-3,-6.079181246047625,,71-36-3,
Cheruvu2022,Butanol,,71-36-3,-6.15836249209525,,71-36-3,
Cheruvu2022,2-Butanone,,78-93-3,-5.903089986991944,,78-93-3,
Cheruvu2022,Chlorocresol,,59-50-7,-4.820370545117563,,59-50-7,
Cheruvu2022,p-Chlorophenol,,106-48-9,-5.0050561017201165,,106-48-9,
Cheruvu2022,o-Chlorophenol,,95-57-8,-5.036751422145562,,95-57-8,
Cheruvu2022,Chloroxylenol,,88-04-0,-4.785056101720117,,88-04-0,
Cheruvu2022,Cortexone,,64-85-7,-6.903089986991944,,64-85-7,
Cheruvu2022,Corticosterone,,50-22-6,-6.822177356439779,,50-22-6,
Cheruvu2022,Corticosterone,,50-22-6,-7.778151250383644,,50-22-6,
Cheruvu2022,Corticosterone,,50-22-6,-8.232020045469595,,50-22-6,
Cheruvu2022,Corticosterone,,50-22-6,-6.142177356439779,,50-22-6,
Cheruvu2022,Cortisone,,53-06-5,-8.556302500767288,,53-06-5,
Cheruvu2022,p-Cresol,,106-44-5,-5.305056101720117,,106-44-5,
Cheruvu2022,p-Cresol,,106-44-5,-4.477121254719663,,106-44-5,
Cheruvu2022,o-Cresol,,95-48-7,-5.35803033678488,,95-48-7,
Cheruvu2022,m-Cresol,,108-39-4,-5.368030336784881,,108-39-4,
Cheruvu2022,Decanol,,112-30-1,-4.653212513775344,,112-30-1,
Cheruvu2022,"2,4-Dichlorophenol",,120-83-2,-4.777664194601561,,120-83-2,
Cheruvu2022,beta-Estradiol,,50-28-2,-5.568636235841012,,50-28-2,
Cheruvu2022,Beta-estradiol,,50-28-2,-7.079181246047625,,50-28-2,
Cheruvu2022,beta-Estradiol,,50-28-2,-5.8378008119000135,,50-28-2,
Cheruvu2022,Estriol,,50-27-1,-7.954242509439325,,50-27-1,
Cheruvu2022,Estrone,,53-16-7,-6.0,,53-16-7,
Cheruvu2022,Ethanol,,64-17-5,-6.653212513775344,,64-17-5,
Cheruvu2022,2-Ethoxy ethanol,,110-80-5,-7.15836249209525,,110-80-5,
Cheruvu2022,Ethyl ether,,69-29-7,-5.352182518111363,,69-29-7,
Cheruvu2022,p-Ethylphenol,,123-07-9,-5.019086357487023,,123-07-9,
Cheruvu2022,5-Fluorouracil (+ - + -),,51-21-8,-8.022276394711152,,51-21-8,
Cheruvu2022,Heptanol,,53535-33-4,-4.981114655839626,,53535-33-4,
Cheruvu2022,Heptanol,,53535-33-4,-5.051152522447381,,53535-33-4,
Cheruvu2022,Hexanol,,111-27-3,-5.442359148460451,,111-27-3,
Cheruvu2022,Hydrocortisone,,50-23-7,-9.079181246047625,,50-23-7,
Cheruvu2022,Hydrocortisone,,50-23-7,-9.083546051450075,,50-23-7,
Cheruvu2022,4-Hydroxybenzyl alcohol,,623-05-2,-6.2552725051033065,,623-05-2,
Cheruvu2022,alfa-(4-Hydroxyphenyl) acetamide,,17194-82-0,-6.903089986991944,,17194-82-0,
Cheruvu2022,17-alfa-Hydroxyprogesterone,,68-96-2,-6.778151250383644,,68-96-2,
Cheruvu2022,Mannitol,,69-65-8,-7.560667306169737,,69-65-8,
Cheruvu2022,Mannitol,,69-65-8,-7.74440591436967,,69-65-8,
Cheruvu2022,Mannitol,,69-65-8,-7.556302500767288,,69-65-8,
Cheruvu2022,Methanol,,67-56-1,-6.857332496431269,,67-56-1,
Cheruvu2022,Methanol,,67-56-1,-6.352182518111363,,67-56-1,
Cheruvu2022,Methylparaben,,99-76-3,-5.590245853074125,,99-76-3,
Cheruvu2022,Beta-naphthol; 2-naphthol,,135-19-3,-5.110698297493689,,135-19-3,
Cheruvu2022,"Nicotinate, ethyl",,614-18-6,-6.664207898076807,,614-18-6,
Cheruvu2022,"Nicotinate, methyl",,93-60-7,-6.832026631166498,,93-60-7,
Cheruvu2022,p-Nitrophenol; 4-nitrophenol,,100-02-7,-5.806302500767288,,100-02-7,
Cheruvu2022,m-Nitrophenol; 3-nitrophenol,,554-84-7,-5.804785449321223,,554-84-7,
Cheruvu2022,Nonanol,,143-08-8,-4.778151250383644,,143-08-8,
Cheruvu2022,Octanol,,111-87-5,-4.840299157132488,,111-87-5,
Cheruvu2022,Octanol,,111-87-5,-4.770972665756521,,111-87-5,
Cheruvu2022,Pentanol,,71-41-0,-5.778151250383644,,71-41-0,
Cheruvu2022,Phenol,,108-95-2,-5.266267889404769,,108-95-2,
Cheruvu2022,Phenol,,108-95-2,-7.384225243797807,,108-95-2,
Cheruvu2022,Phenol,,108-95-2,-5.645380593143361,,108-95-2,
Cheruvu2022,2-Phenylethanol,,60-12-8,-5.6715750058705945,,60-12-8,
Cheruvu2022,o-Phenylenediamine,,95-54-5,-6.903089986991944,,95-54-5,
Cheruvu2022,p-Phenylenediamine,,106-50-3,-7.176091259055681,,106-50-3,
Cheruvu2022,Prednisolone,,50-24-8,-7.88420464283157,,50-24-8,
Cheruvu2022,Pregnenolone,,145-13-1,-6.380211241711606,,145-13-1,
Cheruvu2022,Progesterone,,57-83-0,-6.380211241711606,,57-83-0,
Cheruvu2022,Propanol,,71-23-8,-6.325853579389014,,71-23-8,
Cheruvu2022,Propanol,,71-23-8,-6.477121254719663,,71-23-8,
Cheruvu2022,"Resorcinol; 1,3-Benzenediol",,108-46-3,-7.179215857410142,,108-46-3,
Cheruvu2022,Sucrose,,57-50-1,-8.583174647167588,,57-50-1,
Cheruvu2022,Testosterone,,58-22-0,-6.954242509439325,,58-22-0,
Cheruvu2022,Testosterone,,58-22-0,-6.623828736090134,,58-22-0,
Cheruvu2022,Thymol; 2-Isopropyl-5-methylphenol,,89-83-8,-4.832377303468115,,89-83-8,
Cheruvu2022,Toluene,,108-88-3,-3.6372244083912135,,108-88-3,
Cheruvu2022,Triamcinolone,,124-94-7,-8.9564194286936,,124-94-7,
Cheruvu2022,Triamcinolone acetonide,,76-25-5,-8.262939946055841,,76-25-5,
Cheruvu2022,"2,4,6-Trichlorophenol",,88-06-2,-4.789060332448862,,88-06-2,
Cheruvu2022,Urea,,57-13-6,-7.111259039317107,,57-13-6,
Cheruvu2022,Urea,,57-13-6,-7.251243626080145,,57-13-6,
Cheruvu2022,Urea,,57-13-6,-7.38604078537233,,57-13-6,
Cheruvu2022,Water,,7732-18-5,-6.363177902412826,,7732-18-5,
Cheruvu2022,Water,,7732-18-5,-6.365970802596996,,7732-18-5,
Cheruvu2022,Water,,7732-18-5,-6.626883575052995,,7732-18-5,
Cheruvu2022,Water,,7732-18-5,-6.857332496431269,,7732-18-5,
Cheruvu2022,"3,4-Xylenol",,95-65-8,-4.999086357487023,,95-65-8,
Cheruvu2022,Methyl 4-hydroxyphenylacetate,,14199-15-6,-5.2552725051033065,,14199-15-6,
Cheruvu2022,Hydrocortisone-21-hexanoate; Hydrocortisone caproate,,3593-96-2,-5.556302500767288,,3593-96-2,
Cheruvu2022,Hydrocortisone-21-hemisuccinate,,2203-97-6,-6.756961951313706,,2203-97-6,
Cheruvu2022,Hydrocortisone-21-propionate,,6677-98-1,-6.024823583725032,,6677-98-1,
Cheruvu2022,4-Amino-2-Nitrophenol,,119-34-6,-7.621804049523719,,119-34-6,
Cheruvu2022,"Nicotinate, ethyl",,614-18-6,-6.642488648383571,,614-18-6,
Cheruvu2022,"Nicotinate, methyl",,93-60-7,-6.866106420738774,,93-60-7,
Cheruvu2022,Fentanyl base,,437-38-7,-5.535113201697349,,437-38-7,opioid (ATC N02A)
Cheruvu2022,Fentanyl base,,437-38-7,-5.503224057283868,,437-38-7,opioid (ATC N02A)
Cheruvu2022,Sufentanil base,,56030-54-7,-5.374458912822515,,56030-54-7,opioid (ATC N02A)
Cheruvu2022,Water,,7732-18-5,-7.2552725051033065,,7732-18-5,
Cheruvu2022,5-Fluorouracil,,51-21-8,-8.027385800489633,,51-21-8,
Cheruvu2022,5-Fluorouracil,,51-21-8,-8.194574664749695,,51-21-8,
Cheruvu2022,5-Fluorouracil,,51-21-8,-7.9776632907992155,,51-21-8,
Cheruvu2022,5-Fluorouracil,,51-21-8,-7.919814604413922,,51-21-8,
Cheruvu2022,5-Fluorouracil,,51-21-8,-8.236156214656233,,51-21-8,
Cheruvu2022,5-Fluorouracil,,51-21-8,-8.46994267009254,,51-21-8,
Cheruvu2022,5-Fluorouracil,,51-21-8,-7.885129658052204,,51-21-8,
Cheruvu2022,5-Fluorouracil,,51-21-8,-8.642488648383571,,51-21-8,
Cheruvu2022,5-Fluorouracil,,51-21-8,-7.850438788483368,,51-21-8,
Cheruvu2022,5-Fluorouracil,,51-21-8,-8.165367393663908,,51-21-8,
Cheruvu2022,5-Fluorouracil,,51-21-8,-8.40401415638423,,51-21-8,
Cheruvu2022,5-Fluorouracil,,51-21-8,-8.445712790468038,,51-21-8,
Cheruvu2022,5-Fluorouracil,,51-21-8,-8.687070781036311,,51-21-8,
Cheruvu2022,5-Fluorouracil,,51-21-8,-8.346787486224656,,51-21-8,
Cheruvu2022,5-Fluorouracil,,51-21-8,-8.027385800489633,,51-21-8,
Cheruvu2022,5-Fluorouracil,,51-21-8,-8.099936467638244,,51-21-8,
Cheruvu2022,5-Fluorouracil,,51-21-8,-8.06354211174045,,51-21-8,
Cheruvu2022,5-Fluorouracil,,51-21-8,-8.933053210369387,,51-21-8,
Cheruvu2022,5-Fluorouracil,,51-21-8,-8.51097952198063,,51-21-8,
Cheruvu2022,5-Fluorouracil,,51-21-8,-8.15836249209525,,51-21-8,
Cheruvu2022,5-Fluorouracil,,51-21-8,-7.935126218992252,,51-21-8,
Cheruvu2022,5-Fluorouracil,,51-21-8,-8.223864040851682,,51-21-8,
Cheruvu2022,Estradiol,,50-28-2,-5.9857595608853895,,50-28-2,
Cheruvu2022,Estradiol,,50-28-2,-6.0954046580107395,,50-28-2,
Cheruvu2022,Estradiol,,50-28-2,-6.360402848358054,,50-28-2,
Cheruvu2022,Estradiol,,50-28-2,-5.7796013167788765,,50-28-2,
Cheruvu2022,Estradiol,,50-28-2,-6.154901959985743,,50-28-2,
Cheruvu2022,Estradiol,,50-28-2,-6.1833904977971805,,50-28-2,
Cheruvu2022,Estradiol,,50-28-2,-5.944579192759946,,50-28-2,
Cheruvu2022,Estradiol,,50-28-2,-6.077736005173444,,50-28-2,
Cheruvu2022,Estradiol,,50-28-2,-6.007299238741499,,50-28-2,
Cheruvu2022,Estradiol,,50-28-2,-6.0484466290714565,,50-28-2,
Cheruvu2022,Estradiol,,50-28-2,-6.0338582672609675,,50-28-2,
Cheruvu2022,Estradiol,,50-28-2,-6.128167706738498,,50-28-2,
Cheruvu2022,Estradiol,,50-28-2,-6.196467018427399,,50-28-2,
Cheruvu2022,Estradiol,,50-28-2,-6.039106602817313,,50-28-2,
Cheruvu2022,Estradiol,,50-28-2,-6.08795517035513,,50-28-2,
Cheruvu2022,Estradiol,,50-28-2,-6.043084900699348,,50-28-2,
Cheruvu2022,Estradiol,,50-28-2,-5.99045468209377,,50-28-2,
Cheruvu2022,Estradiol,,50-28-2,-5.90599497763535,,50-28-2,
Cheruvu2022,Salicylic acid,,69-72-7,-4.903089986991944,,69-72-7,"NSAID / non-opioid (ATC M01A, N02B)"
Cheruvu2022,Methotrexate,,59-05-2,-6.91781324381265,,59-05-2,
Cheruvu2022,Methotrexate,,59-05-2,-6.997994017302402,,59-05-2,
Cheruvu2022,benzoic acid,,65-85-0,-5.675488908486496,,65-85-0,
Cheruvu2022,bis(2-ethylhexyl)phthalate,,117-81-7,-7.653212513775344,,117-81-7,
Cheruvu2022,cortisone,,53-06-5,-7.380211241711606,,53-06-5,
Cheruvu2022,decanol,,112-30-1,-5.514909815609062,,112-30-1,
Cheruvu2022,Diazinon,,333-41-5,-5.616783248148669,,333-41-5,
Cheruvu2022,ethacrynic acid,,58-54-8,-7.380211241711606,,58-54-8,
Cheruvu2022,linolenic acid,,463-40-1,-5.988100776700293,,463-40-1,
Cheruvu2022,octylparaben,,1219-38-1,-5.587819552213352,,1219-38-1,
Cheruvu2022,oleic acid,,112-80-1,-6.442359148460451,,112-80-1,
Cheruvu2022,propylparaben,,94-13-3,-5.4101744650890495,,94-13-3,
Cheruvu2022,Salicylic acid,,69-72-7,-6.587819552213352,,69-72-7,"NSAID / non-opioid (ATC M01A, N02B)"
Cheruvu2022,testosterone,,58-22-0,-5.669811775594805,,58-22-0,
Cheruvu2022,acetic acid,,64-19-7,-5.954242509439325,,64-19-7,
Cheruvu2022,acetic acid,,64-19-7,-6.051152522447381,,64-19-7,
Cheruvu2022,acetic acid,,64-19-7,-6.4101744650890495,,64-19-7,
Cheruvu2022,acetic acid,,64-19-7,-6.6020599913279625,,64-19-7,
Cheruvu2022,acetic acid,,64-19-7,-6.653212513775344,,64-19-7,
Cheruvu2022,butoxyethanol,,111-76-2,-5.823908740944319,,111-76-2,
Cheruvu2022,butoxyethanol,,111-76-2,-5.632023214705406,,111-76-2,
Cheruvu2022,butoxyethanol,,111-76-2,-5.9128498242811,,111-76-2,
Cheruvu2022,butoxyethanol,,111-76-2,-5.857332496431269,,111-76-2,
Cheruvu2022,butoxyethanol,,111-76-2,-5.840299157132488,,111-76-2,
Cheruvu2022,decanol,,112-30-1,-5.459392487759231,,112-30-1,
Cheruvu2022,decanol,,112-30-1,-5.352182518111363,,112-30-1,
Cheruvu2022,decanol,,112-30-1,-5.435728569561437,,112-30-1,
Cheruvu2022,decanol,,112-30-1,-5.310789832953137,,112-30-1,
Cheruvu2022,"2,4-dichlorophenol",,120-83-2,-4.577665552382813,,120-83-2,
Cheruvu2022,"2,4-dichlorophenol",,120-83-2,-4.798906471974263,,120-83-2,
Cheruvu2022,"2,4-dichlorophenol",,120-83-2,-4.707497799715483,,120-83-2,
Cheruvu2022,"2,4-dichlorophenol",,120-83-2,-4.736101041281647,,120-83-2,
Cheruvu2022,octylparaben,,1219-38-1,-5.46639738932789,,1219-38-1,
Cheruvu2022,octylparaben,,1219-38-1,-5.34411489636333,,1219-38-1,
Cheruvu2022,octylparaben,,1219-38-1,-5.377325553474118,,1219-38-1,
Cheruvu2022,octylparaben,,1219-38-1,-5.535113201697349,,1219-38-1,
Cheruvu2022,propylparaben,,94-13-3,-5.1122577048492115,,94-13-3,
Cheruvu2022,propylparaben,,94-13-3,-5.179725543710775,,94-13-3,
Cheruvu2022,propylparaben,,94-13-3,-5.168912674428558,,94-13-3,
Cheruvu2022,propylparaben,,94-13-3,-5.261836274605694,,94-13-3,
Cheruvu2022,propylparaben,,94-13-3,-5.261836274605694,,94-13-3,
Cheruvu2022,testosterone,,58-22-0,-5.51097952198063,,58-22-0,
Cheruvu2022,testosterone,,58-22-0,-5.5695307665010425,,58-22-0,
Cheruvu2022,testosterone,,58-22-0,-5.5831746471675885,,58-22-0,
Cheruvu2022,testosterone,,58-22-0,-5.621804049523719,,58-22-0,
Cheruvu2022,testosterone,,58-22-0,-5.664207898076807,,58-22-0,
Cheruvu2022,Hydroxypregnenolone,,145-13-1,-6.778151250383644,,145-13-1,
Cheruvu2022,Aldosterone,,52-39-1,-7.792874507204351,,52-39-1,
Cheruvu2022,Hydrocortisone,,50-23-7,-7.194574664749695,,50-23-7,
Cheruvu2022,Beta-Estradiol,,50-28-2,-5.943518644047552,,50-28-2,
Cheruvu2022,Progesterone,,57-83-0,-5.079181246047625,,57-83-0,
Cheruvu2022,Water,,7732-18-5,-6.718083278859662,,7732-18-5,
Cheruvu2022,Water,,7732-18-5,-6.597261108446194,,7732-18-5,
Cheruvu2022,Water,,7732-18-5,-6.803486069579016,,7732-18-5,
Cheruvu2022,Mannitol,,69-65-8,-8.514909815609062,,69-65-8,
Cheruvu2022,Mannitol,,69-65-8,-8.15836249209525,,69-65-8,
Cheruvu2022,Mannitol,,69-65-8,-8.176091259055681,,69-65-8,
Cheruvu2022,Hydroquinone,,123-31-9,-8.586420857020787,,123-31-9,
Cheruvu2022,water,,7732-18-5,-6.587819552213352,,7732-18-5,
Cheruvu2022,water,,7732-18-5,-6.495604660413676,,7732-18-5,
Cheruvu2022,Sodium caprate; Decanoic acid soap (C10:0),,1002-62-6,-6.508638306165727,,1002-62-6,
Cheruvu2022,Caffeine,,58-08-2,-7.211910227082177,,58-08-2,
Cheruvu2022,Aldosterone,,52-39-1,-7.857332496431269,,52-39-1,
Cheruvu2022,Butanol,,71-36-3,-6.213879819945081,,71-36-3,
Cheruvu2022,Corticosterone,,50-22-6,-7.079181246047625,,50-22-6,
Cheruvu2022,Estradiol,,50-28-2,-6.079181246047625,,50-28-2,
Cheruvu2022,Sucrose,,57-50-1,-8.840299157132488,,57-50-1,
Cheruvu2022,Water,,7732-18-5,-7.079181246047625,,7732-18-5,
Cheruvu2022,Benzene,,71-43-0,-4.352182518111363,,71-43-0,
Cheruvu2022,Butanol,,71-36-3,-6.213879819945081,,71-36-3,
Cheruvu2022,Corticosterone,,50-22-6,-7.079181246047625,,50-22-6,
Cheruvu2022,Estradiol,,50-28-2,-6.051152522447381,,50-28-2,
Cheruvu2022,Progesterone,,57-83-0,-5.442359148460451,,57-83-0,
Cheruvu2022,Testosterone,,58-22-0,-6.213879819945081,,58-22-0,
Cheruvu2022,Methylparaben,,99-76-3,-5.632023214705406,,99-76-3,
Cheruvu2022,4-propoxyphenol,,18979-50-5,-5.380211241711606,,18979-50-5,
Cheruvu2022,4-propoxyphenol,,18979-50-5,-5.382200370549048,,18979-50-5,
Cheruvu2022,methyl salicylate,,119-36-8,-5.0,,119-36-8,"NSAID / non-opioid (ATC M01A, N02B)"
Cheruvu2022,Beta-naphthol; 2-naphthol,,135-19-3,-4.756961951313706,,135-19-3,
Cheruvu2022,chlorocresol,,59-50-7,-5.0,,59-50-7,
Cheruvu2022,chlorocresol,,59-50-7,-5.417717419403284,,59-50-7,
Cheruvu2022,Iso-thymol; Carvacrol,,499-75-2,-4.809668301829708,,499-75-2,
Cheruvu2022,Thymol; 2-Isopropyl-5-methylphenol,,89-83-8,-4.769551078621726,,89-83-8,
Cheruvu2022,o-t-butylphenol,,88-18-6,-4.684729565221408,,88-18-6,
Cheruvu2022,chloroxylenol,,88-04-0,-4.651046452018836,,88-04-0,
Cheruvu2022,p-n-butylphenol; 4-Butylphenol,,1638-22-8,-4.670941280735775,,1638-22-8,
Cheruvu2022,Corticosterone,,50-22-6,-6.494850021680094,,50-22-6,
Cheruvu2022,Corticosterone,,50-22-6,-6.309803919971486,,50-22-6,
Cheruvu2022,Corticosterone,,50-22-6,-5.987162775294827,,50-22-6,
Cheruvu2022,Corticosterone,,50-22-6,-5.444905551421681,,50-22-6,
Cheruvu2022,Corticosterone,,50-22-6,-4.777283528852417,,50-22-6,
Cheruvu2022,Corticosterone,,50-22-6,-6.468521082957745,,50-22-6,
Cheruvu2022,Corticosterone,,50-22-6,-5.603800652904264,,50-22-6,
Cheruvu2022,Corticosterone,,50-22-6,-5.4723700991286615,,50-22-6,
Cheruvu2022,Corticosterone,,50-22-6,-5.364516253185088,,50-22-6,
Cheruvu2022,Corticosterone,,50-22-6,-5.136677139879544,,50-22-6,
Cheruvu2022,Corticosterone,,50-22-6,-6.455931955649724,,50-22-6,
Cheruvu2022,Corticosterone,,50-22-6,-5.91721462968355,,50-22-6,
Cheruvu2022,Corticosterone,,50-22-6,-5.515700160653214,,50-22-6,
Cheruvu2022,Corticosterone,,50-22-6,-5.251811972993799,,50-22-6,
Cheruvu2022,Corticosterone,,50-22-6,-6.522878745280337,,50-22-6,
Cheruvu2022,Corticosterone,,50-22-6,-6.292429823902063,,50-22-6,
Cheruvu2022,Corticosterone,,50-22-6,-5.96657624451305,,50-22-6,
Cheruvu2022,Corticosterone,,50-22-6,-5.655607726314889,,50-22-6,
Cheruvu2022,Corticosterone,,50-22-6,-5.431798275933005,,50-22-6,
Cheruvu2022,Corticosterone,,50-22-6,-6.431798275933005,,50-22-6,
Cheruvu2022,Corticosterone,,50-22-6,-5.935542010773082,,50-22-6,
Cheruvu2022,Corticosterone,,50-22-6,-5.876148359032914,,50-22-6,
Cheruvu2022,Corticosterone,,50-22-6,-5.679853713888946,,50-22-6,
Cheruvu2022,Corticosterone,,50-22-6,-5.346787486224656,,50-22-6,
Cheruvu2022,Corticosterone,,50-22-6,-6.376750709602099,,50-22-6,
Cheruvu2022,Corticosterone,,50-22-6,-6.065501548756432,,50-22-6,
Cheruvu2022,Corticosterone,,50-22-6,-5.661543506395395,,50-22-6,
Cheruvu2022,Corticosterone,,50-22-6,-5.416801226031377,,50-22-6,
Cheruvu2022,Corticosterone,,50-22-6,-5.2839966563652006,,50-22-6,
Cheruvu2022,Naltrexone,,16590-41-3,-6.2227432802763865,,16590-41-3,opioid (ATC N02A)
Cheruvu2022,water,,7732-18-5,-6.748091527843066,,7732-18-5,
Cheruvu2022,water,,7732-18-5,-6.730876382999464,,7732-18-5,
Cheruvu2022,water,,7732-18-5,-6.546426867055127,,7732-18-5,
Cheruvu2022,Mannitol,,69-65-8,-8.380211241711606,,69-65-8,
Cheruvu2022,Mannitol,,69-65-8,-8.277548899814459,,69-65-8,
Cheruvu2022,water,,7732-18-5,-6.739398661391627,,7732-18-5,
Cheruvu2022,water,,7732-18-5,-6.748767472698434,,7732-18-5,
Cheruvu2022,water,,7732-18-5,-6.7528453851188734,,7732-18-5,
Cheruvu2022,2-phenylethanol,,60-12-8,-4.815939811273044,,60-12-8,
Cheruvu2022,4-phenylbutanol,,3360-41-6,-4.637224408391213,,3360-41-6,
Cheruvu2022,5-phenylpentanol,,10521-91-2,-4.503224057283868,,10521-91-2,
Cheruvu2022,Methylparaben,,99-76-3,-5.229884705212898,,99-76-3,
Cheruvu2022,Butylparaben,,94-26-8,-4.537602002101044,,94-26-8,
Cheruvu2022,Diethyl phthalate,,84-66-2,-5.261395590162095,,84-66-2,
Cheruvu2022,Caffeine,,58-08-2,-7.363177902412826,,58-08-2,
Cheruvu2022,Corticosterone,,50-22-6,-6.721246399047171,,50-22-6,
Cheruvu2022,Urea,,57-13-6,-7.508638306165727,,57-13-6,
Cheruvu2022,Mannitol,,69-65-8,-8.013228265733755,,69-65-8,
Cheruvu2022,Glycerol,,56-81-5,-8.1249387366083,,56-81-5,
Cheruvu2022,Triamcinolone acetonide,,76-25-5,-6.958607314841775,,76-25-5,
Cheruvu2022,Estradiol,,50-28-2,-5.920818753952375,,50-28-2,
Cheruvu2022,caffeine,,58-08-2,-7.711204460753031,,58-08-2,
Cheruvu2022,Corticosterone,,50-22-6,-6.468521082957745,,50-22-6,
Cheruvu2022,Corticosterone,,50-22-6,-6.050609993355087,,50-22-6,
Cheruvu2022,Corticosterone,,50-22-6,-5.886056647693163,,50-22-6,
Cheruvu2022,Corticosterone,,50-22-6,-5.764471553092451,,50-22-6,
Cheruvu2022,Corticosterone,,50-22-6,-6.468521082957745,,50-22-6,
Cheruvu2022,Corticosterone,,50-22-6,-5.913640169325252,,50-22-6,
Cheruvu2022,Corticosterone,,50-22-6,-5.7594507517174005,,50-22-6,
Cheruvu2022,Corticosterone,,50-22-6,-5.688246138944246,,50-22-6,
Cheruvu2022,Corticosterone,,50-22-6,-6.481486060122112,,50-22-6,
Cheruvu2022,Corticosterone,,50-22-6,-6.221848749616356,,50-22-6,
Cheruvu2022,Corticosterone,,50-22-6,-5.943095148663527,,50-22-6,
Cheruvu2022,Corticosterone,,50-22-6,-5.924453038607469,,50-22-6,
Cheruvu2022,Corticosterone,,50-22-6,-6.455931955649724,,50-22-6,
Cheruvu2022,Corticosterone,,50-22-6,-5.96657624451305,,50-22-6,
Cheruvu2022,Corticosterone,,50-22-6,-5.721246399047171,,50-22-6,
Cheruvu2022,Corticosterone,,50-22-6,-5.460923901207224,,50-22-6,
Cheruvu2022,Corticosterone,,50-22-6,-5.236572006437063,,50-22-6,
Cheruvu2022,Corticosterone,,50-22-6,-6.468521082957745,,50-22-6,
Cheruvu2022,Corticosterone,,50-22-6,-5.84163750790475,,50-22-6,
Cheruvu2022,Corticosterone,,50-22-6,-5.58838029403677,,50-22-6,
Cheruvu2022,Corticosterone,,50-22-6,-5.460923901207224,,50-22-6,
Cheruvu2022,Corticosterone,,50-22-6,-5.267606240177032,,50-22-6,
Cheruvu2022,Aldosterone,,52-39-1,-8.079181246047625,,52-39-1,
Cheruvu2022,Corticosterone,,50-22-6,-7.556302500767288,,50-22-6,
Cheruvu2022,Decanol,,112-30-1,-4.6020599913279625,,112-30-1,
Cheruvu2022,Estradiol,,50-28-2,-6.079181246047625,,50-28-2,
Cheruvu2022,Lidocaine,,137-58-6,-6.079181246047625,,137-58-6,local anaesthetic (ATC N01B)
Cheruvu2022,Naphthol,,90-15-3,-5.1413291527964695,,90-15-3,
Cheruvu2022,Octanol,,111-87-5,-4.711204460753031,,111-87-5,
Cheruvu2022,Progesterone,,57-83-0,-5.2552725051033065,,57-83-0,
Cheruvu2022,Testosterone,,58-22-0,-6.213879819945081,,58-22-0,
Cheruvu2022,Estradiol,,50-28-2,-6.079181246047625,,50-28-2,
Cheruvu2022,Aldosterone,,52-39-1,-8.079181246047625,,52-39-1,
Cheruvu2022,Testosterone,,58-22-0,-6.213879819945081,,58-22-0,
Cheruvu2022,Lidocaine,,137-58-6,-6.079181246047625,,137-58-6,local anaesthetic (ATC N01B)
Cheruvu2022,Naphthol,,90-15-3,-5.079181246047625,,90-15-3,
Cheruvu2022,methanol,,67-56-1,-6.857332496431269,,67-56-1,
Cheruvu2022,ethanol,,64-17-5,-6.653212513775344,,64-17-5,
Cheruvu2022,n-propanol,,71-23-8,-6.477121254719663,,71-23-8,
Cheruvu2022,n-butanol,,71-36-3,-6.15836249209525,,71-36-3,
Cheruvu2022,n-pentanol,,71-41-0,-5.778151250383644,,71-41-0,
Cheruvu2022,n-hexanol,,111-27-3,-5.442359148460451,,111-27-3,
Cheruvu2022,n-heptanol,,53535-33-4,-5.051152522447381,,53535-33-4,
Cheruvu2022,n-octanol,,111-87-5,-4.840299157132488,,111-87-5,
Cheruvu2022,n-nonanol,,143-08-8,-4.778151250383644,,143-08-8,
Cheruvu2022,n-decanol,,112-30-1,-4.653212513775344,,112-30-1,
Cheruvu2022,Raffinose,,512-69-6,-7.853871964321762,,512-69-6,
Cheruvu2022,Sucrose,,57-50-1,-6.690369832574101,,57-50-1,
Cheruvu2022,Mannitol,,69-65-8,-6.709965388637482,,69-65-8,
Cheruvu2022,Methylglucose,,146-72-5,-7.236572006437063,,146-72-5,
Cheruvu2022,Glycerol,,56-81-5,-6.562249437179612,,56-81-5,
Cheruvu2022,Atenolol,,29122-68-7,-7.522878745280337,,29122-68-7,
Cheruvu2022,Nadolol,,42200-33-9,-7.657577319177793,,42200-33-9,
Cheruvu2022,Pindolol,,13523-86-9,-7.259637310505756,,13523-86-9,
Cheruvu2022,Metoprolol,,51384-51-1,-7.080921907623926,,51384-51-1,
Cheruvu2022,Timolol,,26839-75-8,-7.0915149811213505,,26839-75-8,
Cheruvu2022,Alprenolol,,13655-52-2,-6.342944147142896,,13655-52-2,
Cheruvu2022,Aldosterone,,52-39-1,-7.568636235841012,,52-39-1,
Cheruvu2022,Corticosterone,,50-22-6,-6.790484985457369,,50-22-6,
Cheruvu2022,Testosterone,,58-22-0,-5.688246138944246,,58-22-0,
Cheruvu2022,Estradiol,,50-28-2,-5.636388020107855,,50-28-2,
Cheruvu2022,Mannitol,,69-65-8,-8.238882088915137,,69-65-8,
Cheruvu2022,Estradiol,,50-28-2,-8.253106443346798,,50-28-2,
Cheruvu2022,1-(diphenylmethyl)-4-methylpiperazine,,nan,-6.079181246047625,,nan,
Cheruvu2022,1-(diphenylmethyl)-4-ethylpiperazine,,nan,-4.9128498242811,,nan,
Cheruvu2022,1-(diphenylmethyl)-4-propylpiperazine,,nan,-5.9128498242811,,nan,
Cheruvu2022,1-(diphenylmethyl)-4-butylpiperazine,,nan,-5.857332496431269,,nan,
Cheruvu2022,phenol,,108-95-2,-5.586302500767287,,108-95-2,
Cheruvu2022,catechol,,120-80-9,-6.0663025007672875,,120-80-9,
Cheruvu2022,resorcinol,,108-46-3,-6.626302500767287,,108-46-3,
Cheruvu2022,hydroquinone,,123-31-9,-6.506302500767288,,123-31-9,
Cheruvu2022,"1,2,4-Benzenetriol",,533-73-3,-7.456302500767287,,533-73-3,
Cheruvu2022,pyrogallol,,87-66-1,-6.366302500767288,,87-66-1,
Cheruvu2022,phloroglucinol,,108-73-6,-6.0663025007672875,,108-73-6,
Cheruvu2022,Estradiol,,50-28-2,-5.542118103266008,,50-28-2,
Cheruvu2022,Estradiol,,50-28-2,-5.769551078621726,,50-28-2,
Cheruvu2022,Corticosterone,,50-22-6,-7.556302500767288,,50-22-6,
Cheruvu2022,Dexamethasone,,50--2-2,-7.7501225267834,,50--2-2,
Cheruvu2022,Estradiol,,50-28-2,-5.9372091701405445,,50-28-2,
Cheruvu2022,Lidocaine,,137-58-6,-5.957511994004172,,137-58-6,local anaesthetic (ATC N01B)
Cheruvu2022,Testosterone,,58-22-0,-5.827137711074517,,58-22-0,
Cheruvu2022,sotalol,,3930-20-9,-7.549750891680639,,3930-20-9,
Cheruvu2022,water,,7732-18-5,-7.144019902790234,,7732-18-5,
Cheruvu2022,sotalol,,3930-20-9,-7.559090917934782,,3930-20-9,
Cheruvu2022,water,,7732-18-5,-7.059543657771041,,7732-18-5,
Cheruvu2022,sotalol,,3930-20-9,-7.581698708680255,,3930-20-9,
Cheruvu2022,water,,7732-18-5,-6.9517429618523,,7732-18-5,
Cheruvu2022,sotalol,,3930-20-9,-7.575118363368933,,3930-20-9,
Cheruvu2022,water,,7732-18-5,-6.938584442561095,,7732-18-5,
Cheruvu2022,sotalol,,3930-20-9,-7.730487055782083,,3930-20-9,
Cheruvu2022,water,,7732-18-5,-6.949659154047947,,7732-18-5,
Cheruvu2022,sotalol,,3930-20-9,-6.657577319177793,,3930-20-9,
Cheruvu2022,water,,7732-18-5,-6.791815261450302,,7732-18-5,
Cheruvu2022,salicylate,,63-36-5,-7.779891911959945,,63-36-5,"NSAID / non-opioid (ATC M01A, N02B)"
Cheruvu2022,water,,7732-18-5,-7.164555272629498,,7732-18-5,
Cheruvu2022,salicylate,,63-36-5,-7.2564902352715706,,63-36-5,"NSAID / non-opioid (ATC M01A, N02B)"
Cheruvu2022,water,,7732-18-5,-7.024850486476703,,7732-18-5,
Cheruvu2022,salicylate,,63-36-5,-7.53313237964589,,63-36-5,"NSAID / non-opioid (ATC M01A, N02B)"
Cheruvu2022,water,,7732-18-5,-7.087888675550886,,7732-18-5,
Cheruvu2022,Sotalol,,3930-20-9,-7.876148359032914,,3930-20-9,
Cheruvu2022,water,,7732-18-5,-6.79317412396815,,7732-18-5,
Cheruvu2022,water,,7732-18-5,-6.804100347590767,,7732-18-5,
Cheruvu2022,Sotalol,,3930-20-9,-7.73616537481,,3930-20-9,
Cheruvu2022,water,,7732-18-5,-6.853919509901208,,7732-18-5,
Cheruvu2022,Timolol,,26839-75-8,-7.126465119780001,,26839-75-8,
Cheruvu2022,water,,7732-18-5,-6.9899110270494065,,7732-18-5,
Cheruvu2022,water,,7732-18-5,-6.639125939504073,,7732-18-5,
Cheruvu2022,Urea,,57-13-6,-7.481946919920278,,57-13-6,
Cheruvu2022,Mannitol,,69-65-8,-7.994604968113293,,69-65-8,
Cheruvu2022,Sucrose,,57-50-1,-8.275724130399212,,57-50-1,
Cheruvu2022,Raffinose,,512-69-6,-8.411028382479344,,512-69-6,
Cheruvu2022,Sucrose,,57-50-1,-8.360887204557915,,57-50-1,
Cheruvu2022,urea,,57-13-6,-7.113509274827518,,57-13-6,
Cheruvu2022,sucrose,,57-50-1,-7.920818753952375,,57-50-1,
Cheruvu2022,urea,,57-13-6,-7.153353671422883,,57-13-6,
Cheruvu2022,sucrose,,57-50-1,-7.825358807339551,,57-50-1,
Cheruvu2022,Tetraethylammonium bromide (+),,71-91-0,-6.924453038607469,,71-91-0,
Cheruvu2022,Tetraethylammonium,,71-91-0,-6.810178037195624,,71-91-0,
Cheruvu2022,Mannitol,,69-65-8,-7.528952892992531,,69-65-8,
Cheruvu2022,Hydroquinone,,123-31-9,-5.97274509454154,,123-31-9,
Cheruvu2022,Hydroquinone,,123-31-9,-5.460153892900594,,123-31-9,
Cheruvu2022,"2,4-Dichloroacetophenone",,937-20-2,-5.4168285873705715,,937-20-2,
Cheruvu2022,"2,4-Dichloroacetophenone",,937-20-2,-4.300075436415061,,937-20-2,
Cheruvu2022,2-(Acetylamino)fluorene,,53-96-3,-4.663869165193921,,53-96-3,
Cheruvu2022,2-(Acetylamino)fluorene,,53-96-3,-4.7168244767891085,,53-96-3,
Cheruvu2022,"3-Methyl-3H-imidazo[4,5-f]quinolin-2-amine",,76180-96-6,-5.986866096289626,,76180-96-6,
Cheruvu2022,"3-Methyl-3H-imidazo[4,5-f]quinolin-2-amine",,76180-96-6,-5.6284860058569635,,76180-96-6,
Cheruvu2022,2-Ethylhexyl acrylate,,103-11-7,-5.3806478723224815,,103-11-7,
Cheruvu2022,2-Ethylhexyl acrylate,,103-11-7,-5.669192574034937,,103-11-7,
Cheruvu2022,4-Amino-3-nitrophenol,,610-81-1,-5.823021738075753,,610-81-1,
Cheruvu2022,4-Amino-3-nitrophenol,,610-81-1,-5.686041888389985,,610-81-1,
Cheruvu2022,4-Bromophenyl isocyanate,,2493-02-9,-5.307652302037318,,2493-02-9,
Cheruvu2022,4-Bromophenyl isocyanate,,2493-02-9,-5.397308099792799,,2493-02-9,
Cheruvu2022,p-Tolunitrile,,104-85-8,-5.067063124287345,,104-85-8,
Cheruvu2022,p-Tolunitrile,,104-85-8,-4.899662999060098,,104-85-8,
Cheruvu2022,6-Methylcoumarin,,92-48-8,-4.888238861910287,,92-48-8,
Cheruvu2022,6-Methylcoumarin,,92-48-8,-4.737671761893047,,92-48-8,
Cheruvu2022,7-Ethoxycoumarin,,31005-02-4,-4.475456417749891,,31005-02-4,
Cheruvu2022,7-Ethoxycoumarin,,31005-02-4,-4.338082643879818,,31005-02-4,
Cheruvu2022,Acetophenone,,98-86-2,-5.116473942431025,,98-86-2,
Cheruvu2022,Acetophenone,,98-86-2,-5.183710785576233,,98-86-2,
Cheruvu2022,Benzophenone,,119-61-9,-4.694524099053503,,119-61-9,
Cheruvu2022,Benzophenone,,119-61-9,-4.805508633964745,,119-61-9,
Cheruvu2022,Benzyl bromide,,100-39-0,-5.448329860535937,,100-39-0,
Cheruvu2022,Benzyl bromide,,100-39-0,-5.101422294363749,,100-39-0,
Cheruvu2022,Benzylideneacetone,,122-57-6,-4.674936259408055,,122-57-6,
Cheruvu2022,Benzylideneacetone,,122-57-6,-4.964251231541825,,122-57-6,
Cheruvu2022,Caffeine,,58-08-2,-6.162620583529337,,58-08-2,
Cheruvu2022,Caffeine,,58-08-2,-5.158506304237804,,58-08-2,
Cheruvu2022,Cinnamyl alcohol,,104-54-1,-5.035205916978239,,104-54-1,
Cheruvu2022,Cinnamyl alcohol,,104-54-1,-5.099601664261518,,104-54-1,
Cheruvu2022,Cyclophosphamide monohydrate,,6055-19-2,-6.093612033693894,,6055-19-2,
Cheruvu2022,Cyclophosphamide monohydrate,,6055-19-2,-6.46474716653247,,6055-19-2,
Cheruvu2022,Diethyl maleate,,141-05-9,-5.142386661012376,,141-05-9,
Cheruvu2022,Diethyl maleate,,141-05-9,-5.2237034772339594,,141-05-9,
Cheruvu2022,Diethylene glycol monobutyl ether,,112-34-5,-5.7231855513234695,,112-34-5,
Cheruvu2022,Diethylene glycol monobutyl ether,,112-34-5,-5.792302857783138,,112-34-5,
Cheruvu2022,Dimethyl phthalate,,131-11-3,-5.204123540301469,,131-11-3,
Cheruvu2022,Dimethyl phthalate,,131-11-3,-5.108887336677347,,131-11-3,
Cheruvu2022,"2,4-Dinitrochlorobenzene",,97-00-7,-5.056425144500067,,97-00-7,
Cheruvu2022,"2,4-Dinitrochlorobenzene",,97-00-7,-5.13131097773432,,97-00-7,
Cheruvu2022,Eugenol,,97-53-0,-5.111546466400291,,97-53-0,
Cheruvu2022,Eugenol,,97-53-0,-5.14928317655229,,97-53-0,
Cheruvu2022,Geraniol,,106-24-1,-4.570316871356115,,106-24-1,
Cheruvu2022,Geraniol,,106-24-1,-4.5429218809722665,,106-24-1,
Cheruvu2022,HC Red No. 3; 2-(4-Amino-2-nitroanilino)-ethanol,,2871-01-4,-5.226891352455951,,2871-01-4,
Cheruvu2022,HC Red No. 3; 2-(4-Amino-2-nitroanilino)-ethanol,,2871-01-4,-5.879012924744917,,2871-01-4,
Cheruvu2022,Hydrocortisone,,50-23-7,-6.2379385364362285,,50-23-7,
Cheruvu2022,Hydrocortisone,,50-23-7,-5.575244044727656,,50-23-7,
Cheruvu2022,Isoeugenol,,97-54-1,-4.969311597880293,,97-54-1,
Cheruvu2022,Isoeugenol,,97-54-1,-5.301986561344945,,97-54-1,
Cheruvu2022,Methyl methanesulfonate,,66-27-3,-5.624070142559078,,66-27-3,
Cheruvu2022,Methyl methanesulfonate,,66-27-3,-5.468356587676819,,66-27-3,
Cheruvu2022,Naphthalene,,91-20-3,-5.338504643261794,,91-20-3,
Cheruvu2022,Naphthalene,,91-20-3,-5.107417787769344,,91-20-3,
Cheruvu2022,Propylparaben,,94-13-3,-4.759208401967576,,94-13-3,
Cheruvu2022,Propylparaben,,94-13-3,-4.82236984444587,,94-13-3,
Cheruvu2022,Resorcinol,,108-46-3,-5.912730581375417,,108-46-3,
Cheruvu2022,Resorcinol,,108-46-3,-5.976535161641282,,108-46-3,
Cheruvu2022,trans-Cinnamaldehyde,,14371-10-9,-4.9406374870104965,,14371-10-9,
Cheruvu2022,trans-Cinnamaldehyde,,14371-10-9,-5.1093812133160466,,14371-10-9,
Cheruvu2022,Testosterone,,58-22-0,-4.972009218292968,,58-22-0,
Cheruvu2022,Testosterone,,58-22-0,-5.2026421235669496,,58-22-0,
Cheruvu2022,Caffeine,,58-08-2,-8.142168137843738,,58-08-2,
Cheruvu2022,Testosterone,,58-22-0,-5.613468006997191,,58-22-0,
Cheruvu2022,Caffeine,,58-08-2,-7.2552725051033065,,58-08-2,
Cheruvu2022,Methylparaben,,99-76-3,-5.518876002826664,,99-76-3,
Cheruvu2022,Butylparaben,,94-26-8,-4.708729841625175,,94-26-8,
Cheruvu2022,Basic Red 76 (Chloride salt),,68391-30-0,-6.328044373233307,,68391-30-0,
Cheruvu2022,Aldosterone,,52-39-1,-8.304660409625928,,52-39-1,
Cheruvu2022,Hydrocortisone,,50-23-7,-7.195002967686352,,50-23-7,
Cheruvu2022,Corticosterone,,50-22-6,-6.890986196069594,,50-22-6,
Cheruvu2022,Testosterone,,58-22-0,-5.9450623321187,,58-22-0,
Cheruvu2022,Progesterone,,57-83-0,-5.259742827640061,,57-83-0,
Cheruvu2022,Ethanol,,64–17-5,-6.277548899814459,,64–17-5,
Cheruvu2022,Butanol,,71-36-3,-5.658675409476846,,71-36-3,
Cheruvu2022,Hexanol,,111-27-3,-5.051152522447381,,111-27-3,
Cheruvu2022,Octanol,,111-87-5,-4.586420857020787,,111-87-5,
Cheruvu2022,Decanol,,112-30-1,-4.701389478459432,,112-30-1,
