src,name,smiles,logkp,site,layer,preparation,donor_temp,donor_ph,acceptor_temp,acceptor_ph,cell_type,ref,doi,csmiles,analgesic,MW,logP,MR,TPSA,HBD,HBA,RotB,AromRings,Rings,HeavyAtoms,FracCSP3,LabuteASA,BalabanJ,BertzCT,HeteroAtoms
HuskinDB,Butyl 4-hydroxybenzoat,CCCCOC(=O)c1ccc(cc1)O,-4.538,abdomen,epidermis,heat separation,32.0,7.4,37.0,,Franz cell,"Akomeah, 2007",10.1002/jps.20773,CCCCOC(=O)c1ccc(O)cc1,False,194.23,2.349100000000001,53.297300000000035,46.53,1,3,4,1,1,14,0.36363636363636365,83.32541477322667,2.4810725342253392,289.90588306124454,3
HuskinDB,Caffeine,Cn1cnc2c1c(=O)n(C)c(=O)n2C,-7.053,abdomen,epidermis,heat separation,32.0,7.4,37.0,,Franz cell,"Akomeah, 2007",10.1002/jps.20773,Cn1c(=O)c2c(ncn2C)n(C)c1=O,False,194.194,-1.0293,51.19600000000001,61.82,0,3,0,2,2,14,0.375,79.02895701814934,3.221281081084589,616.5285919942219,6
HuskinDB,Methyl 4-hydroxybenzoate,COC(=O)c1ccc(cc1)O,-5.23,abdomen,epidermis,heat separation,32.0,7.4,37.0,,Franz cell,"Akomeah, 2007",10.1002/jps.20773,COC(=O)c1ccc(O)cc1,False,152.149,1.1788,39.446300000000015,46.53,1,3,1,1,1,11,0.125,64.23058843003683,2.8953480359887567,250.5446100817276,3
HuskinDB,Fluocinonide,CC(=O)OCC(=O)[C@@]12OC(O[C@@H]1C[C@@H]1[C@]2(C)C[C@H](O)[C@]2([C@H]1C[C@@H](C1=CC(=O)C=C[C@]21C)F)F)(C)C,-6.326,,stratum corneum,trypsinisation,37.0,4.0,37.0,4.0,Flow through cell,"Anderson, 1988",10.1023/a:1015989929342,CC(=O)OCC(=O)[C@@]12OC(C)(C)O[C@@H]1C[C@H]1[C@@H]3C[C@H](F)C4=CC(=O)C=C[C@]4(C)[C@@]3(F)[C@@H](O)C[C@@]12C,False,494.53100000000023,2.9376000000000015,118.42480000000005,99.13000000000001,1,7,3,0,5,35,0.7307692307692307,202.4049486024305,1.6192822666100475,1067.9185340705915,9
HuskinDB,Fluocinonide,CC(=O)OCC(=O)[C@@]12OC(O[C@@H]1C[C@@H]1[C@]2(C)C[C@H](O)[C@]2([C@H]1C[C@@H](C1=CC(=O)C=C[C@]21C)F)F)(C)C,-6.326,,"epidermis, dermis",dry heat separation,37.0,4.0,37.0,4.0,Flow through cell,"Anderson, 1988",10.1023/a:1015989929342,CC(=O)OCC(=O)[C@@]12OC(C)(C)O[C@@H]1C[C@H]1[C@@H]3C[C@H](F)C4=CC(=O)C=C[C@]4(C)[C@@]3(F)[C@@H](O)C[C@@]12C,False,494.53100000000023,2.9376000000000015,118.42480000000005,99.13000000000001,1,7,3,0,5,35,0.7307692307692307,202.4049486024305,1.6192822666100475,1067.9185340705915,9
HuskinDB,Hydrocortisone 21-Hemisuccinate,OC(=O)CCC(=O)OCC(=O)[C@@]1(O)CC[C@@H]2[C@]1(C)C[C@H](O)[C@H]1[C@H]2CCC2=CC(=O)CC[C@]12C,-6.757,,stratum corneum,trypsinisation,37.0,4.0,37.0,4.0,Flow through cell,"Anderson, 1988",10.1023/a:1015989929342,C[C@]12CCC(=O)C=C1CC[C@@H]1[C@@H]2[C@@H](O)C[C@@]2(C)[C@H]1CC[C@]2(O)C(=O)COC(=O)CCC(=O)O,False,462.5390000000004,2.1973,115.88540000000008,138.2,3,7,6,0,4,33,0.76,192.92726901331693,1.5268469592870169,908.0829867909436,8
HuskinDB,Hydrocortisone 21-Hemipimelate,OC(=O)CCCCCC(=O)OCC(=O)[C@@]1(O)CC[C@@H]2[C@]1(C)C[C@H](O)[C@H]1[C@H]2CCC2=CC(=O)CC[C@]12C,-6.301,,stratum corneum,trypsinisation,37.0,4.0,37.0,4.0,Flow through cell,"Anderson, 1988",10.1023/a:1015989929342,C[C@]12CCC(=O)C=C1CC[C@@H]1[C@@H]2[C@@H](O)C[C@@]2(C)[C@H]1CC[C@]2(O)C(=O)COC(=O)CCCCCC(=O)O,False,504.6200000000005,3.367600000000002,129.7364000000001,138.2,3,7,9,0,4,36,0.7857142857142857,212.02209535650678,1.4056270471139596,955.196344277735,8
HuskinDB,Hydrocortisone 21-Hexanoate,CCCCCC(=O)OCC(=O)[C@@]1(O)CC[C@@H]2[C@]1(C)C[C@H](O)[C@H]1[C@H]2CCC2=CC(=O)CC[C@]12C,-5.301,,stratum corneum,trypsinisation,37.0,4.0,37.0,4.0,Flow through cell,"Anderson, 1988",10.1023/a:1015989929342,CCCCCC(=O)OCC(=O)[C@@]1(O)CC[C@H]2[C@@H]3CCC4=CC(=O)CC[C@]4(C)[C@H]3[C@@H](O)C[C@@]21C,False,460.6110000000003,3.9128000000000034,123.15760000000007,100.90000000000002,2,6,7,0,4,33,0.8148148148148148,196.70139738987038,1.5101097142745725,847.5496434114758,6
HuskinDB,Hydrocortisone 21-(6-hydroxyhexanoate),OCCCCCC(=O)OCC(=O)[C@@]1(O)CC[C@@H]2[C@]1(C)C[C@H](O)[C@H]1[C@H]2CCC2=CC(=O)CC[C@]12C,-6.597,,stratum corneum,trypsinisation,37.0,4.0,37.0,4.0,Flow through cell,"Anderson, 1988",10.1023/a:1015989929342,C[C@]12CCC(=O)C=C1CC[C@@H]1[C@@H]2[C@@H](O)C[C@@]2(C)[C@H]1CC[C@]2(O)C(=O)COC(=O)CCCCCO,False,476.61000000000047,2.8852000000000015,124.56940000000007,121.13000000000001,3,7,8,0,4,34,0.8148148148148148,201.4956311420664,1.4705764863511959,865.0399119619901,7
HuskinDB,Hydrocortisone 21-methylpimelate,COC(=O)CCCCCC(=O)OCC(=O)[C@@]1(O)CC[C@@H]2[C@]1(C)C[C@H](O)[C@H]1[C@H]2CCC2=CC(=O)CC[C@]12C,-5.824,,stratum corneum,trypsinisation,37.0,4.0,37.0,4.0,Flow through cell,"Anderson, 1988",10.1023/a:1015989929342,COC(=O)CCCCCC(=O)OCC(=O)[C@@]1(O)CC[C@H]2[C@@H]3CCC4=CC(=O)CC[C@]4(C)[C@H]3[C@@H](O)C[C@@]21C,False,518.6470000000004,3.456000000000002,134.1166,127.20000000000003,2,8,9,0,4,37,0.7931034482758621,218.70634894821424,1.3754191266941809,970.9534529365858,8
HuskinDB,Hydrocortisone 21-methylsuccinate,COC(=O)CCC(=O)OCC(=O)[C@@]1(O)CC[C@@H]2[C@]1(C)C[C@H](O)[C@H]1[C@H]2CCC2=CC(=O)CC[C@]12C,-7.234,,stratum corneum,trypsinisation,37.0,4.0,37.0,4.0,Flow through cell,"Anderson, 1988",10.1023/a:1015989929342,COC(=O)CCC(=O)OCC(=O)[C@@]1(O)CC[C@H]2[C@@H]3CCC4=CC(=O)CC[C@]4(C)[C@H]3[C@@H](O)C[C@@]21C,False,476.5660000000004,2.2856999999999985,120.26560000000008,127.20000000000003,2,8,6,0,4,34,0.7692307692307693,199.61152260502445,1.49609404205097,923.7614020439275,8
HuskinDB,"Hydrocortisone 21-(N,N-dimethylsuccinamate)",O=C(CCC(=O)N(C)C)OCC(=O)[C@@]1(O)CC[C@@H]2[C@]1(C)C[C@H](O)[C@H]1[C@H]2CCC2=CC(=O)CC[C@]12C,-7.73,,stratum corneum,trypsinisation,37.0,4.0,37.0,4.0,Flow through cell,"Anderson, 1988",10.1023/a:1015989929342,CN(C)C(=O)CCC(=O)OCC(=O)[C@@]1(O)CC[C@H]2[C@@H]3CCC4=CC(=O)CC[C@]4(C)[C@H]3[C@@H](O)C[C@@]21C,False,489.6090000000003,2.200899999999999,126.94360000000009,121.21,2,7,6,0,4,35,0.7777777777777778,206.62275316011753,1.473768150898501,957.1764406236814,8
HuskinDB,Hydrocortisone 21-octanoate,CCCCCCCC(=O)OCC(=O)[C@@]1(O)CC[C@@H]2[C@]1(C)C[C@H](O)[C@H]1[C@H]2CCC2=CC(=O)CC[C@]12C,-4.764,,stratum corneum,trypsinisation,37.0,4.0,37.0,4.0,Flow through cell,"Anderson, 1988",10.1023/a:1015989929342,CCCCCCCC(=O)OCC(=O)[C@@]1(O)CC[C@H]2[C@@H]3CCC4=CC(=O)CC[C@]4(C)[C@H]3[C@@H](O)C[C@@]21C,False,488.66500000000036,4.693000000000006,132.3916,100.90000000000002,2,6,9,0,4,35,0.8275862068965517,209.4312816186636,1.431576769371313,878.3977726997123,6
HuskinDB,Hydrocortisone 21-pimelamate,NC(=O)CCCCCC(=O)OCC(=O)[C@@]1(O)CC[C@@H]2[C@]1(C)C[C@H](O)[C@H]1[C@H]2CCC2=CC(=O)CC[C@]12C,-6.607,,stratum corneum,trypsinisation,37.0,4.0,37.0,4.0,Flow through cell,"Anderson, 1988",10.1023/a:1015989929342,C[C@]12CCC(=O)C=C1CC[C@@H]1[C@@H]2[C@@H](O)C[C@@]2(C)[C@H]1CC[C@]2(O)C(=O)COC(=O)CCCCCC(N)=O,False,503.63600000000054,2.7683,131.29500000000007,143.99,3,7,9,0,4,36,0.7857142857142857,212.56775230132348,1.4056270471139596,959.5448598233318,8
HuskinDB,Hydrocortisone 21-propionate,CCC(=O)OCC(=O)[C@@]1(O)CC[C@@H]2[C@]1(C)C[C@H](O)[C@H]1[C@H]2CCC2=CC(=O)CC[C@]12C,-6.038,,"epidermis, dermis",dry heat separation,37.0,4.0,37.0,4.0,Flow through cell,"Anderson, 1988",10.1023/a:1015989929342,CCC(=O)OCC(=O)[C@@]1(O)CC[C@H]2[C@@H]3CCC4=CC(=O)CC[C@]4(C)[C@H]3[C@@H](O)C[C@@]21C,False,418.53000000000026,2.7425000000000006,109.30660000000005,100.90000000000002,2,6,4,0,4,30,0.7916666666666666,177.60657104668056,1.6232564730056493,801.5178666019365,6
HuskinDB,Hydrocortisone 21-propionate,CCC(=O)OCC(=O)[C@@]1(O)CC[C@@H]2[C@]1(C)C[C@H](O)[C@H]1[C@H]2CCC2=CC(=O)CC[C@]12C,-6.025,,stratum corneum,trypsinisation,37.0,4.0,37.0,4.0,Flow through cell,"Anderson, 1988",10.1023/a:1015989929342,CCC(=O)OCC(=O)[C@@]1(O)CC[C@H]2[C@@H]3CCC4=CC(=O)CC[C@]4(C)[C@H]3[C@@H](O)C[C@@]21C,False,418.53000000000026,2.7425000000000006,109.30660000000005,100.90000000000002,2,6,4,0,4,30,0.7916666666666666,177.60657104668056,1.6232564730056493,801.5178666019365,6
HuskinDB,Hydrocortisone 21-succinamate,NC(=O)CCC(=O)OCC(=O)[C@@]1(O)CC[C@@H]2[C@]1(C)C[C@H](O)[C@H]1[C@H]2CCC2=CC(=O)CC[C@]12C,-8.141,,stratum corneum,trypsinisation,37.0,4.0,37.0,4.0,Flow through cell,"Anderson, 1988",10.1023/a:1015989929342,C[C@]12CCC(=O)C=C1CC[C@@H]1[C@@H]2[C@@H](O)C[C@@]2(C)[C@H]1CC[C@]2(O)C(=O)COC(=O)CCC(N)=O,False,461.5550000000004,1.598,117.44400000000006,143.99,3,7,6,0,4,33,0.76,193.47292595813366,1.5268469592870169,912.4315023365402,8
HuskinDB,Sucrose,OC[C@H]1O[C@@]([C@H]([C@@H]1O)O)(CO)O[C@H]1O[C@H](CO)[C@H]([C@@H]([C@H]1O)O)O,-8.583,,stratum corneum,trypsinisation,37.0,4.0,37.0,4.0,Flow through cell,"Anderson, 1988",10.1023/a:1015989929342,OC[C@H]1O[C@@](CO)(O[C@H]2O[C@H](CO)[C@@H](O)[C@H](O)[C@H]2O)[C@@H](O)[C@@H]1O,False,342.297,-5.395599999999993,68.64140000000003,189.52999999999997,8,11,5,0,2,23,1.0,130.4364576852225,2.1772696581273263,393.2032272794937,11
HuskinDB,Sucrose,OC[C@H]1O[C@@]([C@H]([C@@H]1O)O)(CO)O[C@H]1O[C@H](CO)[C@H]([C@@H]([C@H]1O)O)O,-8.84,,"epidermis, dermis",dry heat separation,37.0,4.0,37.0,4.0,Flow through cell,"Anderson, 1988",10.1023/a:1015989929342,OC[C@H]1O[C@@](CO)(O[C@H]2O[C@H](CO)[C@@H](O)[C@H](O)[C@H]2O)[C@@H](O)[C@@H]1O,False,342.297,-5.395599999999993,68.64140000000003,189.52999999999997,8,11,5,0,2,23,1.0,130.4364576852225,2.1772696581273263,393.2032272794937,11
HuskinDB,4-Hydroxybenzyl alcohol,OCc1ccc(cc1)O,-6.255,abdomen,stratum corneum,trypsinisation,,4.0,,,Flow through cell,"Anderson, 1989",10.1111/1523-1747.ep12277592,OCc1ccc(O)cc1,False,124.13899999999997,0.8845000000000001,34.029599999999995,40.46,2,2,1,1,1,9,0.14285714285714285,53.384812738285596,2.881555877646136,178.61256853719752,2
HuskinDB,4-Hydroxyphenylacetamide,NC(=O)Cc1ccc(cc1)O,-6.903,abdomen,stratum corneum,trypsinisation,,4.0,,,Flow through cell,"Anderson, 1989",10.1111/1523-1747.ep12277592,NC(=O)Cc1ccc(O)cc1,False,151.165,0.4199999999999999,41.005200000000016,63.32000000000001,2,2,2,1,1,11,0.125,64.45693389754267,2.7362980721056545,253.29949758389105,3
HuskinDB,4-Hydroxyphenylacetic acid,OC(=O)Cc1ccc(cc1)O,-6.158,abdomen,stratum corneum,trypsinisation,,4.0,,,Flow through cell,"Anderson, 1989",10.1111/1523-1747.ep12277592,O=C(O)Cc1ccc(O)cc1,False,152.149,1.0192999999999999,39.44660000000002,57.53,2,2,2,1,1,11,0.125,63.91127695272596,2.7362980721056545,250.5446100817276,3
HuskinDB,Methyl 4-hydroxyphenylacetate,COC(=O)Cc1ccc(cc1)O,-5.255,abdomen,stratum corneum,trypsinisation,,4.0,,,Flow through cell,"Anderson, 1989",10.1111/1523-1747.ep12277592,COC(=O)Cc1ccc(O)cc1,False,166.17600000000002,1.1077,43.82680000000003,46.53,1,3,2,1,1,12,0.2222222222222222,70.59553054443344,2.6449316670687724,263.6070662599115,3
HuskinDB,p-Cresol,Cc1ccc(cc1)O,-4.477,abdomen,stratum corneum,trypsinisation,,4.0,,,Flow through cell,"Anderson, 1989",10.1111/1523-1747.ep12277592,Cc1ccc(O)cc1,False,108.13999999999999,1.7006199999999998,32.843799999999995,20.23,1,1,0,1,1,8,0.14285714285714285,48.59057898608958,3.0324555320336755,143.24662946459569,1
HuskinDB,Toluene,Cc1ccccc1,-3.637,abdomen,stratum corneum,trypsinisation,,4.0,,,Flow through cell,"Anderson, 1989",10.1111/1523-1747.ep12277592,Cc1ccccc1,False,92.14099999999999,1.99502,31.17899999999999,0.0,0,0,0,1,1,7,0.14285714285714285,43.79634523389357,3.0214653097240864,129.96566024533826,0
HuskinDB,2-Ethoxyethyl acetate,CCOCCOC(=O)C,-6.395,,stratum corneum,heat separation,,,37.0,7.1,Franz cell,"Barber, 1992",10.1016/0272-0590(92)90086-W,CCOCCOC(C)=O,False,132.159,0.5860000000000001,33.12599999999999,35.53,0,3,4,0,0,9,0.8333333333333334,54.95257415887011,2.828868134909685,80.37215811651096,3
HuskinDB,2-Ethylhexanol,CCCCC(CO)CC,-7.899,,stratum corneum,heat separation,,,30.0,7.1,Franz cell,"Barber, 1992",10.1016/0272-0590(92)90086-W,CCCCC(CC)CO,False,130.231,2.1951000000000005,40.3918,20.23,1,1,5,0,0,9,1.0,58.088079580801804,3.0922461946023914,48.52932501298081,1
HuskinDB,2-Propoxyethanol,CCCOCCO,-6.748,,stratum corneum,heat separation,,,30.0,7.1,Franz cell,"Barber, 1992",10.1016/0272-0590(92)90086-W,CCCOCCO,False,104.14899999999999,0.40530000000000005,28.195799999999988,29.46,1,2,4,0,0,7,1.0,44.10679846711887,2.447472887876344,25.26112492884004,2
HuskinDB,Bis(2-ethylhexyl)phthalate,CCCCC(COC(=O)c1ccccc1C(=O)OCC(CCCC)CC)CC,-10.535,,stratum corneum,heat separation,,,30.0,7.1,Franz cell,"Barber, 1992",10.1016/0272-0590(92)90086-W,CCCCC(CC)COC(=O)c1ccccc1C(=O)OCC(CC)CCCC,False,390.5640000000003,6.433000000000007,113.61900000000009,52.60000000000001,0,4,14,1,1,28,0.6666666666666666,170.55049583773723,2.6905904564648386,530.7228097510646,4
HuskinDB,Diethylene glycol monobutyl ether,CCCCOCCOCCO,-7.071,,stratum corneum,heat separation,,,37.0,7.1,Franz cell,"Barber, 1992",10.1016/0272-0590(92)90086-W,CCCCOCCOCCO,False,162.22899999999998,0.812,43.63180000000001,38.69,1,3,8,0,0,11,1.0,68.31517003981556,2.6909155266923976,58.35751032880843,3
HuskinDB,Ethyl 3-ethoxypropionate,CCOCCC(=O)OCC,-6.669,,stratum corneum,heat separation,,,30.0,7.1,Franz cell,"Barber, 1992",10.1016/0272-0590(92)90086-W,CCOCCC(=O)OCC,False,146.18599999999998,0.9761000000000001,37.743,35.53,0,3,5,0,0,10,0.8571428571428571,61.31751627326671,3.0523751890457076,90.85200900961469,3
HuskinDB,Urea,NC(=O)N,-7.386,,stratum corneum,heat separation,,,37.0,7.1,Franz cell,"Barber, 1992",10.1016/0272-0590(92)90086-W,NC(N)=O,False,60.056,-0.9762000000000002,13.7708,69.11,2,1,0,0,0,4,0.0,23.580554521898744,2.8030394876740514,29.019550008653873,3
HuskinDB,Ethanol,CCO,-7.079,abdomen,"epidermis, dermis",fat removed,22.0,,22.0,,,"Blank, 1964",10.1038/jid.1964.174,CCO,False,46.069,-0.0014000000000000123,12.759800000000002,20.23,1,1,0,0,0,3,1.0,19.89842689442217,1.6329931618554523,2.7548875021634682,1
HuskinDB,1-Octanol,CCCCCCCCO,-4.84,abdomen,"epidermis, dermis",fat removed,22.0,,22.0,,,"Blank, 1964",10.1038/jid.1964.174,CCCCCCCCO,False,130.23100000000002,2.3392000000000013,40.461800000000004,20.23,1,1,6,0,0,9,1.0,58.08807958080182,2.595082706793886,37.832293921787276,1
HuskinDB,1-Pentanol,CCCCCO,-5.778,abdomen,"epidermis, dermis",fat removed,22.0,,22.0,,,"Blank, 1964",10.1038/jid.1964.174,CCCCCO,False,88.14999999999999,1.1689,26.61079999999999,20.23,1,1,3,0,0,6,1.0,38.99325323761199,2.3390923149762908,15.900134529890124,1
HuskinDB,1-Propanol,CCCO,-6.556,abdomen,"epidermis, dermis",fat removed,22.0,,22.0,,,"Blank, 1964",10.1038/jid.1964.174,CCCO,False,60.096,0.3887,17.376800000000003,20.23,1,1,1,0,0,4,1.0,26.26336900881878,1.9747448713915894,5.245112497836532,1
HuskinDB,"2,3-Butanediol",CC(C(O)C)O,-7.857,abdomen,epidermis,heat separation,,,,,Glass diffusion cell,"Blank, 1967",10.1038/jid.1967.184,CC(O)C(C)O,False,90.122,-0.252,23.361599999999996,40.46,2,2,1,0,0,6,1.0,37.4225448754114,2.9934972434784735,26.52932501298081,2
HuskinDB,1-Butanol,CCCCO,-6.079,abdomen,epidermis,heat separation,,,,,Glass diffusion cell,"Blank, 1967",10.1038/jid.1967.184,CCCCO,False,74.12299999999999,0.7787999999999999,21.993799999999997,20.23,1,1,2,0,0,5,1.0,32.62831112321538,2.19060968716425,11.119415478763749,1
HuskinDB,Butan-2-one,CCC(=O)C,-5.903,abdomen,epidermis,heat separation,,,,,Glass diffusion cell,"Blank, 1967",10.1038/jid.1967.184,CCC(C)=O,False,72.10699999999999,0.9854,20.971999999999994,17.07,0,1,1,0,0,5,0.75,31.995599471063137,2.847378923087672,38.912609383243264,1
HuskinDB,2-Ethoxyethanol,OCCOCC,-7.158,abdomen,epidermis,heat separation,,,,,Glass diffusion cell,"Blank, 1967",10.1038/jid.1967.184,CCOCCO,False,90.122,0.015200000000000047,23.578799999999994,29.46,1,2,3,0,0,6,1.0,37.741856352722266,2.3390923149762908,17.509775004326936,2
HuskinDB,Diethyl ether,CCOCC,-5.352,abdomen,epidermis,heat separation,,,,,Glass diffusion cell,"Blank, 1967",10.1038/jid.1967.184,CCOCC,False,74.123,1.0428000000000002,22.166999999999994,9.23,0,1,2,0,0,5,1.0,32.94762260052625,2.19060968716425,11.119415478763749,1
HuskinDB,Benzene,c1ccccc1,-4.511,abdomen,epidermis,heat separation,31.0,,,,Glass diffusion cell,"Blank, 1985",10.1111/1523-1747.ep12277325,c1ccccc1,False,78.11399999999999,1.6866,26.441999999999993,0.0,0,0,0,1,1,6,0.0,37.43140311949697,3.000000000000001,71.96100505779535,0
HuskinDB,2-Amino-4-Nitrophenol,[O-][N+](=O)c1ccc(c(c1)N)O,-8.079,abdomen,epidermis,heat separation,32.0,9.7,32.0,,Glass diffusion cell,"Bronaugh, 1984",10.1111/1523-1747.ep12263302,Nc1cc([N+](=O)[O-])ccc1O,False,154.125,0.8825999999999998,39.173600000000015,89.39,2,4,1,1,1,11,0.0,62.21850329120548,3.1515496683060507,297.8789117242989,5
HuskinDB,2-Nitro-p-Phenylenediamine,Nc1ccc(c(c1)[N+](=O)[O-])N,-6.857,abdomen,epidermis,heat separation,32.0,9.7,32.0,,Glass diffusion cell,"Bronaugh, 1984",10.1111/1523-1747.ep12263302,Nc1ccc(N)c([N+](=O)[O-])c1,False,153.14100000000002,0.7592000000000001,41.9212,95.18,2,4,1,1,1,11,0.0,62.76416023602219,3.232208870305491,297.8789117242989,5
HuskinDB,4-Amino-2-Nitrophenol,Nc1ccc(c(c1)[N+](=O)[O-])O,-7.622,abdomen,epidermis,heat separation,32.0,9.7,32.0,,Glass diffusion cell,"Bronaugh, 1984",10.1111/1523-1747.ep12263302,Nc1ccc(O)c([N+](=O)[O-])c1,False,154.125,0.8825999999999998,39.17360000000001,89.39,2,4,1,1,1,11,0.0,62.21850329120549,3.232208870305491,297.8789117242989,5
HuskinDB,4-Chloro-m-Phenylenediamine,Nc1ccc(c(c1)N)Cl,-6.234,abdomen,epidermis,heat separation,32.0,9.7,32.0,,Glass diffusion cell,"Bronaugh, 1984",10.1111/1523-1747.ep12263302,Nc1ccc(Cl)c(N)c1,False,142.58900000000003,1.5044,40.2768,52.04,2,2,0,1,1,9,0.0,58.414450740404064,3.1716780304409156,222.29788705001033,3
HuskinDB,o-Phenylenediamine,Nc1ccccc1N,-6.903,abdomen,epidermis,heat separation,32.0,9.7,32.0,,Glass diffusion cell,"Bronaugh, 1984",10.1111/1523-1747.ep12263302,Nc1ccccc1N,False,108.144,0.851,35.2668,52.04,2,2,0,1,1,8,0.0,48.11118451352239,3.134861511345448,162.63833891467198,2
HuskinDB,p-Phenylenediamine,Nc1ccc(cc1)N,-7.176,abdomen,epidermis,heat separation,32.0,9.7,32.0,,Glass diffusion cell,"Bronaugh, 1984",10.1111/1523-1747.ep12263302,Nc1ccc(N)cc1,False,108.144,0.8510000000000002,35.2668,52.04,2,2,0,1,1,8,0.0,48.11118451352239,3.0324555320336755,145.38833891467198,2
HuskinDB,"2,4-Dichlorophenol",Clc1ccc(c(c1)Cl)O,-5.065,abdomen,epidermis,prepared with NaBr solution,,,,,,"Buist, 2010",10.1016/j.yrtph.2010.02.008,Oc1ccc(Cl)cc1Cl,False,163.003,2.699,38.12680000000001,20.23,1,1,0,1,1,9,0.0,62.83216932545633,3.171678030440915,222.29788705001033,3
HuskinDB,Acetic acid,CC(=O)O,-6.079,abdomen,epidermis,prepared with NaBr solution,,,,,,"Buist, 2010",10.1016/j.yrtph.2010.02.008,CC(=O)O,False,60.05200000000001,0.09089999999999993,13.309800000000001,37.3,1,1,0,0,0,4,0.5,24.059948994465934,2.8030394876740514,27.019550008653873,2
HuskinDB,Benzoic acid,OC(=O)c1ccccc1,-5.675,abdomen,epidermis,prepared with NaBr solution,,,,,,"Buist, 2010",10.1016/j.yrtph.2010.02.008,O=C(O)c1ccccc1,False,122.12299999999996,1.3848,33.4013,37.3,1,1,1,1,1,9,0.0,52.75210108613335,2.981454614041131,203.415952604261,2
HuskinDB,Bis(2-ethylhexyl)phthalate,CCCCC(COC(=O)c1ccccc1C(=O)OCC(CCCC)CC)CC,-7.653,abdomen,epidermis,prepared with NaBr solution,,,,,,"Buist, 2010",10.1016/j.yrtph.2010.02.008,CCCCC(CC)COC(=O)c1ccccc1C(=O)OCC(CC)CCCC,False,390.5640000000003,6.433000000000007,113.61900000000009,52.60000000000001,0,4,14,1,1,28,0.6666666666666666,170.55049583773723,2.6905904564648386,530.7228097510646,4
HuskinDB,Butoxyethanol,CCCCOC(O)C,-6.0,abdomen,epidermis,prepared with NaBr solution,,,,,,"Buist, 2010",10.1016/j.yrtph.2010.02.008,CCCCOC(C)O,False,118.17599999999997,1.1414,32.54079999999998,29.46,1,2,4,0,0,8,1.0,50.471740581515476,2.7158427612932585,43.79319390447952,2
HuskinDB,Cortisone,OCC(=O)[C@@]1(O)CC[C@@H]2[C@]1(C)CC(=O)[C@H]1[C@H]2CCC2=CC(=O)CC[C@]12C,-7.38,abdomen,epidermis,prepared with NaBr solution,,,,,,"Buist, 2010",10.1016/j.yrtph.2010.02.008,C[C@]12CCC(=O)C=C1CC[C@@H]1[C@@H]2C(=O)C[C@@]2(C)[C@H]1CC[C@]2(O)C(=O)CO,False,360.45000000000016,1.9898000000000002,94.14260000000004,91.67,2,5,2,0,4,26,0.7619047619047619,153.39819947398385,1.7481728292749805,723.9130815015496,5
HuskinDB,1-Decanol,CCCCCCCCCCO,-5.515,abdomen,epidermis,prepared with NaBr solution,,,,,,"Buist, 2010",10.1016/j.yrtph.2010.02.008,CCCCCCCCCCO,False,158.285,3.119400000000002,49.69580000000003,20.23,1,1,8,0,0,11,1.0,70.81796380959506,2.6909155266923976,53.89311688209828,1
HuskinDB,Diazinon,CCOP(=S)(Oc1cc(C)nc(n1)C(C)C)OCC,-5.617,abdomen,epidermis,prepared with NaBr solution,,,,,,"Buist, 2010",10.1016/j.yrtph.2010.02.008,CCOP(=S)(OCC)Oc1cc(C)nc(C(C)C)n1,False,304.35200000000003,3.5847200000000026,79.02300000000004,53.47,0,6,7,1,1,19,0.6666666666666666,119.51079978829642,2.9903765648588534,458.28775961477083,7
HuskinDB,Ethacrynic acid,CCC(=C)C(=O)c1ccc(c(c1Cl)Cl)OCC(=O)O,-7.38,abdomen,epidermis,prepared with NaBr solution,,,,,,"Buist, 2010",10.1016/j.yrtph.2010.02.008,C=C(CC)C(=O)c1ccc(OCC(=O)O)c(Cl)c1Cl,False,303.14099999999996,3.6057000000000023,73.35430000000004,63.60000000000001,1,3,6,1,1,19,0.23076923076923078,120.13375052364273,3.0691765104126856,537.6899088554333,6
HuskinDB,Linolenic acid,CC/C=C/C/C=C/C/C=C/CCCCCCCC(=O)O,-5.988,abdomen,epidermis,prepared with NaBr solution,,,,,,"Buist, 2010",10.1016/j.yrtph.2010.02.008,CC/C=C/C/C=C/C/C=C/CCCCCCCC(=O)O,False,278.4359999999999,5.660500000000005,86.89980000000006,37.3,1,1,13,0,0,20,0.6111111111111112,123.83021372825894,3.2329128954416952,300.5400831157719,2
HuskinDB,Octylparaben,CCCCCCCCOC(=O)c1ccc(cc1)O,-5.588,abdomen,epidermis,prepared with NaBr solution,,,,,,"Buist, 2010",10.1016/j.yrtph.2010.02.008,CCCCCCCCOC(=O)c1ccc(O)cc1,False,250.33800000000002,3.909500000000003,71.76530000000004,46.53,1,3,8,1,1,18,0.5333333333333333,108.78518323081312,2.117836776279736,343.2612760189044,3
HuskinDB,Oleic acid,CCCCCCCC/C=CCCCCCCCC(=O)O,-6.442,abdomen,epidermis,prepared with NaBr solution,,,,,,"Buist, 2010",10.1016/j.yrtph.2010.02.008,CCCCCCCCC=CCCCCCCCC(=O)O,False,282.4679999999999,6.1085000000000065,87.08780000000007,37.3,1,1,15,0,0,20,0.8333333333333334,125.20941979262746,3.066157800884338,233.5727213605218,2
HuskinDB,Propylparaben,CCCOC(=O)c1ccc(cc1)O,-5.41,abdomen,epidermis,prepared with NaBr solution,,,,,,"Buist, 2010",10.1016/j.yrtph.2010.02.008,CCCOC(=O)c1ccc(O)cc1,False,180.20299999999997,1.9589999999999999,48.68030000000003,46.53,1,3,3,1,1,13,0.3,76.96047265883006,2.611171250638134,276.7262618127396,3
HuskinDB,Salicylic acid,OC(=O)c1ccccc1O,-6.588,abdomen,epidermis,prepared with NaBr solution,,,,,,"Buist, 2010",10.1016/j.yrtph.2010.02.008,O=C(O)c1ccccc1O,True,138.12199999999999,1.0903999999999998,35.066100000000006,57.53,2,2,1,1,1,10,0.0,57.54633483832936,3.1529414466808685,254.78306142431708,3
HuskinDB,Testosterone,O=C1CC[C@]2(C(=C1)CC[C@@H]1[C@@H]2CC[C@]2([C@H]1CC[C@@H]2O)C)C,-5.67,abdomen,epidermis,prepared with NaBr solution,,,,,,"Buist, 2010",10.1016/j.yrtph.2010.02.008,C[C@]12CC[C@H]3[C@@H](CCC4=CC(=O)CC[C@@]43C)[C@@H]1CC[C@@H]2O,False,288.431,3.879200000000003,82.71680000000005,37.3,1,2,0,0,4,21,0.8421052631578947,127.55103729290711,1.6883496404253646,507.69574308017087,2
HuskinDB,1-Butanol,CCCCO,-5.481,abdomen,epidermis,heat separation,,,37.0,,Glass diffusion cell,"Chantasart, 2010",10.1007/s11095-010-0181-z,CCCCO,False,74.12299999999999,0.7787999999999999,21.993799999999997,20.23,1,1,2,0,0,5,1.0,32.62831112321538,2.19060968716425,11.119415478763749,1
HuskinDB,1-Hexanol,CCCCCCO,-5.284,abdomen,epidermis,heat separation,,,37.0,,Glass diffusion cell,"Chantasart, 2010",10.1007/s11095-010-0181-z,CCCCCCO,False,102.17699999999999,1.559,31.22779999999998,20.23,1,1,4,0,0,7,1.0,45.35819535200859,2.447472887876344,23.360990398949916,1
HuskinDB,1-Hexyl-2-Pyrrolidone,CCCCCCN1CCCC1=O,-5.208,abdomen,epidermis,heat separation,,,37.0,,Glass diffusion cell,"Chantasart, 2010",10.1007/s11095-010-0181-z,CCCCCCN1CCCC1=O,False,169.268,2.1891,49.95600000000003,20.310000000000002,0,1,5,0,1,12,0.9,74.93925467411692,2.022982494030426,144.7740056622918,2
HuskinDB,1-Octanol,CCCCCCCCO,-4.87,abdomen,epidermis,heat separation,,,37.0,,Glass diffusion cell,"Chantasart, 2010",10.1007/s11095-010-0181-z,CCCCCCCCO,False,130.23100000000002,2.3392000000000013,40.461800000000004,20.23,1,1,6,0,0,9,1.0,58.08807958080182,2.595082706793886,37.832293921787276,1
HuskinDB,1-Octyl-2-Azacycloheptanone,CCCCCCCCN1CCCCCC1=O,-4.836,abdomen,epidermis,heat separation,,,37.0,,Glass diffusion cell,"Chantasart, 2010",10.1007/s11095-010-0181-z,CCCCCCCCN1CCCCCC1=O,False,225.37599999999995,3.749500000000003,68.42400000000005,20.310000000000002,0,1,7,0,1,16,0.9285714285714286,100.39902313170337,2.0374163786819577,191.17436284790148,2
HuskinDB,1-Octyl-2-Pyrrolidone,CCCCCCCCN1CCCC1=O,-4.827,abdomen,epidermis,heat separation,,,37.0,,Glass diffusion cell,"Chantasart, 2010",10.1007/s11095-010-0181-z,CCCCCCCCN1CCCC1=O,False,197.32199999999997,2.9693000000000014,59.19000000000005,20.310000000000002,0,1,7,0,1,14,0.9166666666666666,87.66913890291015,1.904676693511306,167.70466441100885,2
HuskinDB,1-Pentanol,CCCCCO,-5.125,abdomen,epidermis,heat separation,,,37.0,,Glass diffusion cell,"Chantasart, 2010",10.1007/s11095-010-0181-z,CCCCCO,False,88.14999999999999,1.1689,26.61079999999999,20.23,1,1,3,0,0,6,1.0,38.99325323761199,2.3390923149762908,15.900134529890124,1
HuskinDB,2-Phenylethanol,OCCc1ccccc1,-5.276,abdomen,epidermis,heat separation,,,37.0,,Glass diffusion cell,"Chantasart, 2010",10.1007/s11095-010-0181-z,OCCc1ccccc1,False,122.16699999999996,1.2214,37.23180000000001,20.23,1,1,2,1,1,9,0.25,54.95552110048619,2.61489994009295,157.4784207656209,1
HuskinDB,Carvacrol,CC(c1ccc(c(c1)O)C)C,-4.842,abdomen,epidermis,heat separation,,,37.0,,Glass diffusion cell,"Chantasart, 2010",10.1007/s11095-010-0181-z,Cc1ccc(C(C)C)cc1O,False,150.221,2.8240200000000013,46.93280000000003,20.23,1,1,1,1,1,11,0.4,67.6854053292794,3.0516454489591736,251.04973178598337,1
HuskinDB,Thymol,Cc1ccc(c(c1)O)C(C)C,-4.86,abdomen,epidermis,heat separation,,,37.0,,Glass diffusion cell,"Chantasart, 2010",10.1007/s11095-010-0181-z,Cc1ccc(C(C)C)c(O)c1,False,150.221,2.824020000000001,46.93280000000003,20.23,1,1,1,1,1,11,0.4,67.6854053292794,3.092719758380193,251.04973178598337,1
HuskinDB,Ethanol,CCO,-6.278,abdomen,epidermis,heat separation,35.0,7.4,35.0,7.4,Franz cell,"Cross, 2003",10.1046/j.1523-1747.2003.12131.x,CCO,False,46.069,-0.0014000000000000123,12.759800000000002,20.23,1,1,0,0,0,3,1.0,19.89842689442217,1.6329931618554523,2.7548875021634682,1
HuskinDB,1-Butanol,CCCCO,-5.659,abdomen,epidermis,heat separation,35.0,7.4,35.0,7.4,Franz cell,"Cross, 2003",10.1046/j.1523-1747.2003.12131.x,CCCCO,False,74.12299999999999,0.7787999999999999,21.993799999999997,20.23,1,1,2,0,0,5,1.0,32.62831112321538,2.19060968716425,11.119415478763749,1
HuskinDB,1-Decanol,CCCCCCCCCCO,-4.701,abdomen,epidermis,heat separation,35.0,7.4,35.0,7.4,Franz cell,"Cross, 2003",10.1046/j.1523-1747.2003.12131.x,CCCCCCCCCCO,False,158.285,3.119400000000002,49.69580000000003,20.23,1,1,8,0,0,11,1.0,70.81796380959506,2.6909155266923976,53.89311688209828,1
HuskinDB,1-Hexanol,CCCCCCO,-5.051,abdomen,epidermis,heat separation,35.0,7.4,35.0,7.4,Franz cell,"Cross, 2003",10.1046/j.1523-1747.2003.12131.x,CCCCCCO,False,102.17699999999999,1.559,31.22779999999998,20.23,1,1,4,0,0,7,1.0,45.35819535200859,2.447472887876344,23.360990398949916,1
HuskinDB,1-Octanol,CCCCCCCCO,-4.586,abdomen,epidermis,heat separation,35.0,7.4,35.0,7.4,Franz cell,"Cross, 2003",10.1046/j.1523-1747.2003.12131.x,CCCCCCCCO,False,130.23100000000002,2.3392000000000013,40.461800000000004,20.23,1,1,6,0,0,9,1.0,58.08807958080182,2.595082706793886,37.832293921787276,1
HuskinDB,2-Hydroxypropyl Nicotinate,CC(COC(=O)c1cccnc1)O,-8.025,"abdomen, breast",epidermis,heat separation,37.0,7.4,37.0,,Franz cell,"Dalpozzo, 1991",10.1002/jps.2600800114,CC(O)COC(=O)c1cccnc1,False,181.191,0.6192,46.200300000000034,59.42,1,4,3,1,1,13,0.3333333333333333,76.18012063977656,2.4977844401611917,271.44812008925527,4
HuskinDB,Benzyl nicotinate,O=C(c1cccnc1)OCc1ccccc1,-5.348,"abdomen, breast",epidermis,heat separation,37.0,7.4,37.0,,Franz cell,"Dalpozzo, 1991",10.1002/jps.2600800114,O=C(OCc1ccccc1)c1cccnc1,False,213.236,2.4386,59.79850000000003,39.19,0,3,3,2,2,16,0.07692307692307693,93.71309686485135,1.9460332806831828,453.87351462573264,3
HuskinDB,Butyl nicotinate,CCCCOC(=O)c1cccnc1,-5.335,"abdomen, breast",epidermis,heat separation,37.0,7.4,37.0,,Franz cell,"Dalpozzo, 1991",10.1002/jps.2600800114,CCCCOC(=O)c1cccnc1,False,179.219,2.0385,49.42750000000003,39.19,0,3,4,1,1,13,0.4,77.75082900197714,2.404796656306514,258.88707266800486,3
HuskinDB,Ethyl nicotinate,CCOC(=O)c1cccnc1,-5.755,"abdomen, breast",epidermis,heat separation,37.0,7.4,37.0,,Franz cell,"Dalpozzo, 1991",10.1002/jps.2600800114,CCOC(=O)c1cccnc1,False,151.16499999999996,1.2583,40.193500000000014,39.19,0,3,2,1,1,11,0.25,65.02094477318394,2.6930079504145,233.10719092921434,3
HuskinDB,Isonicotinic acid,OC(=O)c1ccncc1,-8.173,"abdomen, breast",epidermis,heat separation,37.0,7.4,37.0,,Franz cell,"Dalpozzo, 1991",10.1002/jps.2600800114,O=C(O)c1ccncc1,False,123.11099999999998,0.7797999999999999,31.196299999999994,50.19,1,2,1,1,1,9,0.0,51.97174906707987,2.981454614041131,207.5576620543373,3
HuskinDB,Methyl nicotinate,COC(=O)c1cccnc1,-6.046,"abdomen, breast",epidermis,heat separation,37.0,7.4,37.0,,Franz cell,"Dalpozzo, 1991",10.1002/jps.2600800114,COC(=O)c1cccnc1,False,137.138,0.8681999999999999,35.5765,39.19,0,3,1,1,1,10,0.14285714285714285,58.65600265878734,2.8526279288191434,220.30753299614886,3
HuskinDB,Methyltriglycol nicotinate,COCCOCCOCCOC(=O)c1cccnc1,-7.308,"abdomen, breast",epidermis,heat separation,37.0,7.4,37.0,,Franz cell,"Dalpozzo, 1991",10.1002/jps.2600800114,COCCOCCOCCOC(=O)c1cccnc1,False,269.29699999999997,0.9179999999999995,68.03350000000005,66.88,0,6,10,1,1,19,0.5384615384615384,112.18629103368762,1.9493536257199746,344.14662985118355,6
HuskinDB,n-Hexyl nicotinate,CCCCCCOC(=O)c1cccnc1,-5.303,"abdomen, breast",epidermis,heat separation,37.0,7.4,37.0,,Franz cell,"Dalpozzo, 1991",10.1002/jps.2600800114,CCCCCCOC(=O)c1cccnc1,False,207.27300000000002,2.8187000000000015,58.66150000000004,39.19,0,3,6,1,1,15,0.5,90.48071323077036,2.195736743827031,284.9334103555799,3
HuskinDB,Triglycol nicotinate,OCCOCCOCCOC(=O)c1cccnc1,-8.561,"abdomen, breast",epidermis,heat separation,37.0,7.4,37.0,,Franz cell,"Dalpozzo, 1991",10.1002/jps.2600800114,O=C(OCCOCCOCCO)c1cccnc1,False,255.27,0.26389999999999963,63.24330000000004,77.88000000000001,1,6,9,1,1,18,0.5,105.50203744198015,1.9957957501933392,330.49947169554474,6
HuskinDB,Acetylsalicylic Acid,CC(=O)Oc1ccccc1C(=O)O,-5.696,abdomen,"epidermis, dermis",,,,37.0,7.4,Franz cell,"Degim, 1998",10.1016/S0378-5173(98)00113-6,CC(=O)Oc1ccccc1C(=O)O,True,180.15899999999996,1.3101,44.71030000000002,63.60000000000001,1,3,2,1,1,13,0.1111111111111111,74.75705264447721,3.0435273546341013,343.2228677267164,4
HuskinDB,Atropine,OCC(c1ccccc1)C(=O)OC1CC2CCC(C1)N2C,-7.676,abdomen,"epidermis, dermis",,,,37.0,7.4,Franz cell,"Degim, 1998",10.1016/S0378-5173(98)00113-6,CN1C2CCC1CC(OC(=O)C(CO)c1ccccc1)C2,False,289.37500000000006,1.9308999999999996,79.95580000000005,49.769999999999996,1,4,4,1,3,21,0.5882352941176471,125.26323882275126,1.632677623313254,476.06840462966727,4
HuskinDB,Benzoic acid,OC(=O)c1ccccc1,-5.156,abdomen,"epidermis, dermis",,,,37.0,7.4,Franz cell,"Degim, 1998",10.1016/S0378-5173(98)00113-6,O=C(O)c1ccccc1,False,122.12299999999996,1.3848,33.4013,37.3,1,1,1,1,1,9,0.0,52.75210108613335,2.981454614041131,203.415952604261,2
HuskinDB,Diclofenac,OC(=O)Cc1ccccc1Nc1c(Cl)cccc1Cl,-6.556,abdomen,"epidermis, dermis",,,,37.0,7.4,Franz cell,"Degim, 1998",10.1016/S0378-5173(98)00113-6,O=C(O)Cc1ccccc1Nc1c(Cl)cccc1Cl,True,296.153,4.364100000000001,77.52650000000003,49.33,2,2,4,2,2,19,0.07142857142857142,120.33053204396538,2.3558879442321037,593.8950014443018,5
HuskinDB,Ibuprofen,CC(Cc1ccc(cc1)C(C(=O)O)C)C,-4.996,abdomen,"epidermis, dermis",,,,37.0,7.4,Franz cell,"Degim, 1998",10.1016/S0378-5173(98)00113-6,CC(C)Cc1ccc(C(C)C(=O)O)cc1,True,206.28499999999997,3.073200000000001,61.03480000000004,37.3,1,1,4,1,1,15,0.46153846153846156,90.94175377251302,2.7590371332701524,324.8941190021566,2
HuskinDB,Methyl nicotinate,COC(=O)c1cccnc1,-5.966,abdomen,"epidermis, dermis",,,,37.0,7.4,Franz cell,"Degim, 1998",10.1016/S0378-5173(98)00113-6,COC(=O)c1cccnc1,False,137.138,0.8681999999999999,35.5765,39.19,0,3,1,1,1,10,0.14285714285714285,58.65600265878734,2.8526279288191434,220.30753299614886,3
HuskinDB,Naproxen,COc1ccc2c(c1)ccc(c2)C(C(=O)O)C,-6.096,abdomen,"epidermis, dermis",,,,37.0,7.4,Franz cell,"Degim, 1998",10.1016/S0378-5173(98)00113-6,COc1ccc2cc(C(C)C(=O)O)ccc2c1,True,230.26299999999998,3.036500000000001,66.55080000000004,46.53,1,2,3,2,2,17,0.21428571428571427,99.64213719056528,2.478964438638834,560.3959195741091,3
HuskinDB,Nicotine,CN1CCCC1c1cccnc1,-6.036,abdomen,"epidermis, dermis",,,,37.0,7.4,Franz cell,"Degim, 1998",10.1016/S0378-5173(98)00113-6,CN1CCCC1c1cccnc1,False,162.236,1.8483,48.842000000000034,16.130000000000003,0,2,1,1,2,12,0.5,73.22976418910065,2.194591657785846,245.27530899395384,2
HuskinDB,Salicylic acid,OC(=O)c1ccccc1O,-5.416,abdomen,"epidermis, dermis",,,,37.0,7.4,Franz cell,"Degim, 1998",10.1016/S0378-5173(98)00113-6,O=C(O)c1ccccc1O,True,138.12199999999999,1.0903999999999998,35.066100000000006,57.53,2,2,1,1,1,10,0.0,57.54633483832936,3.1529414466808685,254.78306142431708,3
HuskinDB,Etodolac,CCC1(OCCc2c1[nH]c1c2cccc1CC)CC(=O)O,-5.683,abdomen,"epidermis, dermis",,32.0,,37.0,7.4,Franz cell,"Degim, 2003",10.1002/jps.10312,CCc1cccc2c3c([nH]c12)C(CC)(CC(=O)O)OCC3,True,287.35900000000004,3.383000000000002,81.55450000000005,62.32000000000001,2,2,4,2,3,21,0.47058823529411764,123.6701770300334,2.2365005465300696,688.6452033715747,4
HuskinDB,Famotidine,NC(=Nc1scc(n1)CSCCC(=NS(=O)(=O)N)N)N,-8.345,abdomen,"epidermis, dermis",,32.0,,37.0,7.4,Franz cell,"Degim, 2003",10.1002/jps.10312,NC(N)=Nc1nc(CSCCC(N)=NS(N)(=O)=O)cs1,False,337.456,-0.7679999999999998,83.0924,175.82999999999998,4,6,7,1,1,20,0.375,124.28559613101793,2.366985109789652,603.3416169759435,12
HuskinDB,Ketoprofen,OC(=O)C(c1cccc(c1)C(=O)c1ccccc1)C,-6.768,abdomen,"epidermis, dermis",,32.0,,37.0,7.4,Franz cell,"Degim, 2003",10.1002/jps.10312,CC(C(=O)O)c1cccc(C(=O)c2ccccc2)c1,True,254.285,3.1057000000000015,72.36730000000003,54.37,1,2,4,2,2,19,0.125,111.06554373543099,2.3400417314396122,602.4009276194483,3
HuskinDB,Nimesulide,[O-][N+](=O)c1ccc(c(c1)Oc1ccccc1)NS(=O)(=O)C,-6.551,abdomen,"epidermis, dermis",,32.0,,37.0,7.4,Franz cell,"Degim, 2003",10.1002/jps.10312,CS(=O)(=O)Nc1ccc([N+](=O)[O-])cc1Oc1ccccc1,True,308.315,2.7586000000000013,78.07890000000003,98.54,1,5,5,2,2,21,0.07692307692307693,120.93059846798744,2.4291766926242557,759.3860166888998,8
HuskinDB,Nizatidine,CN/C(=C[N+](=O)[O-])/NCCSCc1csc(n1)CN(C)C,-7.981,abdomen,"epidermis, dermis",,32.0,,37.0,7.4,Franz cell,"Degim, 2003",10.1002/jps.10312,CNC(=C[N+](=O)[O-])NCCSCc1csc(CN(C)C)n1,False,331.4670000000001,1.3224999999999998,87.80680000000004,83.33,2,8,10,1,1,21,0.5833333333333334,132.52193415352465,2.218277243493725,475.9677720170103,9
HuskinDB,Ranitidine,CN/C(=C[N+](=O)[O-])/NCCSCc1ccc(o1)CN(C)C,-7.608,abdomen,"epidermis, dermis",,32.0,,37.0,7.4,Franz cell,"Degim, 2003",10.1002/jps.10312,CNC(=C[N+](=O)[O-])NCCSCc1ccc(CN(C)C)o1,False,314.411,1.4589999999999999,84.40080000000003,83.58,2,7,10,1,1,21,0.5384615384615384,128.4562521662435,2.218277243493725,473.7363586621033,8
HuskinDB,Theophylline,Cn1c(=O)n(C)c2c(c1=O)[nH]cn2,-7.125,thigh,"epidermis, dermis",dermatomed 300um,37.0,7.35,37.0,7.4,Franz cell,"Dolezal, 1993",10.1023/A:1018914806761,Cn1c(=O)c2[nH]cnc2n(C)c1=O,False,180.16699999999997,-1.0397000000000005,46.57570000000001,72.68,1,3,0,2,2,13,0.2857142857142857,72.45404341715741,3.21185381303522,574.1705593822571,6
HuskinDB,"1,2,4-Benzenetriol",Oc1ccc(c(c1)O)O,-7.456,abdomen,epidermis,heat separation,37.0,,37.0,7.4,Franz cell,"du Plessis, 2002",10.1016/S0928-0987(02)00085-4,Oc1ccc(O)c(O)c1,False,126.11099999999998,0.8033999999999999,31.436399999999995,60.69,3,3,0,1,1,9,0.0,51.814104376085,3.1716780304409156,219.54299954784685,3
HuskinDB,Catechol,Oc1ccccc1O,-6.066,abdomen,epidermis,heat separation,37.0,,37.0,7.4,Franz cell,"du Plessis, 2002",10.1016/S0928-0987(02)00085-4,Oc1ccccc1O,False,110.11199999999998,1.0977999999999999,29.771599999999992,40.46,2,2,0,1,1,8,0.0,47.01987062388899,3.134861511345448,162.63833891467198,2
HuskinDB,Hydroquinone,Oc1ccc(cc1)O,-6.506,abdomen,epidermis,heat separation,37.0,,37.0,7.4,Franz cell,"du Plessis, 2002",10.1016/S0928-0987(02)00085-4,Oc1ccc(O)cc1,False,110.11199999999998,1.0977999999999999,29.771599999999996,40.46,2,2,0,1,1,8,0.0,47.01987062388899,3.0324555320336755,145.38833891467198,2
HuskinDB,Phenol,Oc1ccccc1,-5.586,abdomen,epidermis,heat separation,37.0,,37.0,7.4,Franz cell,"du Plessis, 2002",10.1016/S0928-0987(02)00085-4,Oc1ccccc1,False,94.11299999999999,1.3921999999999999,28.106799999999993,20.23,1,1,0,1,1,7,0.0,42.22563687169298,3.0214653097240864,134.10736969541455,1
HuskinDB,Phloroglucinol,Oc1cc(O)cc(c1)O,-6.066,abdomen,epidermis,heat separation,37.0,,37.0,7.4,Franz cell,"du Plessis, 2002",10.1016/S0928-0987(02)00085-4,Oc1cc(O)cc(O)c1,False,126.11099999999996,0.8033999999999999,31.436399999999995,60.69,3,3,0,1,1,9,0.0,51.814104376085,3.165670309917317,169.06517765499825,3
HuskinDB,Pyrogallol,Oc1c(O)cccc1O,-6.366,abdomen,epidermis,heat separation,37.0,,37.0,7.4,Franz cell,"du Plessis, 2002",10.1016/S0928-0987(02)00085-4,Oc1cccc(O)c1O,False,126.11099999999998,0.8033999999999997,31.436399999999992,60.69,3,3,0,1,1,9,0.0,51.814104376085,3.2478347337367026,199.2929995478469,3
HuskinDB,Resorcinol,Oc1cccc(c1)O,-6.626,abdomen,epidermis,heat separation,37.0,,37.0,7.4,Franz cell,"du Plessis, 2002",10.1016/S0928-0987(02)00085-4,Oc1cccc(O)c1,False,110.11199999999998,1.0977999999999999,29.771599999999992,40.46,2,2,0,1,1,8,0.0,47.01987062388899,3.077660437970554,166.38833891467198,2
HuskinDB,Amphetamine,CC(Cc1ccccc1)N,-8.409,thigh,"epidermis, dermis","dermatomed 750um, hydrated",,,,7.0,Glass diffusion cell,"Galey, 1976",10.1111/1523-1747.ep12598596,CC(N)Cc1ccccc1,False,135.20999999999998,1.5763,43.79540000000002,26.02,1,1,2,1,1,10,0.3333333333333333,61.866120159699506,2.5872871851548136,179.17957141667623,1
HuskinDB,Estradiol,Oc1ccc2c(c1)CC[C@@H]1[C@@H]2CC[C@]2([C@H]1CC[C@@H]2O)C,-5.967,thigh,"epidermis, dermis","dermatomed 750um, hydrated",,,,7.0,Glass diffusion cell,"Galey, 1976",10.1111/1523-1747.ep12598596,C[C@]12CC[C@@H]3c4ccc(O)cc4CC[C@H]3[C@@H]1CC[C@@H]2O,False,272.3879999999999,3.6092000000000026,78.73060000000005,40.46,2,2,0,1,4,20,0.6666666666666666,120.38168253606061,1.7111998765070118,538.2198018097884,2
HuskinDB,Ouabain,OC[C@@]12[C@H](O)C[C@@H](C[C@@]2(O)CCC2C1[C@H](O)C[C@]1([C@]2(O)CC[C@@H]1C1=CC(=O)OC1)C)O[C@@H]1O[C@@H](C)[C@@H]([C@H]([C@H]1O)O)O,-8.959,thigh,"epidermis, dermis","dermatomed 750um, hydrated",,,,7.0,Glass diffusion cell,"Galey, 1976",10.1111/1523-1747.ep12598596,C[C@@H]1O[C@@H](O[C@H]2C[C@@H](O)[C@]3(CO)C4C(CC[C@]3(O)C2)[C@@]2(O)CC[C@H](C3=CC(=O)OC3)[C@@]2(C)C[C@H]4O)[C@H](O)[C@H](O)[C@H]1O,False,584.6590000000006,-1.5149999999999972,138.59840000000003,206.6,8,12,4,0,6,41,0.896551724137931,238.08906808370742,1.282032874118814,1084.0151789255772,12
HuskinDB,Estradiol,Oc1ccc2c(c1)CC[C@@H]1[C@@H]2CC[C@]2([C@H]1CC[C@@H]2O)C,-6.684,abdomen,epidermis,"heat separation, hydrated",30.0,,32.0,,Semi-automated apparatus,"Goodman, 1988",10.1111/1523-1747.ep12475655,C[C@]12CC[C@@H]3c4ccc(O)cc4CC[C@H]3[C@@H]1CC[C@@H]2O,False,272.3879999999999,3.6092000000000026,78.73060000000005,40.46,2,2,0,1,4,20,0.6666666666666666,120.38168253606061,1.7111998765070118,538.2198018097884,2
HuskinDB,Estradiol,Oc1ccc2c(c1)CC[C@@H]1[C@@H]2CC[C@]2([C@H]1CC[C@@H]2O)C,-6.018,abdomen,epidermis,"heat separation, hydrated",30.0,,32.0,,Semi-automated apparatus,"Goodman, 1988",10.1111/1523-1747.ep12475655,C[C@]12CC[C@@H]3c4ccc(O)cc4CC[C@H]3[C@@H]1CC[C@@H]2O,False,272.3879999999999,3.6092000000000026,78.73060000000005,40.46,2,2,0,1,4,20,0.6666666666666666,120.38168253606061,1.7111998765070118,538.2198018097884,2
HuskinDB,Amobarbital,CCC1(CCC(C)C)C(=O)NC(=O)NC1=O,-6.201,abdomen,"epidermis, dermis",fat removed,30.0,5.0,37.0,7.4,Franz cell,"Hadgraft, 1987",10.1016/0378-5173(87)90210-9,CCC1(CCC(C)C)C(=O)NC(=O)NC1=O,False,226.27599999999998,1.1849999999999998,58.47740000000003,75.27000000000001,2,3,4,0,1,16,0.7272727272727273,94.96713168561381,2.8717018629932234,303.19136469282626,5
HuskinDB,Barbital,CCC1(CC)C(=O)NC(=O)NC1=O,-7.509,abdomen,"epidermis, dermis",fat removed,30.0,5.0,37.0,7.4,Franz cell,"Hadgraft, 1987",10.1016/0378-5173(87)90210-9,CCC1(CC)C(=O)NC(=O)NC1=O,False,184.195,0.15879999999999994,44.69640000000001,75.27000000000001,2,3,2,0,1,13,0.625,75.87230534242397,3.0073639750208327,246.56270446889653,5
HuskinDB,Butobarbital,CCCCC1(CC)C(=O)NC(=O)NC1=O,-7.268,abdomen,"epidermis, dermis",fat removed,30.0,5.0,37.0,7.4,Franz cell,"Hadgraft, 1987",10.1016/0378-5173(87)90210-9,CCCCC1(CC)C(=O)NC(=O)NC1=O,False,212.249,0.9389999999999998,53.93040000000002,75.27000000000001,2,3,4,0,1,15,0.7,88.6021895712172,2.891339554138367,279.04262621960174,5
HuskinDB,Hydrocortisone,OCC(=O)[C@@]1(O)CC[C@@H]2[C@]1(C)C[C@H](O)[C@H]1[C@H]2CCC2=CC(=O)CC[C@]12C,-7.481,abdomen,"epidermis, dermis",fat removed,30.0,,37.0,,Franz cell,"Hadgraft, 1987",10.1016/0378-5173(87)90210-9,C[C@]12CCC(=O)C=C1CC[C@@H]1[C@@H]2[C@@H](O)C[C@@]2(C)[C@H]1CC[C@]2(O)C(=O)CO,False,362.4660000000002,1.7815999999999996,95.14240000000004,94.83,3,5,2,0,4,26,0.8095238095238095,154.0309111261361,1.7350832012021686,683.8889217536757,5
HuskinDB,Isoquinoline,c1ccc2c(c1)cncc2,-5.332,abdomen,"epidermis, dermis",fat removed,30.0,7.4,37.0,7.4,Franz cell,"Hadgraft, 1987",10.1016/0378-5173(87)90210-9,c1ccc2cnccc2c1,False,129.16199999999998,2.2348,41.743000000000016,12.89,0,1,0,2,2,10,0.0,59.33271563217868,2.8880516016579914,275.7051383449476,1
HuskinDB,Nicotine,CN1CCCC1c1cccnc1,-5.27,abdomen,"epidermis, dermis",fat removed,30.0,9.2,37.0,9.2,Franz cell,"Hadgraft, 1987",10.1016/0378-5173(87)90210-9,CN1CCCC1c1cccnc1,False,162.236,1.8483,48.842000000000034,16.130000000000003,0,2,1,1,2,12,0.5,73.22976418910065,2.194591657785846,245.27530899395384,2
HuskinDB,Phenobarbital,CCC1(C(=O)NC(=O)NC1=O)c1ccccc1,-6.9,abdomen,"epidermis, dermis",fat removed,30.0,5.0,37.0,7.4,Franz cell,"Hadgraft, 1987",10.1016/0378-5173(87)90210-9,CCC1(c2ccccc2)C(=O)NC(=O)NC1=O,False,232.23899999999995,0.7004,60.092400000000026,75.27000000000001,2,3,2,1,2,17,0.25,98.1995153196948,2.535973053206109,461.78392534517104,5
HuskinDB,Salicylic acid,OC(=O)c1ccccc1O,-5.76,abdomen,"epidermis, dermis",fat removed,30.0,3.0,37.0,3.0,Franz cell,"Hadgraft, 1987",10.1016/0378-5173(87)90210-9,O=C(O)c1ccccc1O,True,138.12199999999999,1.0903999999999998,35.066100000000006,57.53,2,2,1,1,1,10,0.0,57.54633483832936,3.1529414466808685,254.78306142431708,3
HuskinDB,Flufenamic acid,OC(=O)c1ccccc1Nc1cccc(c1)C(F)(F)F,-6.194,abdomen,epidermis,heat separation,32.0,7.4,32.0,7.4,Franz cell,"Henning, 2008",10.1159/000112958,O=C(O)c1ccccc1Nc1cccc(C(F)(F)F)c1,True,281.23299999999995,4.1472000000000016,68.12800000000001,49.33,2,2,3,2,2,20,0.07142857142857142,112.22060579898074,2.337930511639871,638.3112969345251,6
HuskinDB,5-Fluorouracil,Fc1c[nH]c(=O)[nH]c1=O,-7.297,thigh,epidermis,heat separation,32.0,7.2,,,,"Hirvonen, 1991",10.1023/a:1015824100788,O=c1[nH]cc(F)c(=O)[nH]1,False,130.078,-0.7977000000000001,27.641399999999994,65.72,2,2,0,1,1,9,0.0,48.359278684403755,3.5238977189940166,312.83394095677266,5
HuskinDB,Indomethacin,COc1ccc2c(c1)c(CC(=O)O)c(n2C(=O)c1ccc(cc1)Cl)C,-6.997,thigh,epidermis,heat separation,32.0,7.2,,,,"Hirvonen, 1991",10.1023/a:1015824100788,COc1ccc2c(c1)c(CC(=O)O)c(C)n2C(=O)c1ccc(Cl)cc1,True,357.793,3.9273200000000026,95.74730000000002,68.53,1,3,4,3,3,25,0.15789473684210525,148.94809374556098,2.232371733378278,973.2479304430422,6
HuskinDB,Propranolol-HCl,OC(COc1cccc2c1cccc2)CNC(C)C.Cl,-7.879,thigh,epidermis,heat separation,32.0,7.4,,,,"Hirvonen, 1991",10.1023/a:1015824100788,CC(C)NCC(O)COc1cccc2ccccc12,False,259.34900000000005,2.5775000000000006,78.58850000000005,41.489999999999995,2,3,6,2,2,19,0.375,113.76036150292278,1.9779417823071141,519.6427894422644,3
HuskinDB,Aldosterone,OCC(=O)[C@H]1CC[C@@H]2[C@]1(C=O)C[C@H](O)[C@H]1[C@H]2CCC2=CC(=O)CC[C@]12C,-7.793,"abdomen, chest, back",epidermis,heat separation,,,,,Glass diffusion cell,"Johnson, 1995",10.1002/jps.2600840922,C[C@]12CCC(=O)C=C1CC[C@@H]1[C@@H]2[C@@H](O)C[C@]2(C=O)[C@@H](C(=O)CO)CC[C@@H]12,False,360.45000000000016,1.8456999999999997,94.07260000000004,91.67,2,5,3,0,4,26,0.7619047619047619,153.39819947398385,1.7357255991595133,681.8889217536757,5
HuskinDB,Estradiol,Oc1ccc2c(c1)CC[C@@H]1[C@@H]2CC[C@]2([C@H]1CC[C@@H]2O)C,-5.944,"abdomen, chest, back",epidermis,heat separation,,,,,Glass diffusion cell,"Johnson, 1995",10.1002/jps.2600840922,C[C@]12CC[C@@H]3c4ccc(O)cc4CC[C@H]3[C@@H]1CC[C@@H]2O,False,272.3879999999999,3.6092000000000026,78.73060000000005,40.46,2,2,0,1,4,20,0.6666666666666666,120.38168253606061,1.7111998765070118,538.2198018097884,2
HuskinDB,Hydrocortisone,OCC(=O)[C@@]1(O)CC[C@@H]2[C@]1(C)C[C@H](O)[C@H]1[C@H]2CCC2=CC(=O)CC[C@]12C,-7.195,"abdomen, chest, back",epidermis,heat separation,,,,,Glass diffusion cell,"Johnson, 1995",10.1002/jps.2600840922,C[C@]12CCC(=O)C=C1CC[C@@H]1[C@@H]2[C@@H](O)C[C@@]2(C)[C@H]1CC[C@]2(O)C(=O)CO,False,362.4660000000002,1.7815999999999996,95.14240000000004,94.83,3,5,2,0,4,26,0.8095238095238095,154.0309111261361,1.7350832012021686,683.8889217536757,5
HuskinDB,Progesterone,O=C1CC[C@]2(C(=C1)CC[C@@H]1[C@@H]2CC[C@]2([C@H]1CC[C@@H]2C(=O)C)C)C,-5.079,"abdomen, chest, back",epidermis,heat separation,,,,,Glass diffusion cell,"Johnson, 1995",10.1002/jps.2600840922,CC(=O)[C@H]1CC[C@H]2[C@@H]3CCC4=CC(=O)CC[C@]4(C)[C@H]3CC[C@]12C,False,314.46900000000005,4.723500000000005,90.88100000000006,34.14,0,2,1,0,4,23,0.8095238095238095,139.6482098695481,1.6696033124820626,588.6489897976311,2
HuskinDB,Corticosterone,OCC(=O)[C@H]1CC[C@@H]2[C@]1(C)C[C@H](O)[C@H]1[C@H]2CCC2=CC(=O)CC[C@]12C,-7.556,"abdomen, chest, back",epidermis,heat separation,,,,7.4,Glass diffusion cell,"Johnson, 1996",10.1021/js960079z,C[C@]12C[C@H](O)[C@H]3[C@@H](CCC4=CC(=O)CC[C@@]43C)[C@@H]1CC[C@@H]2C(=O)CO,False,346.46700000000016,2.666700000000002,93.68260000000004,74.6,2,4,2,0,4,25,0.8095238095238095,149.2366773739401,1.7001113115352158,637.8073073537269,4
HuskinDB,Dexamethasone,OCC(=O)[C@@]1(O)[C@H](C)C[C@@H]2[C@]1(C)C[C@H](O)[C@]1([C@H]2CCC2=CC(=O)C=C[C@]12C)F,-7.75,"abdomen, chest, back",epidermis,heat separation,,,,7.4,Glass diffusion cell,"Johnson, 1996",10.1021/js960079z,C[C@@H]1C[C@H]2[C@@H]3CCC4=CC(=O)C=C[C@]4(C)[C@@]3(F)[C@@H](O)C[C@]2(C)[C@@]1(O)C(=O)CO,False,392.4670000000002,1.8957000000000002,99.94440000000004,94.83,3,5,2,0,4,28,0.7272727272727273,163.87178561127467,1.83769187946728,804.7488254884713,6
HuskinDB,Estradiol,Oc1ccc2c(c1)CC[C@@H]1[C@@H]2CC[C@]2([C@H]1CC[C@@H]2O)C,-5.937,"abdomen, chest, back",epidermis,heat separation,,,,7.4,Glass diffusion cell,"Johnson, 1996",10.1021/js960079z,C[C@]12CC[C@@H]3c4ccc(O)cc4CC[C@H]3[C@@H]1CC[C@@H]2O,False,272.3879999999999,3.6092000000000026,78.73060000000005,40.46,2,2,0,1,4,20,0.6666666666666666,120.38168253606061,1.7111998765070118,538.2198018097884,2
HuskinDB,Lidocaine,CCN(CC(=O)Nc1c(C)cccc1C)CC,-5.958,"abdomen, chest, back",epidermis,heat separation,,,,7.4,Glass diffusion cell,"Johnson, 1996",10.1021/js960079z,CCN(CC)CC(=O)Nc1c(C)cccc1C,True,234.343,2.5837400000000006,72.33370000000005,32.34,1,2,5,1,1,17,0.5,103.82215798852502,2.680267656047493,363.55864155890856,3
HuskinDB,Testosterone,O=C1CC[C@]2(C(=C1)CC[C@@H]1[C@@H]2CC[C@]2([C@H]1CC[C@@H]2O)C)C,-5.827,"abdomen, chest, back",epidermis,heat separation,,,,7.4,Glass diffusion cell,"Johnson, 1996",10.1021/js960079z,C[C@]12CC[C@H]3[C@@H](CCC4=CC(=O)CC[C@@]43C)[C@@H]1CC[C@@H]2O,False,288.431,3.879200000000003,82.71680000000005,37.3,1,2,0,0,4,21,0.8421052631578947,127.55103729290711,1.6883496404253646,507.69574308017087,2
HuskinDB,Estradiol,Oc1ccc2c(c1)CC[C@@H]1[C@@H]2CC[C@]2([C@H]1CC[C@@H]2O)C,-5.77,abdomen,epidermis,heat separation,37.0,7.4,37.0,7.4,Glass diffusion cell,"Knutson, 1993",10.1016/0168-3659(93)90170-A,C[C@]12CC[C@@H]3c4ccc(O)cc4CC[C@H]3[C@@H]1CC[C@@H]2O,False,272.3879999999999,3.6092000000000026,78.73060000000005,40.46,2,2,0,1,4,20,0.6666666666666666,120.38168253606061,1.7111998765070118,538.2198018097884,2
HuskinDB,5-Aminolevulinic acid,NCC(=O)CCC(=O)O,-7.711,abdomen,epidermis,heat separation,35.0,7.4,35.0,,Glass diffusion cell,"Krishnan, 2011",10.1002/bip.21520,NCC(=O)CCC(=O)O,False,131.131,-0.6210000000000004,30.931199999999993,80.39,2,3,4,0,0,9,0.6,52.65618813471223,3.2762115375101843,121.3715149046361,4
HuskinDB,L-alanyl-L-tryptophan,OC(=O)[C@H](Cc1c[nH]c2c1cccc2)NC(=O)[C@@H](N)C,-8.38,abdomen,epidermis,heat separation,35.0,7.4,35.0,,Glass diffusion cell,"Krishnan, 2011",10.1002/bip.21520,C[C@H](N)C(=O)N[C@@H](Cc1c[nH]c2ccccc12)C(=O)O,False,275.30800000000005,0.6269999999999998,75.21860000000004,108.21,4,3,5,2,2,20,0.2857142857142857,115.51891159153045,2.1983805564975145,633.3807660830101,6
HuskinDB,Betamethasone,OCC(=O)[C@@]1(O)[C@@H](C)C[C@@H]2[C@]1(C)C[C@H](O)[C@]1([C@H]2CCC2=CC(=O)C=C[C@]12C)F,-7.153,"abdomen, thigh, breast","epidermis, dermis",dermatomed 500um,37.0,4.5,37.0,4.5,Glass diffusion cell,"Kubota, 1993",10.1002/jps.2600821017,C[C@H]1C[C@H]2[C@@H]3CCC4=CC(=O)C=C[C@]4(C)[C@@]3(F)[C@@H](O)C[C@]2(C)[C@@]1(O)C(=O)CO,False,392.4670000000002,1.8957000000000002,99.94440000000004,94.83,3,5,2,0,4,28,0.7272727272727273,163.87178561127467,1.83769187946728,804.7488254884713,6
HuskinDB,Cytarabine,OC[C@H]1O[C@H]([C@H]([C@@H]1O)O)n1ccc(nc1=O)N,-8.856,abdomen,epidermis,heat separation,32.0,7.4,32.0,7.4,Franz cell,"Legoabe, 2010",10.1211/jpp.62.06.0012,Nc1ccn([C@@H]2O[C@H](CO)[C@@H](O)[C@@H]2O)c(=O)n1,False,243.21900000000002,-2.563,55.91880000000002,130.82999999999998,4,7,2,1,2,17,0.5555555555555556,95.89720926959052,2.3196952658217853,462.1897021796713,8
HuskinDB,"N4-acetyl-4-amino-1-[(2R,3S,4R,5R)-3,4-dihydroxy-5 (hydroxymethyl)oxolan-2-yl] pyrimidin-2-one",OC[C@H]1O[C@H]([C@H]([C@H]1O)O)n1ccc(nc1=O)NC(=O)C,-6.889,abdomen,epidermis,heat separation,32.0,7.4,32.0,7.4,Franz cell,"Legoabe, 2010",10.1211/jpp.62.06.0012,CC(=O)Nc1ccn([C@@H]2O[C@H](CO)[C@H](O)[C@@H]2O)c(=O)n1,False,285.25600000000003,-2.1867999999999994,65.81010000000002,133.91000000000003,4,7,3,1,2,20,0.5454545454545454,112.99858708502283,2.2568695073375555,559.334598175592,9
HuskinDB,"N4-hexanoyl-4-amino-1-[(2R,3S,4R,5R)-3,4-dihydroxy-5 (hydroxymethyl)oxolan-2-yl] pyrimidin-2-one",CCCCCC(=O)Nc1ccn(c(=O)n1)[C@@H]1O[C@@H]([C@@H]([C@@H]1O)O)CO,-5.737,abdomen,epidermis,heat separation,32.0,7.4,32.0,7.4,Franz cell,"Legoabe, 2010",10.1211/jpp.62.06.0012,CCCCCC(=O)Nc1ccn([C@@H]2O[C@H](CO)[C@H](O)[C@@H]2O)c(=O)n1,False,341.3640000000001,-0.6263999999999996,84.27810000000002,133.91000000000003,4,7,7,1,2,24,0.6666666666666666,138.45835554260927,2.049076623211912,619.4721067528089,9
HuskinDB,Dimethylethylamine,CCN(C)C,-6.079,,"epidermis, dermis",,,,,,Teflon cell,"Lundh, 1997",10.1007/s004200050223,CCN(C)C,False,73.139,0.5679,24.22799999999999,3.24,0,1,1,0,0,5,1.0,33.59391104122274,2.5395388613593908,17.609640474436812,1
HuskinDB,Nortriptyline hydrocloride,CNCCC=C1c2ccccc2CCc2c1cccc2.Cl,-7.959,abdomen,epidermis,heat separation,,5.5,,5.5,Franz cell,"Melero, 2008",10.1016/j.ejpb.2007.11.012,CNCCC=C1c2ccccc2CCc2ccccc21,False,263.38399999999996,3.826400000000003,85.91470000000005,12.03,1,1,3,2,3,20,0.2631578947368421,120.89752012423182,2.1133271211644953,575.6683055943938,1
HuskinDB,Nortriptyline hydrocloride,CNCCC=C1c2ccccc2CCc2c1cccc2.Cl,-6.444,abdomen,epidermis,heat separation,,7.4,,7.4,Franz cell,"Melero, 2008",10.1016/j.ejpb.2007.11.012,CNCCC=C1c2ccccc2CCc2ccccc21,False,263.38399999999996,3.826400000000003,85.91470000000005,12.03,1,1,3,2,3,20,0.2631578947368421,120.89752012423182,2.1133271211644953,575.6683055943938,1
HuskinDB,Atropine,OCC(c1ccccc1)C(=O)OC1CC2CCC(C1)N2C,-8.635,thigh,"epidermis, dermis",,30.0,8.0,30.0,6.5,Glass diffusion cell,"Michaels A. S., 1975",10.1002/aic.690210522,CN1C2CCC1CC(OC(=O)C(CO)c1ccccc1)C2,False,289.37500000000006,1.9308999999999996,79.95580000000005,49.769999999999996,1,4,4,1,3,21,0.5882352941176471,125.26323882275126,1.632677623313254,476.06840462966727,4
HuskinDB,Chlorpheniramine,CN(CCC(c1ccccn1)c1ccc(cc1)Cl)C,-6.216,thigh,"epidermis, dermis",,30.0,10.3,30.0,6.5,Glass diffusion cell,"Michaels A. S., 1975",10.1002/aic.690210522,CN(C)CCC(c1ccc(Cl)cc1)c1ccccn1,False,274.795,3.8186000000000027,80.70300000000005,16.130000000000003,0,2,5,2,2,19,0.3125,119.5959557755756,2.25847511572667,493.91719964890143,3
HuskinDB,Diethylcarbamazine,CCN(C(=O)N1CCN(CC1)C)CC,-7.459,thigh,"epidermis, dermis",,30.0,10.0,30.0,6.5,Glass diffusion cell,"Michaels A. S., 1975",10.1002/aic.690210522,CCN(CC)C(=O)N1CCN(C)CC1,False,199.29799999999994,0.6956,57.38700000000004,26.790000000000006,0,2,2,0,1,14,0.9,86.45892201452368,2.4398181745183853,183.80613221447732,4
HuskinDB,Digitoxin,O=C1OCC(=C1)[C@@H]1CC[C@]2([C@]1(C)CC[C@H]1[C@H]2CC[C@H]2[C@]1(C)CC[C@@H](C2)O[C@H]1C[C@H](O)[C@@H]([C@H](O1)C)O[C@H]1C[C@H](O)[C@@H]([C@H](O1)C)O[C@H]1C[C@H](O)[C@@H]([C@H](O1)C)O)O,-8.442,thigh,"epidermis, dermis",,30.0,7.0,30.0,6.5,Glass diffusion cell,"Michaels A. S., 1975",10.1002/aic.690210522,C[C@H]1O[C@@H](O[C@H]2[C@@H](O)C[C@H](O[C@H]3[C@@H](O)C[C@H](O[C@H]4CC[C@@]5(C)[C@H](CC[C@@H]6[C@@H]5CC[C@]5(C)[C@H](C7=CC(=O)OC7)CC[C@]65O)C4)O[C@@H]3C)O[C@@H]2C)C[C@H](O)[C@@H]1O,False,764.9500000000003,3.2473000000000014,191.22099999999944,182.82999999999998,5,13,7,0,8,54,0.926829268292683,318.5281908108477,0.8263083726243681,1374.4176851913944,13
HuskinDB,Ephedrine,CN[C@H]([C@@H](c1ccccc1)O)C,-5.778,thigh,"epidermis, dermis",,30.0,10.8,30.0,6.5,Glass diffusion cell,"Michaels A. S., 1975",10.1002/aic.690210522,CN[C@@H](C)[C@H](O)c1ccccc1,False,165.236,1.3278999999999999,49.92350000000003,32.26,2,2,3,1,1,12,0.4,73.23526751288745,2.7110407232330616,222.5400055614587,2
HuskinDB,Estradiol,Oc1ccc2c(c1)CC[C@@H]1[C@@H]2CC[C@]2([C@H]1CC[C@@H]2O)C,-5.829,thigh,"epidermis, dermis",,30.0,7.0,30.0,6.5,Glass diffusion cell,"Michaels A. S., 1975",10.1002/aic.690210522,C[C@]12CC[C@@H]3c4ccc(O)cc4CC[C@H]3[C@@H]1CC[C@@H]2O,False,272.3879999999999,3.6092000000000026,78.73060000000005,40.46,2,2,0,1,4,20,0.6666666666666666,120.38168253606061,1.7111998765070118,538.2198018097884,2
HuskinDB,Fentanyl,CCC(=O)N(c1ccccc1)C1CCN(CC1)CCc1ccccc1,-5.556,thigh,"epidermis, dermis",,30.0,8.0,30.0,6.5,Glass diffusion cell,"Michaels A. S., 1975",10.1002/aic.690210522,CCC(=O)N(c1ccccc1)C1CCN(CCc2ccccc2)CC1,True,336.47900000000004,4.136700000000004,103.82700000000007,23.550000000000004,0,2,6,2,3,25,0.4090909090909091,150.81327675644837,1.5676321318584887,648.2421416714782,3
HuskinDB,Nitroglycerin,[O-][N+](=O)OC(CO[N+](=O)[O-])CO[N+](=O)[O-],-5.556,thigh,"epidermis, dermis",,30.0,,30.0,6.5,Glass diffusion cell,"Michaels A. S., 1975",10.1002/aic.690210522,O=[N+]([O-])OCC(CO[N+](=O)[O-])O[N+](=O)[O-],False,227.08499999999998,-1.0200999999999996,37.76020000000002,157.11,0,9,8,0,0,15,1.0,80.63081361107673,3.9922055468289943,234.98712426015686,12
HuskinDB,Ouabain,OC[C@@]12[C@H](O)C[C@@H](C[C@@]2(O)CCC2C1[C@H](O)C[C@]1([C@]2(O)CC[C@@H]1C1=CC(=O)OC1)C)O[C@@H]1O[C@@H](C)[C@@H]([C@H]([C@H]1O)O)O,-9.653,thigh,"epidermis, dermis",,30.0,7.0,30.0,6.5,Glass diffusion cell,"Michaels A. S., 1975",10.1002/aic.690210522,C[C@@H]1O[C@@H](O[C@H]2C[C@@H](O)[C@]3(CO)C4C(CC[C@]3(O)C2)[C@@]2(O)CC[C@H](C3=CC(=O)OC3)[C@@]2(C)C[C@H]4O)[C@H](O)[C@H](O)[C@H]1O,False,584.6590000000006,-1.5149999999999972,138.59840000000003,206.6,8,12,4,0,6,41,0.896551724137931,238.08906808370742,1.282032874118814,1084.0151789255772,12
HuskinDB,Scopolamine,OC[C@H](c1ccccc1)C(=O)OC1C[C@@H]2N([C@H](C1)[C@@H]1[C@H]2O1)C,-7.852,thigh,"epidermis, dermis",,30.0,9.6,30.0,6.5,Glass diffusion cell,"Michaels A. S., 1975",10.1002/aic.690210522,CN1[C@@H]2CC(OC(=O)[C@H](CO)c3ccccc3)C[C@H]1[C@@H]1O[C@@H]12,False,303.358,0.9180999999999995,79.38280000000005,62.3,1,5,4,1,4,22,0.5882352941176471,129.3709528987289,1.4200028178766766,545.0371822548029,5
HuskinDB,Chlorpheniramine,CN(CCC(c1ccccn1)c1ccc(cc1)Cl)C,-6.491,thigh,"epidermis, dermis",,30.0,10.0,30.0,6.5,Glass diffusion cell,"Michaels A. S., 1975",10.1002/aic.690210522,CN(C)CCC(c1ccc(Cl)cc1)c1ccccn1,False,274.795,3.8186000000000027,80.70300000000005,16.130000000000003,0,2,5,2,2,19,0.3125,119.5959557755756,2.25847511572667,493.91719964890143,3
HuskinDB,Ephedrine,CN[C@H]([C@@H](c1ccccc1)O)C,-5.778,thigh,"epidermis, dermis",,30.0,10.85,30.0,6.5,Glass diffusion cell,"Michaels A. S., 1975",10.1002/aic.690210522,CN[C@@H](C)[C@H](O)c1ccccc1,False,165.236,1.3278999999999999,49.92350000000003,32.26,2,2,3,1,1,12,0.4,73.23526751288745,2.7110407232330616,222.5400055614587,2
HuskinDB,Ephedrine,CN[C@H]([C@@H](c1ccccc1)O)C,-5.778,thigh,"epidermis, dermis",,30.0,10.45,30.0,6.5,Glass diffusion cell,"Michaels A. S., 1975",10.1002/aic.690210522,CN[C@@H](C)[C@H](O)c1ccccc1,False,165.236,1.3278999999999999,49.92350000000003,32.26,2,2,3,1,1,12,0.4,73.23526751288745,2.7110407232330616,222.5400055614587,2
HuskinDB,Ephedrine,CN[C@H]([C@@H](c1ccccc1)O)C,-6.326,thigh,"epidermis, dermis",,30.0,8.85,30.0,6.5,Glass diffusion cell,"Michaels A. S., 1975",10.1002/aic.690210522,CN[C@@H](C)[C@H](O)c1ccccc1,False,165.236,1.3278999999999999,49.92350000000003,32.26,2,2,3,1,1,12,0.4,73.23526751288745,2.7110407232330616,222.5400055614587,2
HuskinDB,Scopolamine,OC[C@H](c1ccccc1)C(=O)OC1C[C@@H]2N([C@H](C1)[C@@H]1[C@H]2O1)C,-9.128,thigh,"epidermis, dermis",,30.0,4.0,30.0,6.5,Glass diffusion cell,"Michaels A. S., 1975",10.1002/aic.690210522,CN1[C@@H]2CC(OC(=O)[C@H](CO)c3ccccc3)C[C@H]1[C@@H]1O[C@@H]12,False,303.358,0.9180999999999995,79.38280000000005,62.3,1,5,4,1,4,22,0.5882352941176471,129.3709528987289,1.4200028178766766,545.0371822548029,5
HuskinDB,Scopolamine,OC[C@H](c1ccccc1)C(=O)OC1C[C@@H]2N([C@H](C1)[C@@H]1[C@H]2O1)C,-8.862,thigh,"epidermis, dermis",,30.0,6.6,30.0,6.5,Glass diffusion cell,"Michaels A. S., 1975",10.1002/aic.690210522,CN1[C@@H]2CC(OC(=O)[C@H](CO)c3ccccc3)C[C@H]1[C@@H]1O[C@@H]12,False,303.358,0.9180999999999995,79.38280000000005,62.3,1,5,4,1,4,22,0.5882352941176471,129.3709528987289,1.4200028178766766,545.0371822548029,5
HuskinDB,Scopolamine,OC[C@H](c1ccccc1)C(=O)OC1C[C@@H]2N([C@H](C1)[C@@H]1[C@H]2O1)C,-8.221,thigh,"epidermis, dermis",,30.0,9.6,30.0,6.5,Glass diffusion cell,"Michaels A. S., 1975",10.1002/aic.690210522,CN1[C@@H]2CC(OC(=O)[C@H](CO)c3ccccc3)C[C@H]1[C@@H]1O[C@@H]12,False,303.358,0.9180999999999995,79.38280000000005,62.3,1,5,4,1,4,22,0.5882352941176471,129.3709528987289,1.4200028178766766,545.0371822548029,5
HuskinDB,Benzene,c1ccccc1,-4.352,"abdomen, back",epidermis,heat separation,25.0,,25.0,,Glass diffusion cell,"Mitragotri, 1995",10.1002/jps.2600840607,c1ccccc1,False,78.11399999999999,1.6866,26.441999999999993,0.0,0,0,0,1,1,6,0.0,37.43140311949697,3.000000000000001,71.96100505779535,0
HuskinDB,1-Butanol,CCCCO,-6.214,"abdomen, back",epidermis,heat separation,25.0,,25.0,,Glass diffusion cell,"Mitragotri, 1995",10.1002/jps.2600840607,CCCCO,False,74.12299999999999,0.7787999999999999,21.993799999999997,20.23,1,1,2,0,0,5,1.0,32.62831112321538,2.19060968716425,11.119415478763749,1
HuskinDB,Caffeine,Cn1cnc2c1c(=O)n(C)c(=O)n2C,-7.556,"abdomen, back",epidermis,heat separation,25.0,,25.0,,Glass diffusion cell,"Mitragotri, 1995",10.1002/jps.2600840607,Cn1c(=O)c2c(ncn2C)n(C)c1=O,False,194.194,-1.0293,51.19600000000001,61.82,0,3,0,2,2,14,0.375,79.02895701814934,3.221281081084589,616.5285919942219,6
HuskinDB,Corticosterone,OCC(=O)[C@H]1CC[C@@H]2[C@]1(C)C[C@H](O)[C@H]1[C@H]2CCC2=CC(=O)CC[C@]12C,-7.079,"abdomen, back",epidermis,heat separation,25.0,,25.0,,Glass diffusion cell,"Mitragotri, 1995",10.1002/jps.2600840607,C[C@]12C[C@H](O)[C@H]3[C@@H](CCC4=CC(=O)CC[C@@]43C)[C@@H]1CC[C@@H]2C(=O)CO,False,346.46700000000016,2.666700000000002,93.68260000000004,74.6,2,4,2,0,4,25,0.8095238095238095,149.2366773739401,1.7001113115352158,637.8073073537269,4
HuskinDB,Estradiol,Oc1ccc2c(c1)CC[C@@H]1[C@@H]2CC[C@]2([C@H]1CC[C@@H]2O)C,-6.051,"abdomen, back",epidermis,heat separation,25.0,,25.0,,Glass diffusion cell,"Mitragotri, 1995",10.1002/jps.2600840607,C[C@]12CC[C@@H]3c4ccc(O)cc4CC[C@H]3[C@@H]1CC[C@@H]2O,False,272.3879999999999,3.6092000000000026,78.73060000000005,40.46,2,2,0,1,4,20,0.6666666666666666,120.38168253606061,1.7111998765070118,538.2198018097884,2
HuskinDB,Progesterone,O=C1CC[C@]2(C(=C1)CC[C@@H]1[C@@H]2CC[C@]2([C@H]1CC[C@@H]2C(=O)C)C)C,-5.442,"abdomen, back",epidermis,heat separation,25.0,,25.0,,Glass diffusion cell,"Mitragotri, 1995",10.1002/jps.2600840607,CC(=O)[C@H]1CC[C@H]2[C@@H]3CCC4=CC(=O)CC[C@]4(C)[C@H]3CC[C@]12C,False,314.46900000000005,4.723500000000005,90.88100000000006,34.14,0,2,1,0,4,23,0.8095238095238095,139.6482098695481,1.6696033124820626,588.6489897976311,2
HuskinDB,Testosterone,O=C1CC[C@]2(C(=C1)CC[C@@H]1[C@@H]2CC[C@]2([C@H]1CC[C@@H]2O)C)C,-6.214,"abdomen, back",epidermis,heat separation,25.0,,25.0,,Glass diffusion cell,"Mitragotri, 1995",10.1002/jps.2600840607,C[C@]12CC[C@H]3[C@@H](CCC4=CC(=O)CC[C@@]43C)[C@@H]1CC[C@@H]2O,False,288.431,3.879200000000003,82.71680000000005,37.3,1,2,0,0,4,21,0.8421052631578947,127.55103729290711,1.6883496404253646,507.69574308017087,2
HuskinDB,Aldosterone,OCC(=O)[C@H]1CC[C@@H]2[C@]1(C=O)C[C@H](O)[C@H]1[C@H]2CCC2=CC(=O)CC[C@]12C,-7.857,,epidermis,heat separation,,,,,Franz cell,"Mitragotri, 1996",10.1023/A:1016096626810,C[C@]12CCC(=O)C=C1CC[C@@H]1[C@@H]2[C@@H](O)C[C@]2(C=O)[C@@H](C(=O)CO)CC[C@@H]12,False,360.45000000000016,1.8456999999999997,94.07260000000004,91.67,2,5,3,0,4,26,0.7619047619047619,153.39819947398385,1.7357255991595133,681.8889217536757,5
HuskinDB,1-Butanol,CCCCO,-6.214,,epidermis,heat separation,,,,,Franz cell,"Mitragotri, 1996",10.1023/A:1016096626810,CCCCO,False,74.12299999999999,0.7787999999999999,21.993799999999997,20.23,1,1,2,0,0,5,1.0,32.62831112321538,2.19060968716425,11.119415478763749,1
HuskinDB,Corticosterone,OCC(=O)[C@H]1CC[C@@H]2[C@]1(C)C[C@H](O)[C@H]1[C@H]2CCC2=CC(=O)CC[C@]12C,-7.079,,epidermis,heat separation,,,,,Franz cell,"Mitragotri, 1996",10.1023/A:1016096626810,C[C@]12C[C@H](O)[C@H]3[C@@H](CCC4=CC(=O)CC[C@@]43C)[C@@H]1CC[C@@H]2C(=O)CO,False,346.46700000000016,2.666700000000002,93.68260000000004,74.6,2,4,2,0,4,25,0.8095238095238095,149.2366773739401,1.7001113115352158,637.8073073537269,4
HuskinDB,Estradiol,Oc1ccc2c(c1)CC[C@@H]1[C@@H]2CC[C@]2([C@H]1CC[C@@H]2O)C,-6.079,,epidermis,heat separation,,,,,Franz cell,"Mitragotri, 1996",10.1023/A:1016096626810,C[C@]12CC[C@@H]3c4ccc(O)cc4CC[C@H]3[C@@H]1CC[C@@H]2O,False,272.3879999999999,3.6092000000000026,78.73060000000005,40.46,2,2,0,1,4,20,0.6666666666666666,120.38168253606061,1.7111998765070118,538.2198018097884,2
HuskinDB,Salicylic acid,OC(=O)c1ccccc1O,-7.556,,epidermis,heat separation,,,,,Franz cell,"Mitragotri, 1996",10.1023/A:1016096626810,O=C(O)c1ccccc1O,True,138.12199999999999,1.0903999999999998,35.066100000000006,57.53,2,2,1,1,1,10,0.0,57.54633483832936,3.1529414466808685,254.78306142431708,3
HuskinDB,Sucrose,OC[C@H]1O[C@@]([C@H]([C@@H]1O)O)(CO)O[C@H]1O[C@H](CO)[C@H]([C@@H]([C@H]1O)O)O,-8.84,,epidermis,heat separation,,,,,Franz cell,"Mitragotri, 1996",10.1023/A:1016096626810,OC[C@H]1O[C@@](CO)(O[C@H]2O[C@H](CO)[C@@H](O)[C@H](O)[C@H]2O)[C@@H](O)[C@@H]1O,False,342.297,-5.395599999999993,68.64140000000003,189.52999999999997,8,11,5,0,2,23,1.0,130.4364576852225,2.1772696581273263,393.2032272794937,11
HuskinDB,Aldosterone,OCC(=O)[C@H]1CC[C@@H]2[C@]1(C=O)C[C@H](O)[C@H]1[C@H]2CCC2=CC(=O)CC[C@]12C,-8.079,,epidermis,heat separation,,7.4,,7.4,Glass diffusion cell,"Mitragotri, 2000",10.1023/A:1007547809430,C[C@]12CCC(=O)C=C1CC[C@@H]1[C@@H]2[C@@H](O)C[C@]2(C=O)[C@@H](C(=O)CO)CC[C@@H]12,False,360.45000000000016,1.8456999999999997,94.07260000000004,91.67,2,5,3,0,4,26,0.7619047619047619,153.39819947398385,1.7357255991595133,681.8889217536757,5
HuskinDB,Corticosterone,OCC(=O)[C@H]1CC[C@@H]2[C@]1(C)C[C@H](O)[C@H]1[C@H]2CCC2=CC(=O)CC[C@]12C,-7.556,,epidermis,heat separation,,7.4,,7.4,Glass diffusion cell,"Mitragotri, 2000",10.1023/A:1007547809430,C[C@]12C[C@H](O)[C@H]3[C@@H](CCC4=CC(=O)CC[C@@]43C)[C@@H]1CC[C@@H]2C(=O)CO,False,346.46700000000016,2.666700000000002,93.68260000000004,74.6,2,4,2,0,4,25,0.8095238095238095,149.2366773739401,1.7001113115352158,637.8073073537269,4
HuskinDB,1-Decanol,CCCCCCCCCCO,-4.602,,epidermis,heat separation,,7.4,,7.4,Glass diffusion cell,"Mitragotri, 2000",10.1023/A:1007547809430,CCCCCCCCCCO,False,158.285,3.119400000000002,49.69580000000003,20.23,1,1,8,0,0,11,1.0,70.81796380959506,2.6909155266923976,53.89311688209828,1
HuskinDB,Estradiol,Oc1ccc2c(c1)CC[C@@H]1[C@@H]2CC[C@]2([C@H]1CC[C@@H]2O)C,-6.079,,epidermis,heat separation,,7.4,,7.4,Glass diffusion cell,"Mitragotri, 2000",10.1023/A:1007547809430,C[C@]12CC[C@@H]3c4ccc(O)cc4CC[C@H]3[C@@H]1CC[C@@H]2O,False,272.3879999999999,3.6092000000000026,78.73060000000005,40.46,2,2,0,1,4,20,0.6666666666666666,120.38168253606061,1.7111998765070118,538.2198018097884,2
HuskinDB,Lidocaine,CCN(CC(=O)Nc1c(C)cccc1C)CC,-6.079,,epidermis,heat separation,,7.4,,7.4,Glass diffusion cell,"Mitragotri, 2000",10.1023/A:1007547809430,CCN(CC)CC(=O)Nc1c(C)cccc1C,True,234.343,2.5837400000000006,72.33370000000005,32.34,1,2,5,1,1,17,0.5,103.82215798852502,2.680267656047493,363.55864155890856,3
HuskinDB,Naphthol,Oc1cccc2c1cccc2,-5.141,,epidermis,heat separation,,7.4,,7.4,Glass diffusion cell,"Mitragotri, 2000",10.1023/A:1007547809430,Oc1cccc2ccccc12,False,144.17299999999997,2.5454000000000008,45.61280000000003,20.23,1,1,0,2,2,11,0.0,64.90730140342818,2.9131611636048604,374.03449039867843,1
HuskinDB,1-Octanol,CCCCCCCCO,-4.711,,epidermis,heat separation,,7.4,,7.4,Glass diffusion cell,"Mitragotri, 2000",10.1023/A:1007547809430,CCCCCCCCO,False,130.23100000000002,2.3392000000000013,40.461800000000004,20.23,1,1,6,0,0,9,1.0,58.08807958080182,2.595082706793886,37.832293921787276,1
HuskinDB,Progesterone,O=C1CC[C@]2(C(=C1)CC[C@@H]1[C@@H]2CC[C@]2([C@H]1CC[C@@H]2C(=O)C)C)C,-5.255,,epidermis,heat separation,,7.4,,7.4,Glass diffusion cell,"Mitragotri, 2000",10.1023/A:1007547809430,CC(=O)[C@H]1CC[C@H]2[C@@H]3CCC4=CC(=O)CC[C@]4(C)[C@H]3CC[C@]12C,False,314.46900000000005,4.723500000000005,90.88100000000006,34.14,0,2,1,0,4,23,0.8095238095238095,139.6482098695481,1.6696033124820626,588.6489897976311,2
HuskinDB,Testosterone,O=C1CC[C@]2(C(=C1)CC[C@@H]1[C@@H]2CC[C@]2([C@H]1CC[C@@H]2O)C)C,-6.214,,epidermis,heat separation,,7.4,,7.4,Glass diffusion cell,"Mitragotri, 2000",10.1023/A:1007547809430,C[C@]12CC[C@H]3[C@@H](CCC4=CC(=O)CC[C@@]43C)[C@@H]1CC[C@@H]2O,False,288.431,3.879200000000003,82.71680000000005,37.3,1,2,0,0,4,21,0.8421052631578947,127.55103729290711,1.6883496404253646,507.69574308017087,2
HuskinDB,Bisoprolol Fumarate,OC(COc1ccc(cc1)COCCOC(C)C)CNC(C)C.OC(=O)/C=C/C(=O)O,-7.125,abdomen,"epidermis, dermis","dermatomed 1200um, hydrated",32.0,,32.0,7.4,Franz cell,"Modamio, 1998",10.1016/S0378-5173(98)00214-2,CC(C)NCC(O)COc1ccc(COCCOC(C)C)cc1,False,325.449,2.3659,91.82650000000007,59.95,2,5,12,1,1,23,0.6666666666666666,139.49544011658094,2.197160040297925,405.9875417580352,5
HuskinDB,Celiprolol Hydrochloride,CCN(C(=O)Nc1ccc(c(c1)C(=O)C)OCC(CNC(C)(C)C)O)CC.Cl,-6.785,abdomen,"epidermis, dermis","dermatomed 1200um, hydrated",32.0,,32.0,7.4,Franz cell,"Modamio, 1998",10.1016/S0378-5173(98)00214-2,CCN(CC)C(=O)Nc1ccc(OCC(O)CNC(C)(C)C)c(C(C)=O)c1,False,379.5010000000002,2.8907000000000007,107.64370000000007,90.9,3,5,9,1,1,27,0.6,161.63097394025937,2.7871583156014084,636.6042613427059,7
HuskinDB,Atenolol,OC(COc1ccc(cc1)CC(=O)N)CNC(C)C,-7.857,abdomen,"epidermis, dermis","dermatomed 1200um, hydrated",32.0,7.4,32.0,7.6,Franz cell,"Modamio, 2000",10.1016/S0378-5173(99)00380-4,CC(C)NCC(O)COc1ccc(CC(N)=O)cc1,False,266.34099999999995,0.45210000000000006,73.98090000000003,84.57999999999998,3,4,8,1,1,19,0.5,113.30999399703728,2.346203475304779,390.18247960279086,5
HuskinDB,Metoprolol,COCCc1ccc(cc1)OCC(CNC(C)C)O,-6.637,abdomen,"epidermis, dermis","dermatomed 1200um, hydrated",32.0,7.4,32.0,7.6,Franz cell,"Modamio, 2000",10.1016/S0378-5173(99)00380-4,COCCc1ccc(OCC(O)CNC(C)C)cc1,False,267.36899999999997,1.6132,76.66250000000005,50.72,2,4,9,1,1,19,0.6,115.28706854388426,2.285695819256649,337.7488527229999,4
HuskinDB,Oxprenolol,C=CCOc1ccccc1OCC(CNC(C)C)O,-6.369,abdomen,"epidermis, dermis","dermatomed 1200um, hydrated",32.0,7.4,32.0,7.6,Franz cell,"Modamio, 2000",10.1016/S0378-5173(99)00380-4,C=CCOc1ccccc1OCC(O)CNC(C)C,False,265.35299999999995,1.9890999999999999,76.77450000000005,50.72,2,4,9,1,1,19,0.4666666666666667,114.59746551169998,2.4490008122380638,379.4083655141889,4
HuskinDB,Propranolol,OC(COc1cccc2c1cccc2)CNC(C)C,-6.306,abdomen,"epidermis, dermis","dermatomed 1200um, hydrated",32.0,7.4,32.0,7.6,Franz cell,"Modamio, 2000",10.1016/S0378-5173(99)00380-4,CC(C)NCC(O)COc1cccc2ccccc12,False,259.34900000000005,2.5775000000000006,78.58850000000005,41.489999999999995,2,3,6,2,2,19,0.375,113.76036150292278,1.9779417823071141,519.6427894422644,3
HuskinDB,Mannitol,OC[C@H]([C@H]([C@@H]([C@@H](CO)O)O)O)O,-7.81,,epidermis,heat separation,37.0,7.5,37.0,7.5,Glass diffusion cell,"Peck, 1994",10.1023/A:1018998529283,OC[C@@H](O)[C@@H](O)[C@H](O)[C@H](O)CO,False,182.172,-3.5854000000000004,38.198800000000006,121.38000000000001,6,6,5,0,0,12,1.0,69.32936411298864,3.9851644508585786,104.6059378176129,6
HuskinDB,Raffinose,OC[C@H]1O[C@@]([C@H]([C@@H]1O)O)(CO)O[C@H]1O[C@H](CO[C@H]2O[C@H](CO)[C@@H]([C@@H]([C@H]2O)O)O)[C@H]([C@@H]([C@H]1O)O)O,-8.208,,epidermis,heat separation,37.0,7.5,37.0,7.5,Glass diffusion cell,"Peck, 1994",10.1023/A:1018998529283,OC[C@H]1O[C@H](OC[C@H]2O[C@H](O[C@]3(CO)O[C@H](CO)[C@@H](O)[C@@H]3O)[C@H](O)[C@@H](O)[C@@H]2O)[C@H](O)[C@@H](O)[C@H]1O,False,504.43800000000005,-7.571399999999989,101.27480000000001,268.67999999999995,11,16,8,0,3,34,1.0,192.23007093367468,1.6897643338729131,653.442936810205,16
HuskinDB,Sucrose,OC[C@H]1O[C@@]([C@H]([C@@H]1O)O)(CO)O[C@H]1O[C@H](CO)[C@H]([C@@H]([C@H]1O)O)O,-8.075,,epidermis,heat separation,37.0,7.5,37.0,7.5,Glass diffusion cell,"Peck, 1994",10.1023/A:1018998529283,OC[C@H]1O[C@@](CO)(O[C@H]2O[C@H](CO)[C@@H](O)[C@H](O)[C@H]2O)[C@@H](O)[C@@H]1O,False,342.297,-5.395599999999993,68.64140000000003,189.52999999999997,8,11,5,0,2,23,1.0,130.4364576852225,2.1772696581273263,393.2032272794937,11
HuskinDB,Urea,NC(=O)N,-7.317,,epidermis,heat separation,37.0,7.5,37.0,7.5,Glass diffusion cell,"Peck, 1994",10.1023/A:1018998529283,NC(N)=O,False,60.056,-0.9762000000000002,13.7708,69.11,2,1,0,0,0,4,0.0,23.580554521898744,2.8030394876740514,29.019550008653873,3
HuskinDB,Nicotine,CN1CCCC1c1cccnc1,-5.546,"abdomen, breast","epidermis, dermis",dermatomed 408um,32.0,7.4,37.0,7.4,Franz cell,"Qvist, 2000",10.1016/S0928-0987(00)00091-9,CN1CCCC1c1cccnc1,False,162.236,1.8483,48.842000000000034,16.130000000000003,0,2,1,1,2,12,0.5,73.22976418910065,2.194591657785846,245.27530899395384,2
HuskinDB,Salicylic acid,OC(=O)c1ccccc1O,-5.136,"abdomen, breast","epidermis, dermis",dermatomed 408um,32.0,2.5,37.0,7.4,Franz cell,"Qvist, 2000",10.1016/S0928-0987(00)00091-9,O=C(O)c1ccccc1O,True,138.12199999999999,1.0903999999999998,35.066100000000006,57.53,2,2,1,1,1,10,0.0,57.54633483832936,3.1529414466808685,254.78306142431708,3
HuskinDB,Testosterone,O=C1CC[C@]2(C(=C1)CC[C@@H]1[C@@H]2CC[C@]2([C@H]1CC[C@@H]2O)C)C,-5.856,"abdomen, breast","epidermis, dermis",dermatomed 408um,32.0,,37.0,7.4,Franz cell,"Qvist, 2000",10.1016/S0928-0987(00)00091-9,C[C@]12CC[C@H]3[C@@H](CCC4=CC(=O)CC[C@@]43C)[C@@H]1CC[C@@H]2O,False,288.431,3.879200000000003,82.71680000000005,37.3,1,2,0,0,4,21,0.8421052631578947,127.55103729290711,1.6883496404253646,507.69574308017087,2
HuskinDB,"2,4,6-Trichlorophenol",Clc1cc(Cl)c(c(c1)Cl)O,-4.783,abdomen,epidermis,exposure to ammonia fumes,25.0,,25.0,,Pyrex cell,"Roberts, 1977",10.1111/j.2042-7158.1977.tb11434.x ,Oc1c(Cl)cc(Cl)cc1Cl,False,197.44799999999998,3.3523999999999994,43.13680000000001,20.23,1,1,0,1,1,10,0.0,73.135435552338,3.310532874722407,236.16499587006643,4
HuskinDB,"2,4-Dichlorophenol",Clc1ccc(c(c1)Cl)O,-4.778,abdomen,epidermis,exposure to ammonia fumes,25.0,,25.0,,Pyrex cell,"Roberts, 1977",10.1111/j.2042-7158.1977.tb11434.x ,Oc1ccc(Cl)cc1Cl,False,163.003,2.699,38.12680000000001,20.23,1,1,0,1,1,9,0.0,62.83216932545633,3.171678030440915,222.29788705001033,3
HuskinDB,o-Chlorophenol,Oc1ccccc1Cl,-5.037,abdomen,epidermis,exposure to ammonia fumes,25.0,,25.0,,Pyrex cell,"Roberts, 1977",10.1111/j.2042-7158.1977.tb11434.x ,Oc1ccccc1Cl,False,128.558,2.0456000000000003,33.1168,20.23,1,1,0,1,1,8,0.0,52.52890309857465,3.134861511345448,164.63833891467198,2
HuskinDB,o-Cresol,Cc1ccccc1O,-5.36,abdomen,epidermis,exposure to ammonia fumes,25.0,,25.0,,Pyrex cell,"Roberts, 1977",10.1111/j.2042-7158.1977.tb11434.x ,Cc1ccccc1O,False,108.13999999999999,1.70062,32.843799999999995,20.23,1,1,0,1,1,8,0.14285714285714285,48.59057898608958,3.134861511345448,160.49662946459569,1
HuskinDB,"3,4-Xylenol",Oc1ccc(c(c1)C)C,-5.0,abdomen,epidermis,exposure to ammonia fumes,25.0,,25.0,,Pyrex cell,"Roberts, 1977",10.1111/j.2042-7158.1977.tb11434.x ,Cc1ccc(O)cc1C,False,122.16699999999999,2.0090399999999997,37.5808,20.23,1,1,0,1,1,9,0.25,54.955521100486195,3.171678030440915,215.80766205433727,1
HuskinDB,m-Cresol,Cc1cccc(c1)O,-5.373,abdomen,epidermis,exposure to ammonia fumes,25.0,,25.0,,Pyrex cell,"Roberts, 1977",10.1111/j.2042-7158.1977.tb11434.x ,Cc1cccc(O)c1,False,108.13999999999999,1.7006199999999998,32.843799999999995,20.23,1,1,0,1,1,8,0.14285714285714285,48.59057898608958,3.077660437970554,164.24662946459569,1
HuskinDB,m-Nitrophenol,Oc1cccc(c1)[N+](=O)[O-],-5.805,abdomen,epidermis,exposure to ammonia fumes,25.0,,25.0,,Pyrex cell,"Roberts, 1977",10.1111/j.2042-7158.1977.tb11434.x ,O=[N+]([O-])c1cccc(O)c1,False,139.10999999999999,1.3004,34.76120000000001,63.370000000000005,1,3,1,1,1,10,0.0,56.878612594192774,3.069899265759275,258.9247708743934,4
HuskinDB,p-Bromophenol,Oc1ccc(cc1)Br,-4.999,abdomen,epidermis,exposure to ammonia fumes,25.0,,25.0,,Pyrex cell,"Roberts, 1977",10.1111/j.2042-7158.1977.tb11434.x ,Oc1ccc(Br)cc1,False,173.00900000000001,2.1547,35.80680000000001,20.23,1,1,0,1,1,8,0.0,56.09318447733433,3.0324555320336755,147.38833891467198,2
HuskinDB,p-Chlorophenol,Oc1ccc(cc1)Cl,-4.996,abdomen,epidermis,exposure to ammonia fumes,25.0,,25.0,,Pyrex cell,"Roberts, 1977",10.1111/j.2042-7158.1977.tb11434.x ,Oc1ccc(Cl)cc1,False,128.558,2.0456,33.1168,20.23,1,1,0,1,1,8,0.0,52.52890309857465,3.0324555320336755,147.38833891467198,2
HuskinDB,p-Cresol,Cc1ccc(cc1)O,-5.313,abdomen,epidermis,exposure to ammonia fumes,25.0,,25.0,,Pyrex cell,"Roberts, 1977",10.1111/j.2042-7158.1977.tb11434.x ,Cc1ccc(O)cc1,False,108.13999999999999,1.7006199999999998,32.843799999999995,20.23,1,1,0,1,1,8,0.14285714285714285,48.59057898608958,3.0324555320336755,143.24662946459569,1
HuskinDB,p-Ethylphenol,CCc1ccc(cc1)O,-5.014,abdomen,epidermis,exposure to ammonia fumes,25.0,,25.0,,Pyrex cell,"Roberts, 1977",10.1111/j.2042-7158.1977.tb11434.x ,CCc1ccc(O)cc1,False,122.16699999999996,1.9546,37.48480000000001,20.23,1,1,1,1,1,9,0.25,54.95552110048619,2.881555877646136,176.26405299160075,1
HuskinDB,p-Nitrophenol,Oc1ccc(cc1)[N+](=O)[O-],-5.81,abdomen,epidermis,exposure to ammonia fumes,25.0,,25.0,,Pyrex cell,"Roberts, 1977",10.1111/j.2042-7158.1977.tb11434.x ,O=[N+]([O-])c1ccc(O)cc1,False,139.10999999999999,1.3003999999999998,34.76120000000001,63.370000000000005,1,3,1,1,1,10,0.0,56.878612594192774,3.003400684579818,241.67477087439332,4
HuskinDB,2-Naphthol,Oc1ccc2c(c1)cccc2,-5.111,abdomen,epidermis,exposure to ammonia fumes,25.0,,25.0,,Pyrex cell,"Roberts, 1977",10.1111/j.2042-7158.1977.tb11434.x ,Oc1ccc2ccccc2c1,False,144.17299999999997,2.5454,45.61280000000002,20.23,1,1,0,2,2,11,0.0,64.90730140342819,2.8289012156206956,379.28449039867843,1
HuskinDB,Chlorocresol,Cc1c(O)cccc1Cl,-4.816,abdomen,epidermis,exposure to ammonia fumes,25.0,,25.0,,Pyrex cell,"Roberts, 1977",10.1111/j.2042-7158.1977.tb11434.x ,Cc1c(O)cccc1Cl,False,142.58499999999998,2.3540200000000002,37.853800000000014,20.23,1,1,0,1,1,9,0.14285714285714285,58.89384521297126,3.2478347337367035,199.90617759993407,2
HuskinDB,Chloroxylenol,Cc1ccc(c(c1C)O)Cl,-4.785,abdomen,epidermis,exposure to ammonia fumes,25.0,,25.0,,Pyrex cell,"Roberts, 1977",10.1111/j.2042-7158.1977.tb11434.x ,Cc1ccc(Cl)c(O)c1C,False,156.61200000000002,2.662440000000001,42.59080000000002,20.23,1,1,0,1,1,10,0.25,65.25878732736787,3.3421538077705124,228.6796583765568,2
HuskinDB,Methyl 4-hydroxybenzoate,COC(=O)c1ccc(cc1)O,-5.596,abdomen,epidermis,exposure to ammonia fumes,25.0,,25.0,,Pyrex cell,"Roberts, 1977",10.1111/j.2042-7158.1977.tb11434.x ,COC(=O)c1ccc(O)cc1,False,152.149,1.1788,39.446300000000015,46.53,1,3,1,1,1,11,0.125,64.23058843003683,2.8953480359887567,250.5446100817276,3
HuskinDB,Phenol,Oc1ccccc1,-5.614,abdomen,epidermis,exposure to ammonia fumes,25.0,,25.0,,Pyrex cell,"Roberts, 1977",10.1111/j.2042-7158.1977.tb11434.x ,Oc1ccccc1,False,94.11299999999999,1.3921999999999999,28.106799999999993,20.23,1,1,0,1,1,7,0.0,42.22563687169298,3.0214653097240864,134.10736969541455,1
HuskinDB,Resorcinol,Oc1cccc(c1)O,-7.176,abdomen,epidermis,exposure to ammonia fumes,25.0,,25.0,,Pyrex cell,"Roberts, 1977",10.1111/j.2042-7158.1977.tb11434.x ,Oc1cccc(O)c1,False,110.11199999999998,1.0977999999999999,29.771599999999992,40.46,2,2,0,1,1,8,0.0,47.01987062388899,3.077660437970554,166.38833891467198,2
HuskinDB,Thymol,Cc1ccc(c(c1)O)C(C)C,-4.834,abdomen,epidermis,exposure to ammonia fumes,25.0,,25.0,,Pyrex cell,"Roberts, 1977",10.1111/j.2042-7158.1977.tb11434.x ,Cc1ccc(C(C)C)c(O)c1,False,150.221,2.824020000000001,46.93280000000003,20.23,1,1,1,1,1,11,0.4,67.6854053292794,3.092719758380193,251.04973178598337,1
HuskinDB,4-Cyanophenol,N#Cc1ccc(cc1)O,-5.731,"back, leg",epidermis,heat separation,32.0,7.4,32.0,7.4,,"Romonchuk, 2010",10.1159/000272121,N#Cc1ccc(O)cc1,False,119.12299999999996,1.26388,32.821799999999996,44.019999999999996,1,2,0,1,1,9,0.0,52.98315866755829,3.0560383962272617,232.08821798626076,2
HuskinDB,Methyl 4-hydroxybenzoate,COC(=O)c1ccc(cc1)O,-5.634,"back, leg",epidermis,heat separation,32.0,7.4,32.0,7.4,,"Romonchuk, 2010",10.1159/000272121,COC(=O)c1ccc(O)cc1,False,152.149,1.1788,39.446300000000015,46.53,1,3,1,1,1,11,0.125,64.23058843003683,2.8953480359887567,250.5446100817276,3
HuskinDB,Codeine,COc1ccc2c3c1OC1C43CCN(C(C2)C4C=CC1O)C,-7.866,abdomen,epidermis,heat separation,37.0,7.4,37.0,7.4,Glass diffusion cell,"Roy, 1989",10.1023/A:1015944018555,COc1ccc2c3c1OC1C(O)C=CC4C(C2)N(C)CCC341,True,299.3700000000001,1.5010999999999999,82.46380000000003,41.93,1,4,1,1,5,22,0.5555555555555556,129.87893872736822,1.8223654238415257,685.154996148535,4
HuskinDB,Fentanyl,CCC(=O)N(c1ccccc1)C1CCN(CC1)CCc1ccccc1,-5.808,abdomen,epidermis,heat separation,37.0,7.4,37.0,7.4,Glass diffusion cell,"Roy, 1989",10.1023/A:1015944018555,CCC(=O)N(c1ccccc1)C1CCN(CCc2ccccc2)CC1,True,336.47900000000004,4.136700000000004,103.82700000000007,23.550000000000004,0,2,6,2,3,25,0.4090909090909091,150.81327675644837,1.5676321318584887,648.2421416714782,3
HuskinDB,Hydromorphone,O=C1CC[C@@H]2[C@@]34[C@H]1Oc1c4c(C[C@H]2N(CC3)C)ccc1O,-8.38,abdomen,epidermis,heat separation,37.0,7.4,37.0,7.4,Glass diffusion cell,"Roy, 1989",10.1023/A:1015944018555,CN1CC[C@]23c4c5ccc(O)c4O[C@H]2C(=O)CC[C@H]3[C@H]1C5,True,285.34299999999996,1.6302999999999999,76.67080000000004,49.77,1,4,0,1,5,21,0.5882352941176471,123.25157651569276,1.8330360876486917,670.2442212037415,4
HuskinDB,Meperidine,CCOC(=O)C1(CCN(CC1)C)c1ccccc1,-5.988,abdomen,epidermis,heat separation,37.0,7.4,37.0,7.4,Glass diffusion cell,"Roy, 1989",10.1023/A:1015944018555,CCOC(=O)C1(c2ccccc2)CCN(C)CC1,True,247.33799999999994,2.2131,71.48400000000005,29.54,0,3,3,1,2,18,0.5333333333333333,108.74495199529123,2.313014283346961,394.21444538868286,3
HuskinDB,Morphine,O[C@H]1C=C[C@@H]2[C@@]34[C@H]1Oc1c4c(C[C@H]2N(CC3)C)ccc1O,-8.588,abdomen,epidermis,heat separation,37.0,7.4,37.0,7.4,Glass diffusion cell,"Roy, 1989",10.1023/A:1015944018555,CN1CC[C@]23c4c5ccc(O)c4O[C@H]2[C@@H](O)C=C[C@H]3[C@H]1C5,True,285.343,1.1981,77.57660000000003,52.93000000000001,2,4,0,1,5,21,0.5294117647058824,123.19468513566073,1.8445254467475665,670.2442212037415,4
HuskinDB,Sufentanil,COCC1(CCN(CC1)CCc1cccs1)N(c1ccccc1)C(=O)CC,-5.477,abdomen,epidermis,heat separation,37.0,7.4,37.0,7.4,Glass diffusion cell,"Roy, 1989",10.1023/A:1015944018555,CCC(=O)N(c1ccccc1)C1(COC)CCN(CCc2cccs2)CC1,True,386.56100000000015,4.214800000000004,112.52300000000007,32.78,0,4,8,2,3,27,0.5,166.29706948515997,1.7351879046800742,694.3675613200569,5
HuskinDB,Fentanyl,CCC(=O)N(c1ccccc1)C1CCN(CC1)CCc1ccccc1,-5.503,"abdomen, thigh",epidermis,heat separation,37.0,7.4,37.0,7.4,,"Roy, 1990",10.1023/A:1015912932416,CCC(=O)N(c1ccccc1)C1CCN(CCc2ccccc2)CC1,True,336.47900000000004,4.136700000000004,103.82700000000007,23.550000000000004,0,2,6,2,3,25,0.4090909090909091,150.81327675644837,1.5676321318584887,648.2421416714782,3
HuskinDB,Sufentanil,COCC1(CCN(CC1)CCc1cccs1)N(c1ccccc1)C(=O)CC,-5.374,"abdomen, thigh",epidermis,heat separation,37.0,7.4,37.0,7.4,,"Roy, 1990",10.1023/A:1015912932416,CCC(=O)N(c1ccccc1)C1(COC)CCN(CCc2cccs2)CC1,True,386.56100000000015,4.214800000000004,112.52300000000007,32.78,0,4,8,2,3,27,0.5,166.29706948515997,1.7351879046800742,694.3675613200569,5
HuskinDB,Butyl p-aminobenzoate,CCCCOC(=O)c1ccc(cc1)N,-4.607,thigh,"epidermis, dermis",dermatomed 300um,25.0,,25.0,,Flow through cell,"Roy, 1993",10.1002/jps.2600821217,CCCCOC(=O)c1ccc(N)cc1,True,193.24599999999998,2.2257,56.04490000000003,52.32,1,3,4,1,1,14,0.36363636363636365,83.87107171804337,2.4810725342253392,292.660770563408,3
HuskinDB,Ethyl p-aminobenzoate,CCOC(=O)c1ccc(cc1)N,-5.255,thigh,"epidermis, dermis",dermatomed 300um,25.0,,25.0,,Flow through cell,"Roy, 1993",10.1002/jps.2600821217,CCOC(=O)c1ccc(N)cc1,True,165.19199999999998,1.4455,46.81090000000002,52.32,1,3,2,1,1,12,0.2222222222222222,71.14118748925014,2.753742758109602,266.36195376207496,3
HuskinDB,Methyl p-aminobenzoate,COC(=O)c1ccc(cc1)N,-5.195,thigh,"epidermis, dermis",dermatomed 300um,25.0,,25.0,,Flow through cell,"Roy, 1993",10.1002/jps.2600821217,COC(=O)c1ccc(N)cc1,True,151.16500000000002,1.0554,42.19390000000001,52.32,1,3,1,1,1,11,0.125,64.77624537485353,2.8953480359887567,253.29949758389105,3
HuskinDB,Morphine,O[C@H]1C=C[C@@H]2[C@@]34[C@H]1Oc1c4c(C[C@H]2N(CC3)C)ccc1O,-9.352,"abdomen, thigh",epidermis,heat separation,37.0,7.5,37.0,7.4,Glass diffusion cell,"Roy, 1994",10.1002/jps.2600831215,CN1CC[C@]23c4c5ccc(O)c4O[C@H]2[C@@H](O)C=C[C@H]3[C@H]1C5,True,285.343,1.1981,77.57660000000003,52.93000000000001,2,4,0,1,5,21,0.5294117647058824,123.19468513566073,1.8445254467475665,670.2442212037415,4
HuskinDB,Ketorolac,OC(=O)C1CCn2c1ccc2C(=O)c1ccccc1,-5.799,,"epidermis, dermis",,32.0,7.4,32.0,7.4,Franz cell,"Roy, 1995",10.1002/jps.2600841010 ,O=C(c1ccccc1)c1ccc2n1CCC2C(=O)O,True,255.27299999999997,2.291,69.30030000000002,59.3,1,2,3,2,3,19,0.2,109.84378660390799,1.9881168620497733,642.6652275716834,4
HuskinDB,1-Butanol,CCCCO,-6.158,abdomen,epidermis,heat separation,,,,,Pyrex cell,"Scheuplein, 1965",10.1038/jid.1965.140,CCCCO,False,74.12299999999999,0.7787999999999999,21.993799999999997,20.23,1,1,2,0,0,5,1.0,32.62831112321538,2.19060968716425,11.119415478763749,1
HuskinDB,Ethanol,CCO,-6.556,abdomen,epidermis,heat separation,,,,,Pyrex cell,"Scheuplein, 1965",10.1038/jid.1965.140,CCO,False,46.069,-0.0014000000000000123,12.759800000000002,20.23,1,1,0,0,0,3,1.0,19.89842689442217,1.6329931618554523,2.7548875021634682,1
HuskinDB,1-Heptanol,CCCCCCCO,-5.051,abdomen,epidermis,heat separation,,,,,Pyrex cell,"Scheuplein, 1965",10.1038/jid.1965.140,CCCCCCCO,False,116.204,1.9491,35.84479999999999,20.23,1,1,5,0,0,8,1.0,51.723137466405205,2.53006045688352,29.368065554250645,1
HuskinDB,1-Hexanol,CCCCCCO,-5.442,abdomen,epidermis,heat separation,,,,,Pyrex cell,"Scheuplein, 1965",10.1038/jid.1965.140,CCCCCCO,False,102.17699999999999,1.559,31.22779999999998,20.23,1,1,4,0,0,7,1.0,45.35819535200859,2.447472887876344,23.360990398949916,1
HuskinDB,Methanol,CO,-6.556,abdomen,epidermis,heat separation,,,,,Pyrex cell,"Scheuplein, 1965",10.1038/jid.1965.140,CO,False,32.042,-0.3915,8.1428,20.23,1,1,0,0,0,2,1.0,13.533484780025564,1.0,2.0,1
HuskinDB,1-Octanol,CCCCCCCCO,-4.84,abdomen,epidermis,heat separation,,,,,Pyrex cell,"Scheuplein, 1965",10.1038/jid.1965.140,CCCCCCCCO,False,130.23100000000002,2.3392000000000013,40.461800000000004,20.23,1,1,6,0,0,9,1.0,58.08807958080182,2.595082706793886,37.832293921787276,1
HuskinDB,1-Pentanol,CCCCCO,-5.778,abdomen,epidermis,heat separation,,,,,Pyrex cell,"Scheuplein, 1965",10.1038/jid.1965.140,CCCCCO,False,88.14999999999999,1.1689,26.61079999999999,20.23,1,1,3,0,0,6,1.0,38.99325323761199,2.3390923149762908,15.900134529890124,1
HuskinDB,1-Propanol,CCCO,-6.41,abdomen,epidermis,heat separation,,,,,Pyrex cell,"Scheuplein, 1965",10.1038/jid.1965.140,CCCO,False,60.096,0.3887,17.376800000000003,20.23,1,1,1,0,0,4,1.0,26.26336900881878,1.9747448713915894,5.245112497836532,1
HuskinDB,"2,3-Butanediol",CC(C(O)C)O,-7.857,,epidermis,,30.0,,30.0,,,"Scheuplein, 1967",10.1038/jid.1967.11,CC(O)C(C)O,False,90.122,-0.252,23.361599999999996,40.46,2,2,1,0,0,6,1.0,37.4225448754114,2.9934972434784735,26.52932501298081,2
HuskinDB,Butan-2-one,CCC(=O)C,-5.903,,epidermis,,30.0,,30.0,,,"Scheuplein, 1967",10.1038/jid.1967.11,CCC(C)=O,False,72.10699999999999,0.9854,20.971999999999994,17.07,0,1,1,0,0,5,0.75,31.995599471063137,2.847378923087672,38.912609383243264,1
HuskinDB,2-Ethoxyethanol,OCCOCC,-7.158,,epidermis,,30.0,,30.0,,,"Scheuplein, 1967",10.1038/jid.1967.11,CCOCCO,False,90.122,0.015200000000000047,23.578799999999994,29.46,1,2,3,0,0,6,1.0,37.741856352722266,2.3390923149762908,17.509775004326936,2
HuskinDB,Diethyl ether,CCOCC,-5.352,,epidermis,,30.0,,30.0,,,"Scheuplein, 1967",10.1038/jid.1967.11,CCOCC,False,74.123,1.0428000000000002,22.166999999999994,9.23,0,1,2,0,0,5,1.0,32.94762260052625,2.19060968716425,11.119415478763749,1
HuskinDB,1-Butanol,CCCCO,-6.079,,epidermis,,30.0,,30.0,,,"Scheuplein, 1967",10.1038/jid.1967.11,CCCCO,False,74.12299999999999,0.7787999999999999,21.993799999999997,20.23,1,1,2,0,0,5,1.0,32.62831112321538,2.19060968716425,11.119415478763749,1
HuskinDB,1-Heptanol,CCCCCCCO,-4.981,,epidermis,,30.0,,30.0,,,"Scheuplein, 1967",10.1038/jid.1967.11,CCCCCCCO,False,116.204,1.9491,35.84479999999999,20.23,1,1,5,0,0,8,1.0,51.723137466405205,2.53006045688352,29.368065554250645,1
HuskinDB,1-Propanol,CCCO,-6.326,,epidermis,,30.0,,30.0,,,"Scheuplein, 1967",10.1038/jid.1967.11,CCCO,False,60.096,0.3887,17.376800000000003,20.23,1,1,1,0,0,4,1.0,26.26336900881878,1.9747448713915894,5.245112497836532,1
HuskinDB,Aldosterone,OCC(=O)[C@H]1CC[C@@H]2[C@]1(C=O)C[C@H](O)[C@H]1[C@H]2CCC2=CC(=O)CC[C@]12C,-9.079,,epidermis,,26.0,,26.0,,,"Scheuplein, 1969",10.1038/jid.1969.9,C[C@]12CCC(=O)C=C1CC[C@@H]1[C@@H]2[C@@H](O)C[C@]2(C=O)[C@@H](C(=O)CO)CC[C@@H]12,False,360.45000000000016,1.8456999999999997,94.07260000000004,91.67,2,5,3,0,4,26,0.7619047619047619,153.39819947398385,1.7357255991595133,681.8889217536757,5
HuskinDB,Cortexolone,OCC(=O)C1(O)CCC2C1(C)CCC1C2CCC2=CC(=O)CCC12C,-7.681,,epidermis,,26.0,,26.0,,,"Scheuplein, 1969",10.1038/jid.1969.9,CC12CCC(=O)C=C1CCC1C2CCC2(C)C1CCC2(O)C(=O)CO,False,346.4670000000001,2.8108000000000017,93.75260000000004,74.6,2,4,2,0,4,25,0.8095238095238095,149.2366773739401,1.6812596629712615,652.2814901364658,4
HuskinDB,Cortexone,OCC(=O)[C@H]1CC[C@@H]2[C@]1(C)CC[C@H]1[C@H]2CCC2=CC(=O)CC[C@]12C,-6.903,,epidermis,,26.0,,26.0,,,"Scheuplein, 1969",10.1038/jid.1969.9,C[C@]12CC[C@H]3[C@@H](CCC4=CC(=O)CC[C@@]43C)[C@@H]1CC[C@@H]2C(=O)CO,False,330.4680000000001,3.695900000000003,92.29280000000004,54.370000000000005,1,3,2,0,4,24,0.8095238095238095,144.44244362174408,1.646027462326123,606.2051148204893,3
HuskinDB,Corticosterone,OCC(=O)[C@H]1CC[C@@H]2[C@]1(C)C[C@H](O)[C@H]1[C@H]2CCC2=CC(=O)CC[C@]12C,-7.778,,epidermis,,26.0,,26.0,,,"Scheuplein, 1969",10.1038/jid.1969.9,C[C@]12C[C@H](O)[C@H]3[C@@H](CCC4=CC(=O)CC[C@@]43C)[C@@H]1CC[C@@H]2C(=O)CO,False,346.46700000000016,2.666700000000002,93.68260000000004,74.6,2,4,2,0,4,25,0.8095238095238095,149.2366773739401,1.7001113115352158,637.8073073537269,4
HuskinDB,Cortisone,OCC(=O)[C@@]1(O)CC[C@@H]2[C@]1(C)CC(=O)[C@H]1[C@H]2CCC2=CC(=O)CC[C@]12C,-8.556,,epidermis,,26.0,,26.0,,,"Scheuplein, 1969",10.1038/jid.1969.9,C[C@]12CCC(=O)C=C1CC[C@@H]1[C@@H]2C(=O)C[C@@]2(C)[C@H]1CC[C@]2(O)C(=O)CO,False,360.45000000000016,1.9898000000000002,94.14260000000004,91.67,2,5,2,0,4,26,0.7619047619047619,153.39819947398385,1.7481728292749805,723.9130815015496,5
HuskinDB,Estradiol,Oc1ccc2c(c1)CC[C@@H]1[C@@H]2CC[C@]2([C@H]1CC[C@@H]2O)C,-7.079,,epidermis,,26.0,,26.0,,,"Scheuplein, 1969",10.1038/jid.1969.9,C[C@]12CC[C@@H]3c4ccc(O)cc4CC[C@H]3[C@@H]1CC[C@@H]2O,False,272.3879999999999,3.6092000000000026,78.73060000000005,40.46,2,2,0,1,4,20,0.6666666666666666,120.38168253606061,1.7111998765070118,538.2198018097884,2
HuskinDB,Estriol,Oc1ccc2c(c1)CC[C@@H]1[C@@H]2CC[C@]2([C@H]1C[C@H]([C@@H]2O)O)C,-7.954,,epidermis,,26.0,,26.0,,,"Scheuplein, 1969",10.1038/jid.1969.9,C[C@]12CC[C@@H]3c4ccc(O)cc4CC[C@H]3[C@@H]1C[C@@H](O)[C@@H]2O,False,288.38699999999994,2.5800000000000005,80.12040000000003,60.69,3,3,0,1,4,21,0.6666666666666666,125.17591628825662,1.7102706989281617,569.5819082919403,3
HuskinDB,Estrone,Oc1ccc2c(c1)CC[C@@H]1[C@@H]2CC[C@]2([C@H]1CCC2=O)C,-6.0,,epidermis,,26.0,,26.0,,,"Scheuplein, 1969",10.1038/jid.1969.9,C[C@]12CC[C@@H]3c4ccc(O)cc4CC[C@H]3[C@@H]1CCC2=O,False,270.37199999999996,3.817400000000002,77.73080000000004,37.3,1,2,0,1,4,20,0.6111111111111112,119.74897088390837,1.7284412573952113,576.7809963203815,2
HuskinDB,Hydrocortisone,OCC(=O)[C@@]1(O)CC[C@@H]2[C@]1(C)C[C@H](O)[C@H]1[C@H]2CCC2=CC(=O)CC[C@]12C,-9.079,,epidermis,,26.0,,26.0,,,"Scheuplein, 1969",10.1038/jid.1969.9,C[C@]12CCC(=O)C=C1CC[C@@H]1[C@@H]2[C@@H](O)C[C@@]2(C)[C@H]1CC[C@]2(O)C(=O)CO,False,362.4660000000002,1.7815999999999996,95.14240000000004,94.83,3,5,2,0,4,26,0.8095238095238095,154.0309111261361,1.7350832012021686,683.8889217536757,5
HuskinDB,Hydroxypregnenolone,CC(=O)[C@H]1CC[C@@H]2[C@]1(C)CC[C@H]1[C@H]2CC=C2[C@]1(C)CCC(C2)(O)O,-6.778,,epidermis,,26.0,,26.0,,,"Scheuplein, 1969",10.1038/jid.1969.9,CC(=O)[C@H]1CC[C@H]2[C@@H]3CC=C4CC(O)(O)CC[C@]4(C)[C@H]3CC[C@]12C,False,332.4840000000001,3.8353000000000037,93.04260000000005,57.53,2,3,1,0,4,24,0.8571428571428571,145.07515527389634,1.6600074705105132,591.891277323464,3
HuskinDB,17-Hydroxyprogesterone,O=C1CC[C@]2(C(=C1)CC[C@@H]1[C@@H]2CC[C@]2([C@H]1CC[C@]2(O)C(=O)C)C)C,-6.778,,epidermis,,26.0,,26.0,,,"Scheuplein, 1969",10.1038/jid.1969.9,CC(=O)[C@@]1(O)CC[C@H]2[C@@H]3CCC4=CC(=O)CC[C@]4(C)[C@H]3CC[C@@]21C,False,330.4680000000001,3.8384000000000027,92.34080000000006,54.37,1,3,1,0,4,24,0.8095238095238095,144.4424436217441,1.6975828976870395,634.995115124503,3
HuskinDB,Pregnenolone,O[C@H]1CC[C@]2(C(=CC[C@@H]3[C@@H]2CC[C@]2([C@H]3CC[C@@H]2C(=O)C)C)C1)C,-6.38,,epidermis,,26.0,,26.0,,,"Scheuplein, 1969",10.1038/jid.1969.9,CC(=O)[C@H]1CC[C@H]2[C@@H]3CC=C4C[C@@H](O)CC[C@]4(C)[C@H]3CC[C@]12C,False,316.48500000000007,4.515300000000004,91.88080000000005,37.3,1,2,1,0,4,23,0.8571428571428571,140.28092152170035,1.6619631243467547,550.0448238342481,2
HuskinDB,Progesterone,O=C1CC[C@]2(C(=C1)CC[C@@H]1[C@@H]2CC[C@]2([C@H]1CC[C@@H]2C(=O)C)C)C,-6.38,,epidermis,,26.0,,26.0,,,"Scheuplein, 1969",10.1038/jid.1969.9,CC(=O)[C@H]1CC[C@H]2[C@@H]3CCC4=CC(=O)CC[C@]4(C)[C@H]3CC[C@]12C,False,314.46900000000005,4.723500000000005,90.88100000000006,34.14,0,2,1,0,4,23,0.8095238095238095,139.6482098695481,1.6696033124820626,588.6489897976311,2
HuskinDB,Testosterone,O=C1CC[C@]2(C(=C1)CC[C@@H]1[C@@H]2CC[C@]2([C@H]1CC[C@@H]2O)C)C,-6.954,,epidermis,,26.0,,26.0,,,"Scheuplein, 1969",10.1038/jid.1969.9,C[C@]12CC[C@H]3[C@@H](CCC4=CC(=O)CC[C@@]43C)[C@@H]1CC[C@@H]2O,False,288.431,3.879200000000003,82.71680000000005,37.3,1,2,0,0,4,21,0.8421052631578947,127.55103729290711,1.6883496404253646,507.69574308017087,2
HuskinDB,Ethanol,CCO,-3.653,,,,,,,,,"Scheuplein, 1971",10.1152/physrev.1971.51.4.702,CCO,False,46.069,-0.0014000000000000123,12.759800000000002,20.23,1,1,0,0,0,3,1.0,19.89842689442217,1.6329931618554523,2.7548875021634682,1
HuskinDB,1-Heptanol,CCCCCCCO,-2.051,,,,,,,,,"Scheuplein, 1971",10.1152/physrev.1971.51.4.702,CCCCCCCO,False,116.204,1.9491,35.84479999999999,20.23,1,1,5,0,0,8,1.0,51.723137466405205,2.53006045688352,29.368065554250645,1
HuskinDB,1-Hexanol,CCCCCCO,-2.442,,,,,,,,,"Scheuplein, 1971",10.1152/physrev.1971.51.4.702,CCCCCCO,False,102.17699999999999,1.559,31.22779999999998,20.23,1,1,4,0,0,7,1.0,45.35819535200859,2.447472887876344,23.360990398949916,1
HuskinDB,Methanol,CO,-3.857,,,,,,,,,"Scheuplein, 1971",10.1152/physrev.1971.51.4.702,CO,False,32.042,-0.3915,8.1428,20.23,1,1,0,0,0,2,1.0,13.533484780025564,1.0,2.0,1
HuskinDB,1-Nonanol,CCCCCCCCCO,-1.778,,,,,,,,,"Scheuplein, 1971",10.1152/physrev.1971.51.4.702,CCCCCCCCCO,False,144.258,2.7293000000000016,45.078800000000015,20.23,1,1,7,0,0,10,1.0,64.45302169519843,2.6476048489438337,44.68995593589281,1
HuskinDB,1-Octanol,CCCCCCCCO,-1.84,,,,,,,,,"Scheuplein, 1971",10.1152/physrev.1971.51.4.702,CCCCCCCCO,False,130.23100000000002,2.3392000000000013,40.461800000000004,20.23,1,1,6,0,0,9,1.0,58.08807958080182,2.595082706793886,37.832293921787276,1
HuskinDB,1-Propanol,CCCO,-3.41,,,,,,,,,"Scheuplein, 1971",10.1152/physrev.1971.51.4.702,CCCO,False,60.096,0.3887,17.376800000000003,20.23,1,1,1,0,0,4,1.0,26.26336900881878,1.9747448713915894,5.245112497836532,1
HuskinDB,1-Butanol,CCCCO,-7.778,abdomen,epidermis,heat separation,25.0,,,,Pyrex cell,"Scheuplein, 1973",10.1111/1523-1747.ep12723090,CCCCO,False,74.12299999999999,0.7787999999999999,21.993799999999997,20.23,1,1,2,0,0,5,1.0,32.62831112321538,2.19060968716425,11.119415478763749,1
HuskinDB,1-Butanol,CCCCO,-6.158,abdomen,epidermis,heat separation,25.0,,,,Pyrex cell,"Scheuplein, 1973",10.1111/1523-1747.ep12723090,CCCCO,False,74.12299999999999,0.7787999999999999,21.993799999999997,20.23,1,1,2,0,0,5,1.0,32.62831112321538,2.19060968716425,11.119415478763749,1
HuskinDB,1-Decanol,CCCCCCCCCCO,-9.653,abdomen,epidermis,heat separation,25.0,,,,Pyrex cell,"Scheuplein, 1973",10.1111/1523-1747.ep12723090,CCCCCCCCCCO,False,158.285,3.119400000000002,49.69580000000003,20.23,1,1,8,0,0,11,1.0,70.81796380959506,2.6909155266923976,53.89311688209828,1
HuskinDB,1-Decanol,CCCCCCCCCCO,-4.653,abdomen,epidermis,heat separation,25.0,,,,Pyrex cell,"Scheuplein, 1973",10.1111/1523-1747.ep12723090,CCCCCCCCCCO,False,158.285,3.119400000000002,49.69580000000003,20.23,1,1,8,0,0,11,1.0,70.81796380959506,2.6909155266923976,53.89311688209828,1
HuskinDB,Ethanol,CCO,-6.699,abdomen,epidermis,heat separation,25.0,,,,Pyrex cell,"Scheuplein, 1973",10.1111/1523-1747.ep12723090,CCO,False,46.069,-0.0014000000000000123,12.759800000000002,20.23,1,1,0,0,0,3,1.0,19.89842689442217,1.6329931618554523,2.7548875021634682,1
HuskinDB,Ethanol,CCO,-6.653,abdomen,epidermis,heat separation,25.0,,,,Pyrex cell,"Scheuplein, 1973",10.1111/1523-1747.ep12723090,CCO,False,46.069,-0.0014000000000000123,12.759800000000002,20.23,1,1,0,0,0,3,1.0,19.89842689442217,1.6329931618554523,2.7548875021634682,1
HuskinDB,1-Heptanol,CCCCCCCO,-5.051,abdomen,epidermis,heat separation,25.0,,,,Pyrex cell,"Scheuplein, 1973",10.1111/1523-1747.ep12723090,CCCCCCCO,False,116.204,1.9491,35.84479999999999,20.23,1,1,5,0,0,8,1.0,51.723137466405205,2.53006045688352,29.368065554250645,1
HuskinDB,1-Heptanol,CCCCCCCO,-8.158,abdomen,epidermis,heat separation,25.0,,,,Pyrex cell,"Scheuplein, 1973",10.1111/1523-1747.ep12723090,CCCCCCCO,False,116.204,1.9491,35.84479999999999,20.23,1,1,5,0,0,8,1.0,51.723137466405205,2.53006045688352,29.368065554250645,1
HuskinDB,1-Hexanol,CCCCCCO,-5.442,abdomen,epidermis,heat separation,25.0,,,,Pyrex cell,"Scheuplein, 1973",10.1111/1523-1747.ep12723090,CCCCCCO,False,102.17699999999999,1.559,31.22779999999998,20.23,1,1,4,0,0,7,1.0,45.35819535200859,2.447472887876344,23.360990398949916,1
HuskinDB,1-Hexanol,CCCCCCO,-7.84,abdomen,epidermis,heat separation,25.0,,,,Pyrex cell,"Scheuplein, 1973",10.1111/1523-1747.ep12723090,CCCCCCO,False,102.17699999999999,1.559,31.22779999999998,20.23,1,1,4,0,0,7,1.0,45.35819535200859,2.447472887876344,23.360990398949916,1
HuskinDB,Methanol,CO,-5.539,abdomen,epidermis,heat separation,25.0,,,,Pyrex cell,"Scheuplein, 1973",10.1111/1523-1747.ep12723090,CO,False,32.042,-0.3915,8.1428,20.23,1,1,0,0,0,2,1.0,13.533484780025564,1.0,2.0,1
HuskinDB,Methanol,CO,-6.857,abdomen,epidermis,heat separation,25.0,,,,Pyrex cell,"Scheuplein, 1973",10.1111/1523-1747.ep12723090,CO,False,32.042,-0.3915,8.1428,20.23,1,1,0,0,0,2,1.0,13.533484780025564,1.0,2.0,1
HuskinDB,1-Nonanol,CCCCCCCCCO,-4.778,abdomen,epidermis,heat separation,25.0,,,,Pyrex cell,"Scheuplein, 1973",10.1111/1523-1747.ep12723090,CCCCCCCCCO,False,144.258,2.7293000000000016,45.078800000000015,20.23,1,1,7,0,0,10,1.0,64.45302169519843,2.6476048489438337,44.68995593589281,1
HuskinDB,1-Nonanol,CCCCCCCCCO,-9.079,abdomen,epidermis,heat separation,25.0,,,,Pyrex cell,"Scheuplein, 1973",10.1111/1523-1747.ep12723090,CCCCCCCCCO,False,144.258,2.7293000000000016,45.078800000000015,20.23,1,1,7,0,0,10,1.0,64.45302169519843,2.6476048489438337,44.68995593589281,1
HuskinDB,1-Octanol,CCCCCCCCO,-4.84,abdomen,epidermis,heat separation,25.0,,,,Pyrex cell,"Scheuplein, 1973",10.1111/1523-1747.ep12723090,CCCCCCCCO,False,130.23100000000002,2.3392000000000013,40.461800000000004,20.23,1,1,6,0,0,9,1.0,58.08807958080182,2.595082706793886,37.832293921787276,1
HuskinDB,1-Octanol,CCCCCCCCO,-8.556,abdomen,epidermis,heat separation,25.0,,,,Pyrex cell,"Scheuplein, 1973",10.1111/1523-1747.ep12723090,CCCCCCCCO,False,130.23100000000002,2.3392000000000013,40.461800000000004,20.23,1,1,6,0,0,9,1.0,58.08807958080182,2.595082706793886,37.832293921787276,1
HuskinDB,1-Pentanol,CCCCCO,-5.778,abdomen,epidermis,heat separation,25.0,,,,Pyrex cell,"Scheuplein, 1973",10.1111/1523-1747.ep12723090,CCCCCO,False,88.14999999999999,1.1689,26.61079999999999,20.23,1,1,3,0,0,6,1.0,38.99325323761199,2.3390923149762908,15.900134529890124,1
HuskinDB,1-Pentanol,CCCCCO,-7.849,abdomen,epidermis,heat separation,25.0,,,,Pyrex cell,"Scheuplein, 1973",10.1111/1523-1747.ep12723090,CCCCCO,False,88.14999999999999,1.1689,26.61079999999999,20.23,1,1,3,0,0,6,1.0,38.99325323761199,2.3390923149762908,15.900134529890124,1
HuskinDB,1-Propanol,CCCO,-6.477,abdomen,epidermis,heat separation,25.0,,,,Pyrex cell,"Scheuplein, 1973",10.1111/1523-1747.ep12723090,CCCO,False,60.096,0.3887,17.376800000000003,20.23,1,1,1,0,0,4,1.0,26.26336900881878,1.9747448713915894,5.245112497836532,1
HuskinDB,1-Propanol,CCCO,-7.352,abdomen,epidermis,heat separation,25.0,,,,Pyrex cell,"Scheuplein, 1973",10.1111/1523-1747.ep12723090,CCCO,False,60.096,0.3887,17.376800000000003,20.23,1,1,1,0,0,4,1.0,26.26336900881878,1.9747448713915894,5.245112497836532,1
HuskinDB,Betamethasone-17-valerate,CCCCC(=O)OC1(C(C)CC2C1(C)CC(O)C1(C2CCC2=CC(=O)C=CC12C)F)C(=O)CO,-6.496,abdomen,dermis,heat separation,25.0,,25.0,,Glass diffusion cell,"Siddiqui, 1989",10.1007/bf01061455,CCCCC(=O)OC1(C(=O)CO)C(C)CC2C3CCC4=CC(=O)C=CC4(C)C3(F)C(O)CC21C,False,476.58500000000026,3.6368000000000027,123.34260000000006,100.90000000000002,2,6,6,0,4,34,0.7407407407407407,200.17732976061237,1.7985953894529,956.7669810831956,7
HuskinDB,Corticosterone,OCC(=O)[C@H]1CC[C@@H]2[C@]1(C)C[C@H](O)[C@H]1[C@H]2CCC2=CC(=O)CC[C@]12C,-8.206,abdomen,dermis,heat separation,25.0,,25.0,,Glass diffusion cell,"Siddiqui, 1989",10.1007/bf01061455,C[C@]12C[C@H](O)[C@H]3[C@@H](CCC4=CC(=O)CC[C@@]43C)[C@@H]1CC[C@@H]2C(=O)CO,False,346.46700000000016,2.666700000000002,93.68260000000004,74.6,2,4,2,0,4,25,0.8095238095238095,149.2366773739401,1.7001113115352158,637.8073073537269,4
HuskinDB,Hydrocortisone,OCC(=O)[C@@]1(O)CC[C@@H]2[C@]1(C)C[C@H](O)[C@H]1[C@H]2CCC2=CC(=O)CC[C@]12C,-9.106,abdomen,dermis,heat separation,25.0,,25.0,,Glass diffusion cell,"Siddiqui, 1989",10.1007/bf01061455,C[C@]12CCC(=O)C=C1CC[C@@H]1[C@@H]2[C@@H](O)C[C@@]2(C)[C@H]1CC[C@]2(O)C(=O)CO,False,362.4660000000002,1.7815999999999996,95.14240000000004,94.83,3,5,2,0,4,26,0.8095238095238095,154.0309111261361,1.7350832012021686,683.8889217536757,5
HuskinDB,Prednisolone,OCC(=O)[C@@]1(O)CC[C@@H]2[C@]1(C)C[C@H](O)[C@H]1[C@H]2CCC2=CC(=O)C=C[C@]12C,-7.906,abdomen,dermis,heat separation,25.0,,25.0,,Glass diffusion cell,"Siddiqui, 1989",10.1007/bf01061455,C[C@]12C=CC(=O)C=C1CC[C@@H]1[C@@H]2[C@@H](O)C[C@@]2(C)[C@H]1CC[C@]2(O)C(=O)CO,False,360.4500000000002,1.5575999999999999,95.04840000000004,94.83,3,5,2,0,4,26,0.7142857142857143,153.34130809395182,1.7472814479871785,723.9130815015496,5
HuskinDB,Testosterone,O=C1CC[C@]2(C(=C1)CC[C@@H]1[C@@H]2CC[C@]2([C@H]1CC[C@@H]2O)C)C,-6.626,abdomen,dermis,heat separation,25.0,,25.0,,Glass diffusion cell,"Siddiqui, 1989",10.1007/bf01061455,C[C@]12CC[C@H]3[C@@H](CCC4=CC(=O)CC[C@@]43C)[C@@H]1CC[C@@H]2O,False,288.431,3.879200000000003,82.71680000000005,37.3,1,2,0,0,4,21,0.8421052631578947,127.55103729290711,1.6883496404253646,507.69574308017087,2
HuskinDB,Triamcinolone,OCC(=O)[C@@]1(O)[C@H](O)C[C@@H]2[C@]1(C)C[C@H](O)[C@]1([C@H]2CCC2=CC(=O)C=C[C@]12C)F,-8.956,abdomen,dermis,heat separation,25.0,,25.0,,Glass diffusion cell,"Siddiqui, 1989",10.1007/bf01061455,C[C@]12C=CC(=O)C=C1CC[C@H]1[C@@H]3C[C@@H](O)[C@](O)(C(=O)CO)[C@@]3(C)C[C@H](O)[C@@]12F,False,394.4390000000002,0.6204999999999998,96.78720000000003,115.06,4,6,2,0,4,28,0.7142857142857143,162.30107724907413,1.8376918794672796,806.7175206902477,7
HuskinDB,Triamcinolone acetonide,OCC(=O)[C@@]12OC(O[C@@H]1C[C@@H]1[C@]2(C)C[C@H](O)[C@]2([C@H]1CCC1=CC(=O)C=C[C@]21C)F)(C)C,-8.251,abdomen,dermis,heat separation,25.0,,25.0,,Glass diffusion cell,"Siddiqui, 1989",10.1007/bf01061455,CC1(C)O[C@@H]2C[C@H]3[C@@H]4CCC5=CC(=O)C=C[C@]5(C)[C@@]4(F)[C@@H](O)C[C@]3(C)[C@]2(C(=O)CO)O1,False,434.50400000000025,2.4188000000000005,108.59860000000005,93.06,2,6,2,0,5,31,0.75,181.0286953933564,1.6368996691130526,925.0303087134429,7
HuskinDB,Flurbiprofen,OC(=O)C(c1ccc(c(c1)F)c1ccccc1)C,-5.331,abdomen,epidermis,heat separation,37.0,7.0,37.0,7.4,Franz cell,"Swart, 2005",10.1016/j.ijpharm.2005.05.030,CC(C(=O)O)c1ccc(-c2ccccc2)c(F)c1,True,244.265,3.6808000000000023,67.88680000000002,37.3,1,1,3,2,2,18,0.13333333333333333,104.70461492391684,2.4013638717125736,563.9612141459352,3
HuskinDB,Flurbiprofen glucoside,OC1O[C@H](COC(=O)C(c2ccc(c(c2)F)c2ccccc2)C)[C@H]([C@@H]([C@H]1O)O)O,-6.477,abdomen,epidermis,heat separation,37.0,7.0,37.0,7.4,Franz cell,"Swart, 2005",10.1016/j.ijpharm.2005.05.030,CC(C(=O)OC[C@H]1OC(O)[C@H](O)[C@@H](O)[C@@H]1O)c1ccc(-c2ccccc2)c(F)c1,True,406.4060000000001,0.9393000000000002,100.11020000000003,116.45000000000002,4,7,5,2,3,29,0.38095238095238093,166.498228172369,1.6372710911898087,844.1781829133309,8
HuskinDB,Flurbiprofen mannoside,OC1O[C@H](COC(=O)C(c2ccc(c(c2)F)c2ccccc2)C)[C@H]([C@@H]([C@@H]1O)O)O,-6.935,abdomen,epidermis,heat separation,37.0,7.0,37.0,7.4,Franz cell,"Swart, 2005",10.1016/j.ijpharm.2005.05.030,CC(C(=O)OC[C@H]1OC(O)[C@@H](O)[C@@H](O)[C@@H]1O)c1ccc(-c2ccccc2)c(F)c1,True,406.4060000000001,0.9393000000000002,100.11020000000003,116.45000000000002,4,7,5,2,3,29,0.38095238095238093,166.498228172369,1.6372710911898087,844.1781829133309,8
HuskinDB,Ibuprofen,CC(Cc1ccc(cc1)C(C(=O)O)C)C,-5.503,abdomen,epidermis,heat separation,37.0,7.0,37.0,7.4,Franz cell,"Swart, 2005",10.1016/j.ijpharm.2005.05.030,CC(C)Cc1ccc(C(C)C(=O)O)cc1,True,206.28499999999997,3.073200000000001,61.03480000000004,37.3,1,1,4,1,1,15,0.46153846153846156,90.94175377251302,2.7590371332701524,324.8941190021566,2
HuskinDB,Ibuprofen glucoside,CC(Cc1ccc(cc1)C(C(=O)OC[C@H]1OC(O)[C@@H]([C@H]([C@@H]1O)O)O)C)C,-6.945,abdomen,epidermis,heat separation,37.0,7.0,37.0,7.4,Franz cell,"Swart, 2005",10.1016/j.ijpharm.2005.05.030,CC(C)Cc1ccc(C(C)C(=O)OC[C@H]2OC(O)[C@H](O)[C@@H](O)[C@@H]2O)cc1,True,368.426,0.3316999999999994,93.25820000000004,116.45000000000002,4,7,6,1,2,26,0.631578947368421,152.73536702096519,1.9048823423774295,586.0553617200244,7
HuskinDB,Ibuprofen mannoside,CC(Cc1ccc(cc1)C(C(=O)OC[C@H]1OC(O)[C@H]([C@H]([C@@H]1O)O)O)C)C,-6.548,abdomen,epidermis,heat separation,37.0,7.0,37.0,7.4,Franz cell,"Swart, 2005",10.1016/j.ijpharm.2005.05.030,CC(C)Cc1ccc(C(C)C(=O)OC[C@H]2OC(O)[C@@H](O)[C@@H](O)[C@@H]2O)cc1,True,368.426,0.3316999999999994,93.25820000000004,116.45000000000002,4,7,6,1,2,26,0.631578947368421,152.73536702096519,1.9048823423774295,586.0553617200244,7
HuskinDB,Ketoprofen,OC(=O)C(c1cccc(c1)C(=O)c1ccccc1)C,-6.151,abdomen,epidermis,heat separation,37.0,7.0,37.0,7.4,Franz cell,"Swart, 2005",10.1016/j.ijpharm.2005.05.030,CC(C(=O)O)c1cccc(C(=O)c2ccccc2)c1,True,254.285,3.1057000000000015,72.36730000000003,54.37,1,2,4,2,2,19,0.125,111.06554373543099,2.3400417314396122,602.4009276194483,3
HuskinDB,Ketoprofen glucoside,OC1O[C@H](COC(=O)C(c2cccc(c2)C(=O)c2ccccc2)C)[C@H]([C@@H]([C@H]1O)O)O,-7.731,abdomen,epidermis,heat separation,37.0,7.0,37.0,7.4,Franz cell,"Swart, 2005",10.1016/j.ijpharm.2005.05.030,CC(C(=O)OC[C@H]1OC(O)[C@H](O)[C@@H](O)[C@@H]1O)c1cccc(C(=O)c2ccccc2)c1,True,416.42600000000016,0.3642000000000001,104.59070000000001,133.52,4,8,6,2,3,30,0.36363636363636365,172.85915698388314,1.6433904488066882,883.7160881505026,8
HuskinDB,Ketoprofen mannoside,OC1O[C@H](COC(=O)C(c2cccc(c2)C(=O)c2ccccc2)C)[C@H]([C@@H]([C@@H]1O)O)O,-7.594,abdomen,epidermis,heat separation,37.0,7.0,37.0,7.4,Franz cell,"Swart, 2005",10.1016/j.ijpharm.2005.05.030,CC(C(=O)OC[C@H]1OC(O)[C@@H](O)[C@@H](O)[C@@H]1O)c1cccc(C(=O)c2ccccc2)c1,True,416.42600000000016,0.3642000000000001,104.59070000000001,133.52,4,8,6,2,3,30,0.36363636363636365,172.85915698388314,1.6433904488066882,883.7160881505026,8
HuskinDB,Naproxen,COc1ccc2c(c1)ccc(c2)C(C(=O)O)C,-7.218,abdomen,epidermis,heat separation,37.0,7.0,37.0,7.4,Franz cell,"Swart, 2005",10.1016/j.ijpharm.2005.05.030,COc1ccc2cc(C(C)C(=O)O)ccc2c1,True,230.26299999999998,3.036500000000001,66.55080000000004,46.53,1,2,3,2,2,17,0.21428571428571427,99.64213719056528,2.478964438638834,560.3959195741091,3
HuskinDB,Naproxen glucoside,COc1ccc2c(c1)ccc(c2)[C@@H](C(=O)OC[C@H]1OC(O)[C@@H]([C@H]([C@@H]1O)O)O)C,-7.886,abdomen,epidermis,heat separation,37.0,7.0,37.0,7.4,Franz cell,"Swart, 2005",10.1016/j.ijpharm.2005.05.030,COc1ccc2cc([C@H](C)C(=O)OC[C@H]3OC(O)[C@H](O)[C@@H](O)[C@@H]3O)ccc2c1,True,392.404,0.2949999999999995,98.77420000000004,125.68000000000002,4,8,5,2,3,28,0.45,161.43575043901745,1.6484856745547558,838.0655353442305,8
HuskinDB,Naproxen mannoside,COc1ccc2c(c1)ccc(c2)[C@@H](C(=O)OC[C@H]1OC(O)[C@H]([C@H]([C@@H]1O)O)O)C,-7.7,abdomen,epidermis,heat separation,37.0,7.0,37.0,7.4,Franz cell,"Swart, 2005",10.1016/j.ijpharm.2005.05.030,COc1ccc2cc([C@H](C)C(=O)OC[C@H]3OC(O)[C@@H](O)[C@@H](O)[C@@H]3O)ccc2c1,True,392.404,0.2949999999999995,98.77420000000004,125.68000000000002,4,8,5,2,3,28,0.45,161.43575043901745,1.6484856745547558,838.0655353442305,8
HuskinDB,Aspartic acid,OC(=O)CC(C(=O)O)N,-7.432,thigh,"epidermis, dermis",dermatomed 500um,,3.4,37.0,7.3,Glass diffusion cell,"Sznitowska, 1993",10.1016/0378-5173(93)90321-6,NC(CC(=O)O)C(=O)O,False,133.10299999999998,-1.127,27.863999999999997,100.62000000000002,3,3,3,0,0,9,0.5,51.08547977251164,3.632432151939845,132.52932501298082,5
HuskinDB,Aspartic acid,OC(=O)CC(C(=O)O)N,-7.585,thigh,"epidermis, dermis",dermatomed 500um,,7.3,37.0,7.3,Glass diffusion cell,"Sznitowska, 1993",10.1016/0378-5173(93)90321-6,NC(CC(=O)O)C(=O)O,False,133.10299999999998,-1.127,27.863999999999997,100.62000000000002,3,3,3,0,0,9,0.5,51.08547977251164,3.632432151939845,132.52932501298082,5
HuskinDB,Histidine,N[C@H](C(=O)O)Cc1c[nH]cn1,-7.907,thigh,"epidermis, dermis",dermatomed 500um,,5.0,37.0,7.3,Glass diffusion cell,"Sznitowska, 1993",10.1016/0378-5173(93)90321-6,N[C@@H](Cc1c[nH]cn1)C(=O)O,False,155.15699999999998,-0.6359000000000001,37.9029,92.00000000000001,3,3,3,1,1,11,0.3333333333333333,63.250684413900096,2.4987607772382447,231.98525149250435,5
HuskinDB,Histidine,N[C@H](C(=O)O)Cc1c[nH]cn1,-7.812,thigh,"epidermis, dermis",dermatomed 500um,,7.3,37.0,7.3,Glass diffusion cell,"Sznitowska, 1993",10.1016/0378-5173(93)90321-6,N[C@@H](Cc1c[nH]cn1)C(=O)O,False,155.15699999999998,-0.6359000000000001,37.9029,92.00000000000001,3,3,3,1,1,11,0.3333333333333333,63.250684413900096,2.4987607772382447,231.98525149250435,5
HuskinDB,Histidine,N[C@H](C(=O)O)Cc1c[nH]cn1,-7.903,thigh,"epidermis, dermis",dermatomed 500um,,8.5,37.0,7.3,Glass diffusion cell,"Sznitowska, 1993",10.1016/0378-5173(93)90321-6,N[C@@H](Cc1c[nH]cn1)C(=O)O,False,155.15699999999998,-0.6359000000000001,37.9029,92.00000000000001,3,3,3,1,1,11,0.3333333333333333,63.250684413900096,2.4987607772382447,231.98525149250435,5
HuskinDB,Lysine,NCCCC[C@@H](C(=O)O)N,-7.328,thigh,"epidermis, dermis",dermatomed 500um,,7.3,37.0,7.3,Glass diffusion cell,"Sznitowska, 1993",10.1016/0378-5173(93)90321-6,NCCCC[C@H](N)C(=O)O,False,146.19,-0.4726999999999995,38.5166,89.34,3,3,5,0,0,10,0.8333333333333334,60.199498846077795,3.2148768968244483,105.9209386162151,4
HuskinDB,Lysine,NCCCC[C@@H](C(=O)O)N,-6.86,thigh,"epidermis, dermis",dermatomed 500um,,8.9,37.0,7.3,Glass diffusion cell,"Sznitowska, 1993",10.1016/0378-5173(93)90321-6,NCCCC[C@H](N)C(=O)O,False,146.19,-0.4726999999999995,38.5166,89.34,3,3,5,0,0,10,0.8333333333333334,60.199498846077795,3.2148768968244483,105.9209386162151,4
HuskinDB,Bromochloroacetonitrile,ClC(C#N)Br,-4.352,torso,"epidermis, dermis",dermatomed 250-280um,37.0,,37.0,7.4,Glass diffusion cell,"Trabaris, 2012",10.1002/jat.1657,N#CC(Cl)Br,False,154.394,1.4697799999999999,24.180999999999997,23.79,0,1,0,0,0,5,0.5,43.6675866562179,2.939447246323328,55.1585154960715,3
HuskinDB,Chloral hydrate,OC(C(Cl)(Cl)Cl)O,-5.965,torso,"epidermis, dermis",dermatomed 250-280um,37.0,,37.0,7.4,Glass diffusion cell,"Trabaris, 2012",10.1002/jat.1657,OC(O)C(Cl)(Cl)Cl,False,165.403,0.6672999999999998,28.515599999999996,40.46,2,2,0,0,0,7,1.0,55.602459327263205,3.541196965079901,56.44547197387445,5
HuskinDB,Chloroacetonitrile,ClCC#N,-4.561,torso,"epidermis, dermis",dermatomed 250-280um,37.0,,37.0,7.4,Glass diffusion cell,"Trabaris, 2012",10.1002/jat.1657,N#CCCl,False,75.49799999999999,0.74878,16.333,23.79,0,1,0,0,0,4,0.5,29.800039050576547,2.4330963097956353,35.79319390447952,2
HuskinDB,Dibromoacetonitrile,BrC(C#N)Br,-4.326,torso,"epidermis, dermis",dermatomed 250-280um,37.0,,37.0,7.4,Glass diffusion cell,"Trabaris, 2012",10.1002/jat.1657,N#CC(Br)Br,False,198.845,1.62588,27.255,23.79,0,1,0,0,0,5,0.5,47.231868034977595,2.939447246323328,53.1585154960715,3
HuskinDB,Dichloroacetonitrile,ClC(C#N)Cl,-4.38,torso,"epidermis, dermis",dermatomed 250-280um,37.0,,37.0,7.4,Glass diffusion cell,"Trabaris, 2012",10.1002/jat.1657,N#CC(Cl)Cl,False,109.94300000000001,1.31368,21.106999999999996,23.79,0,1,0,0,0,5,0.5,40.10330527745822,2.939447246323328,53.1585154960715,3
HuskinDB,Trichloroacetonitrile,N#CC(Cl)(Cl)Cl,-4.604,torso,"epidermis, dermis",dermatomed 250-280um,37.0,,37.0,7.4,Glass diffusion cell,"Trabaris, 2012",10.1002/jat.1657,N#CC(Cl)(Cl)Cl,False,144.388,1.88018,25.903,23.79,0,1,0,0,0,6,0.5,50.406571504339894,3.552734354515761,75.77443751081735,4
HuskinDB,Haloperidol,Fc1ccc(cc1)C(=O)CCCN1CCC(CC1)(O)c1ccc(cc1)Cl,-7.03,abdomen,epidermis,heat separation,37.0,,37.0,,Franz cell,"Vaddi, 2001",10.1248/cpb.49.1395,O=C(CCCN1CCC(O)(c2ccc(Cl)cc2)CC1)c1ccc(F)cc1,False,375.87100000000015,4.425600000000004,100.98730000000005,40.540000000000006,1,3,6,2,3,26,0.38095238095238093,157.95153635385225,1.4445792101332056,737.611323693879,5
HuskinDB,Levosimendan,N#CC(=NNc1ccc(cc1)C1=NNC(=O)C[C@H]1C)C#N,-6.484,abdomen,epidermis,heat separation,25.0,5.0,25.0,,Glass diffusion cell,"Valjakka-Koskela, 2000",10.1016/S0928-0987(00)00120-2,C[C@@H]1CC(=O)NN=C1c1ccc(NN=C(C#N)C#N)cc1,False,280.291,1.3617599999999999,77.18640000000002,113.42999999999998,2,6,3,1,2,21,0.21428571428571427,121.12243172352808,2.133349462429733,673.6597969068536,7
HuskinDB,Levosimendan,N#CC(=NNc1ccc(cc1)C1=NNC(=O)C[C@H]1C)C#N,-7.954,abdomen,epidermis,heat separation,,7.4,,,Glass diffusion cell,"Valjakka-Koskela, 2000",10.1016/S0928-0987(00)00120-2,C[C@@H]1CC(=O)NN=C1c1ccc(NN=C(C#N)C#N)cc1,False,280.291,1.3617599999999999,77.18640000000002,113.42999999999998,2,6,3,1,2,21,0.21428571428571427,121.12243172352808,2.133349462429733,673.6597969068536,7
HuskinDB,Diethylene glycol mono n-butyl ether acetate,CCCCOCCOCCOC(=O)C,-7.051,abdomen,"epidermis, dermis",fat removed,,,32.0,,Franz cell,"Venier, 2004",10.1016/j.tiv.2004.03.004,CCCCOCCOCCOC(C)=O,False,204.26599999999996,1.3828,53.179000000000045,44.760000000000005,0,4,9,0,0,14,0.9,85.52588784596342,2.884064614706359,136.08368795993283,4
HuskinDB,Dipropylene glycol mono methyl ether,OCC(OCC(OC)C)C,-7.653,abdomen,"epidermis, dermis",fat removed,,,32.0,,Franz cell,"Venier, 2004",10.1016/j.tiv.2004.03.004,COC(C)COC(C)CO,False,148.202,0.4186999999999999,38.9708,38.69,1,3,5,0,0,10,1.0,61.950227925418965,3.1681741287467013,65.25147089005418,3
HuskinDB,Ethylene glycol mono isopropyl ether,OCCOC(C)C,-6.913,abdomen,"epidermis, dermis",fat removed,,,32.0,,Franz cell,"Venier, 2004",10.1016/j.tiv.2004.03.004,CC(C)OCCO,False,104.149,0.4037,28.173799999999986,29.46,1,2,3,0,0,7,1.0,44.10679846711887,2.6782577431647265,35.06139398862029,2
HuskinDB,Ethylene glycol mono methyl ether acetate,COCCOC(=O)C,-6.299,abdomen,"epidermis, dermis",fat removed,,,32.0,,Franz cell,"Venier, 2004",10.1016/j.tiv.2004.03.004,COCCOC(C)=O,False,118.13199999999999,0.19590000000000019,28.508999999999986,35.53,0,3,3,0,0,8,0.8,48.58763204447351,2.822354554248032,70.07403392114696,3
HuskinDB,2-Propoxyethanol,CCCOCCO,-6.543,abdomen,"epidermis, dermis",fat removed,,,32.0,,Franz cell,"Venier, 2004",10.1016/j.tiv.2004.03.004,CCCOCCO,False,104.14899999999999,0.40530000000000005,28.195799999999988,29.46,1,2,4,0,0,7,1.0,44.10679846711887,2.447472887876344,25.26112492884004,2
HuskinDB,Diethylene glycol mono n-butyl ether acetate,CCCCOCCOCCOC(=O)C,-7.778,abdomen,"epidermis, dermis",fat removed,,,32.0,,Franz cell,"Venier, 2004",10.1016/j.tiv.2004.03.004,CCCCOCCOCCOC(C)=O,False,204.26599999999996,1.3828,53.179000000000045,44.760000000000005,0,4,9,0,0,14,0.9,85.52588784596342,2.884064614706359,136.08368795993283,4
HuskinDB,Dipropylene glycol mono methyl ether,OCC(OCC(OC)C)C,-7.515,abdomen,"epidermis, dermis",fat removed,,,32.0,,Franz cell,"Venier, 2004",10.1016/j.tiv.2004.03.004,COC(C)COC(C)CO,False,148.202,0.4186999999999999,38.9708,38.69,1,3,5,0,0,10,1.0,61.950227925418965,3.1681741287467013,65.25147089005418,3
HuskinDB,Ethylene glycol mono isopropyl ether,OCCOC(C)C,-7.125,abdomen,"epidermis, dermis",fat removed,,,32.0,,Franz cell,"Venier, 2004",10.1016/j.tiv.2004.03.004,CC(C)OCCO,False,104.149,0.4037,28.173799999999986,29.46,1,2,3,0,0,7,1.0,44.10679846711887,2.6782577431647265,35.06139398862029,2
HuskinDB,Ethylene glycol mono methyl ether acetate,COCCOC(=O)C,-6.637,abdomen,"epidermis, dermis",fat removed,,,32.0,,Franz cell,"Venier, 2004",10.1016/j.tiv.2004.03.004,COCCOC(C)=O,False,118.13199999999999,0.19590000000000019,28.508999999999986,35.53,0,3,3,0,0,8,0.8,48.58763204447351,2.822354554248032,70.07403392114696,3
HuskinDB,2-Propoxyethanol,CCCOCCO,-6.923,abdomen,"epidermis, dermis",fat removed,,,32.0,,Franz cell,"Venier, 2004",10.1016/j.tiv.2004.03.004,CCCOCCO,False,104.14899999999999,0.40530000000000005,28.195799999999988,29.46,1,2,4,0,0,7,1.0,44.10679846711887,2.447472887876344,25.26112492884004,2
HuskinDB,Acyclovir,Nc1nc(=O)c2c([nH]1)n(COCCO)cn2,-7.079,abdomen,"epidermis, dermis",fat removed,,7.4,,7.4,Franz cell,"Volpato, 1998",10.1016/S0168-3659(97)00152-1,Nc1nc(=O)c2ncn(COCCO)c2[nH]1,False,225.20799999999997,-1.3318000000000003,55.59890000000001,119.05000000000001,3,6,4,2,2,16,0.375,89.69516162363054,2.3607877514506095,546.0876253223264,8
HuskinDB,1-Methoxy-2-Propanol,COCC(O)C,-6.397,breast,"epidermis, dermis",dermatomed 330um,,7.4,32.0,7.4,Glass diffusion cell,"Wilkinson, 2002",10.1007/s00420-002-0367-8,COCC(C)O,False,90.122,0.013600000000000112,23.556799999999992,29.46,1,2,2,0,0,6,1.0,37.741856352722266,2.6272148478988635,26.72905595320056,2
HuskinDB,2-Butoxyethanol,CCCCOCCO,-5.34,breast,"epidermis, dermis",dermatomed 330um,,7.4,32.0,7.4,Glass diffusion cell,"Wilkinson, 2002",10.1007/s00420-002-0367-8,CCCCOCCO,False,118.17599999999999,0.7953999999999999,32.81279999999998,29.46,1,2,5,0,0,8,1.0,50.471740581515476,2.53006045688352,31.509775004326936,2
HuskinDB,2-Ethoxyethanol,OCCOCC,-5.544,breast,"epidermis, dermis",dermatomed 330um,,7.4,32.0,7.4,Glass diffusion cell,"Wilkinson, 2002",10.1007/s00420-002-0367-8,CCOCCO,False,90.122,0.015200000000000047,23.578799999999994,29.46,1,2,3,0,0,6,1.0,37.741856352722266,2.3390923149762908,17.509775004326936,2
HuskinDB,5-Fluorouracil,Fc1c[nH]c(=O)[nH]c1=O,-7.574,abdomen,stratum corneum,"heat separation, hydrated",32.0,,32.0,,,"Williams, 1992",10.1016/0378-5173(92)90032-W,O=c1[nH]cc(F)c(=O)[nH]1,False,130.078,-0.7977000000000001,27.641399999999994,65.72,2,2,0,1,1,9,0.0,48.359278684403755,3.5238977189940166,312.83394095677266,5
HuskinDB,Estradiol,Oc1ccc2c(c1)CC[C@@H]1[C@@H]2CC[C@]2([C@H]1CC[C@@H]2O)C,-5.488,abdomen,stratum corneum,"heat separation, hydrated",32.0,,32.0,,,"Williams, 1992",10.1016/0378-5173(92)90032-W,C[C@]12CC[C@@H]3c4ccc(O)cc4CC[C@H]3[C@@H]1CC[C@@H]2O,False,272.3879999999999,3.6092000000000026,78.73060000000005,40.46,2,2,0,1,4,20,0.6666666666666666,120.38168253606061,1.7111998765070118,538.2198018097884,2
HuskinDB,"1,1,1-Trichloropropanone",CC(=O)C(Cl)(Cl)Cl,-5.176,breast,"epidermis, dermis",dermatomed 250-280um,40.0,7.0,37.0,7.4,Glass diffusion cell,"Xu, 2002",10.1006/taap.2002.9494,CC(=O)C(Cl)(Cl)Cl,False,161.41500000000002,1.9456,30.971,17.07,0,1,0,0,0,7,0.6666666666666666,56.54045603731155,3.7911184170869663,82.67103446305711,4
HuskinDB,"1,1-Dichloropropanone",ClC(C(=O)C)Cl,-4.923,breast,"epidermis, dermis",dermatomed 250-280um,40.0,7.0,37.0,7.4,Glass diffusion cell,"Xu, 2002",10.1006/taap.2002.9494,CC(=O)C(Cl)Cl,False,126.97,1.3791,26.174999999999997,17.07,0,1,1,0,0,6,0.6666666666666666,46.237189810429875,3.2575861612334887,59.813537528125096,3
HuskinDB,Bromoacetic acid,OC(=O)CBr,-6.41,breast,"epidermis, dermis",dermatomed 250-280um,40.0,7.0,37.0,7.4,Glass diffusion cell,"Xu, 2002",10.1006/taap.2002.9494,O=C(O)CBr,False,138.948,0.46590000000000004,21.429799999999997,37.3,1,1,1,0,0,5,0.5,37.92749660010729,2.8473789230876716,42.91260938324327,3
HuskinDB,Bromochloroacetic acid,OC(=O)C(Br)Cl,-6.352,breast,"epidermis, dermis",dermatomed 250-280um,40.0,7.0,37.0,7.4,Glass diffusion cell,"Xu, 2002",10.1006/taap.2002.9494,O=C(O)C(Cl)Br,False,173.393,1.0308,26.203799999999998,37.3,1,1,1,0,0,6,0.5,48.23076282698897,3.2575861612334887,62.568425030288566,4
HuskinDB,Bromodichloromethane,ClC(Br)Cl,-4.301,breast,"epidermis, dermis",dermatomed 250-280um,25.0,7.0,37.0,7.4,Glass diffusion cell,"Xu, 2002",10.1006/taap.2002.9494,ClC(Cl)Br,False,163.829,2.1425,24.420999999999996,0.0,0,0,0,0,0,4,1.0,43.21333108723426,2.3237900077244498,10.75488750216347,3
HuskinDB,Bromoform,BrC(Br)Br,-4.234,breast,"epidermis, dermis",dermatomed 250-280um,25.0,7.0,37.0,7.4,Glass diffusion cell,"Xu, 2002",10.1006/taap.2002.9494,BrC(Br)Br,False,252.731,2.4547,30.569,0.0,0,0,0,0,0,4,1.0,50.341893844753635,2.3237900077244498,8.0,3
HuskinDB,Chloroacetic acid,OC(=O)CCl,-6.515,breast,"epidermis, dermis",dermatomed 250-280um,40.0,7.0,37.0,7.4,Glass diffusion cell,"Xu, 2002",10.1006/taap.2002.9494,O=C(O)CCl,False,94.49700000000001,0.3098,18.3558,37.3,1,1,1,0,0,5,0.5,34.36321522134761,2.8473789230876716,42.91260938324327,3
HuskinDB,Chlorodibromomethane,ClC(Br)Br,-4.255,breast,"epidermis, dermis",dermatomed 250-280um,25.0,7.0,37.0,7.4,Glass diffusion cell,"Xu, 2002",10.1006/taap.2002.9494,ClC(Br)Br,False,208.28,2.2986000000000004,27.494999999999997,0.0,0,0,0,0,0,4,1.0,46.77761246599394,2.3237900077244498,10.75488750216347,3
HuskinDB,Chloroform,ClC(Cl)Cl,-4.352,breast,"epidermis, dermis",dermatomed 250-280um,25.0,7.0,37.0,7.4,Glass diffusion cell,"Xu, 2002",10.1006/taap.2002.9494,ClC(Cl)Cl,False,119.37800000000001,1.9864,21.346999999999998,0.0,0,0,0,0,0,4,1.0,39.64904970847457,2.3237900077244498,8.0,3
HuskinDB,Dibromoacetic acid,BrC(C(=O)O)Br,-6.141,breast,"epidermis, dermis",dermatomed 250-280um,40.0,7.0,37.0,7.4,Glass diffusion cell,"Xu, 2002",10.1006/taap.2002.9494,O=C(O)C(Br)Br,False,217.844,1.1869,29.277799999999996,37.3,1,1,1,0,0,6,0.5,51.79504420574866,3.2575861612334887,60.568425030288566,4
HuskinDB,Dichloroacetic acid,ClC(C(=O)O)Cl,-6.278,breast,"epidermis, dermis",dermatomed 250-280um,40.0,7.0,37.0,7.4,Glass diffusion cell,"Xu, 2002",10.1006/taap.2002.9494,O=C(O)C(Cl)Cl,False,128.942,0.8747,23.1298,37.3,1,1,1,0,0,6,0.5,44.666481448229284,3.2575861612334887,60.568425030288566,4
HuskinDB,Trichloroacetic acid,OC(=O)C(Cl)(Cl)Cl,-6.278,breast,"epidermis, dermis",dermatomed 250-280um,40.0,7.0,37.0,7.4,Glass diffusion cell,"Xu, 2002",10.1006/taap.2002.9494,O=C(O)C(Cl)(Cl)Cl,False,163.387,1.4412,27.925800000000002,37.3,1,1,0,0,0,7,0.5,54.96974767511096,3.7911184170869663,83.42592196522058,5
HuskinDB,2-Naphthol,Oc1ccc2c(c1)cccc2,-4.757,abdomen,epidermis,heat separation,32.0,7.4,32.0,,Franz cell,"Zhang, 2009",10.1007/s11095-009-9912-4,Oc1ccc2ccccc2c1,False,144.17299999999997,2.5454,45.61280000000002,20.23,1,1,0,2,2,11,0.0,64.90730140342819,2.8289012156206956,379.28449039867843,1
HuskinDB,4-Propoxyphenol,CCCOc1ccc(cc1)O,-5.38,abdomen,epidermis,heat separation,32.0,7.4,32.0,,Franz cell,"Zhang, 2009",10.1007/s11095-009-9912-4,CCCOc1ccc(O)cc1,False,152.19299999999998,2.181,43.89280000000003,29.46,1,2,3,1,1,11,0.3333333333333333,66.43400844438968,2.51863794324683,203.30764733554943,2
HuskinDB,Carvacrol,CC(c1ccc(c(c1)O)C)C,-4.81,abdomen,epidermis,heat separation,32.0,7.4,32.0,,Franz cell,"Zhang, 2009",10.1007/s11095-009-9912-4,Cc1ccc(C(C)C)cc1O,False,150.221,2.8240200000000013,46.93280000000003,20.23,1,1,1,1,1,11,0.4,67.6854053292794,3.0516454489591736,251.04973178598337,1
HuskinDB,Chlorocresol,Cc1c(O)cccc1Cl,-5.0,abdomen,epidermis,heat separation,32.0,7.4,32.0,,Franz cell,"Zhang, 2009",10.1007/s11095-009-9912-4,Cc1c(O)cccc1Cl,False,142.58499999999998,2.3540200000000002,37.853800000000014,20.23,1,1,0,1,1,9,0.14285714285714285,58.89384521297126,3.2478347337367035,199.90617759993407,2
HuskinDB,Chloroxylenol,Cc1ccc(c(c1C)O)Cl,-4.651,abdomen,epidermis,heat separation,32.0,7.4,32.0,,Franz cell,"Zhang, 2009",10.1007/s11095-009-9912-4,Cc1ccc(Cl)c(O)c1C,False,156.61200000000002,2.662440000000001,42.59080000000002,20.23,1,1,0,1,1,10,0.25,65.25878732736787,3.3421538077705124,228.6796583765568,2
HuskinDB,Methyl 4-hydroxybenzoate,COC(=O)c1ccc(cc1)O,-5.632,abdomen,epidermis,heat separation,32.0,7.4,32.0,,Franz cell,"Zhang, 2009",10.1007/s11095-009-9912-4,COC(=O)c1ccc(O)cc1,False,152.149,1.1788,39.446300000000015,46.53,1,3,1,1,1,11,0.125,64.23058843003683,2.8953480359887567,250.5446100817276,3
HuskinDB,Methyl salicylate,COC(=O)c1ccccc1O,-5.0,abdomen,epidermis,heat separation,32.0,7.4,32.0,,Franz cell,"Zhang, 2009",10.1007/s11095-009-9912-4,COC(=O)c1ccccc1O,True,152.14899999999997,1.1787999999999998,39.446300000000015,46.53,1,3,1,1,1,11,0.125,64.23058843003683,3.0326621558006566,267.7946100817276,3
HuskinDB,o-t-Butylphenol,Oc1ccccc1C(C)(C)C,-4.685,abdomen,epidermis,heat separation,32.0,7.4,32.0,,Franz cell,"Zhang, 2009",10.1007/s11095-009-9912-4,CC(C)(C)c1ccccc1O,False,150.22099999999998,2.6897000000000015,46.80680000000004,20.23,1,1,0,1,1,11,0.4,67.6854053292794,3.1411091905317954,245.29484428381988,1
HuskinDB,p-n-Butylphenol,CCCCc1ccc(cc1)O,-4.671,abdomen,epidermis,heat separation,32.0,7.4,32.0,,Franz cell,"Zhang, 2009",10.1007/s11095-009-9912-4,CCCCc1ccc(O)cc1,False,150.22099999999998,2.734800000000001,46.71880000000004,20.23,1,1,3,1,1,11,0.4,67.6854053292794,2.51863794324683,200.61769139965662,1
HuskinDB,Thymol,Cc1ccc(c(c1)O)C(C)C,-4.77,abdomen,epidermis,heat separation,32.0,7.4,32.0,,Franz cell,"Zhang, 2009",10.1007/s11095-009-9912-4,Cc1ccc(C(C)C)c(O)c1,False,150.221,2.824020000000001,46.93280000000003,20.23,1,1,1,1,1,11,0.4,67.6854053292794,3.092719758380193,251.04973178598337,1
HuskinDB,1-Hexanol,CCCCCCO,-4.859,scalp,"epidermis, dermis","dermatomed 420um, hydrated 10d",31.0,,31.0,,,"Bond, 1988",10.1111/1523-1747.ep12460958,CCCCCCO,False,102.17699999999999,1.559,31.22779999999998,20.23,1,1,4,0,0,7,1.0,45.35819535200859,2.447472887876344,23.360990398949916,1
HuskinDB,1-Hexanol,CCCCCCO,-5.114,abdomen,"epidermis, dermis",dermatomed 420um,31.0,,31.0,,,"Bond, 1988",10.1111/1523-1747.ep12460958,CCCCCCO,False,102.17699999999999,1.559,31.22779999999998,20.23,1,1,4,0,0,7,1.0,45.35819535200859,2.447472887876344,23.360990398949916,1
HuskinDB,Acyclovir,Nc1nc(=O)c2c([nH]1)n(COCCO)cn2,-7.778,abdomen,"epidermis, dermis",fat removed,,3.0,,7.4,Franz cell,"Volpato, 1998",10.1016/S0168-3659(97)00152-1,Nc1nc(=O)c2ncn(COCCO)c2[nH]1,False,225.20799999999997,-1.3318000000000003,55.59890000000001,119.05000000000001,3,6,4,2,2,16,0.375,89.69516162363054,2.3607877514506095,546.0876253223264,8
HuskinDB,Betamethasone-17-valerate,CCCCC(=O)OC1(C(C)CC2C1(C)CC(O)C1(C2CCC2=CC(=O)C=CC12C)F)C(=O)CO,-5.525,"abdomen, thigh, breast","epidermis, dermis",dermatomed 500um,37.0,4.5,37.0,4.5,Glass diffusion cell,"Kubota, 1993",10.1002/jps.2600821017,CCCCC(=O)OC1(C(=O)CO)C(C)CC2C3CCC4=CC(=O)C=CC4(C)C3(F)C(O)CC21C,False,476.58500000000026,3.6368000000000027,123.34260000000006,100.90000000000002,2,6,6,0,4,34,0.7407407407407407,200.17732976061237,1.7985953894529,956.7669810831956,7
HuskinDB,Bisphenol A diglycidyl ether,CC(c1ccc(cc1)OCC1OC1)(c1ccc(cc1)OCC1OC1)C,-9.875,breast,"epidermis, dermis",dermatomed,32.0,,,7.4,Flow through cell,"Boogaard, 2000",10.1080/004982500237488,CC(C)(c1ccc(OCC2CO2)cc1)c1ccc(OCC2CO2)cc1,False,340.4190000000001,3.567700000000002,95.48200000000006,43.519999999999996,0,4,8,2,4,25,0.42857142857142855,148.21549496609953,1.412414127527279,636.1808377852377,4
HuskinDB,Epikote YX4000,Cc1cc(cc(c1OCC1OC1)C)c1cc(C)c(c(c1)C)OCC1OC1,-10.884,breast,"epidermis, dermis",dermatomed,32.0,,,7.4,Flow through cell,"Boogaard, 2000",10.1080/004982500237488,Cc1cc(-c2cc(C)c(OCC3CO3)c(C)c2)cc(C)c1OCC1CO1,False,354.44600000000014,4.142480000000003,101.29600000000005,43.519999999999996,0,4,7,2,4,26,0.45454545454545453,154.58043708049613,1.5720768569241206,703.37733986072,4
HuskinDB,"1,6-hexanediol diglycidyl ether",C(CCOCC1OC1)CCCOCC1OC1,-7.423,breast,"epidermis, dermis",dermatomed,32.0,,,7.4,Flow through cell,"Boogaard, 2000",10.1080/004982500237488,C(CCCOCC1CO1)CCOCC1CO1,False,230.30399999999995,1.3776,59.586000000000055,43.519999999999996,0,4,11,0,2,16,1.0,97.1961328971613,1.217409947370139,157.85757378684062,4
HuskinDB,1-Dodecyl glycidyl ether,CCCCCCCCCCCCOCC1OC1,-9.036,breast,"epidermis, dermis",dermatomed,32.0,,,7.4,Flow through cell,"Boogaard, 2000",10.1080/004982500237488,CCCCCCCCCCCCOCC1CO1,False,242.40299999999993,4.322700000000004,72.40300000000006,21.759999999999998,0,2,13,0,1,17,1.0,107.06969993486663,1.60754922625042,155.00080941905125,2
HuskinDB,o-Cresyl glycidyl ether,Cc1ccccc1OCC1CO1,-7.588,breast,"epidermis, dermis",dermatomed,32.0,,,7.4,Flow through cell,"Boogaard, 2000",10.1080/004982500237488,Cc1ccccc1OCC1CO1,False,164.20399999999998,1.7726199999999999,46.41400000000003,21.759999999999998,0,2,3,1,2,12,0.4,72.11243088256792,1.9604804174339308,266.2960188386611,2
HuskinDB,Caffeine,Cn1cnc2c1c(=O)n(C)c(=O)n2C,-6.828,abdomen,"epidermis, dermis",dermatomed 350um,32.0,,,,Flow through cell,"Bronaugh, 1986",10.1111/j.1365-2133.1986.tb06214.x ,Cn1c(=O)c2c(ncn2C)n(C)c1=O,False,194.194,-1.0293,51.19600000000001,61.82,0,3,0,2,2,14,0.375,79.02895701814934,3.221281081084589,616.5285919942219,6
HuskinDB,Testosterone,O=C1CC[C@]2(C(=C1)CC[C@@H]1[C@@H]2CC[C@]2([C@H]1CC[C@@H]2O)C)C,-5.73,abdomen,"epidermis, dermis",dermatomed 350um,32.0,,,,Flow through cell,"Bronaugh, 1986",10.1111/j.1365-2133.1986.tb06214.x ,C[C@]12CC[C@H]3[C@@H](CCC4=CC(=O)CC[C@@]43C)[C@@H]1CC[C@@H]2O,False,288.431,3.879200000000003,82.71680000000005,37.3,1,2,0,0,4,21,0.8421052631578947,127.55103729290711,1.6883496404253646,507.69574308017087,2
HuskinDB,Mannitol,OC[C@H]([C@H]([C@@H]([C@@H](CO)O)O)O)O,-8.158,abdomen,epidermis,heat separation,32.0,,32.0,,Flow through cell,"Clowes, 1994",10.1016/0887-2333(94)90078-7,OC[C@@H](O)[C@@H](O)[C@H](O)[C@H](O)CO,False,182.172,-3.5854000000000004,38.198800000000006,121.38000000000001,6,6,5,0,0,12,1.0,69.32936411298864,3.9851644508585786,104.6059378176129,6
HuskinDB,Mannitol,OC[C@H]([C@H]([C@@H]([C@@H](CO)O)O)O)O,-7.923,abdomen,"epidermis, dermis",dermatomed 130um,32.0,,33.0,,Flow through cell,"Clowes, 1994",10.1016/0887-2333(94)90078-7,OC[C@@H](O)[C@@H](O)[C@H](O)[C@H](O)CO,False,182.172,-3.5854000000000004,38.198800000000006,121.38000000000001,6,6,5,0,0,12,1.0,69.32936411298864,3.9851644508585786,104.6059378176129,6
HuskinDB,Chlorpyrifos,CCOP(=S)(Oc1nc(Cl)c(cc1Cl)Cl)OCC,-7.158,breast,,,32.0,,,,Flow through cell,"Griffin, 2000",10.1191/096032700678815684,CCOP(=S)(OCC)Oc1nc(Cl)c(Cl)cc1Cl,False,350.591,4.718100000000002,77.43200000000002,40.58,0,5,6,1,1,18,0.4444444444444444,125.74118203040851,3.006125183376143,464.6162368766505,9
HuskinDB,Trimethylamine,CN(C)C,-7.284,abdomen,"epidermis, dermis",fat removed,32.0,,32.0,7.3,Flow through cell,"Kenyon, 2004",10.1016/j.fct.2004.05.007,CN(C)C,False,59.111999999999995,0.17779999999999996,19.610999999999997,3.24,0,1,0,0,0,4,1.0,27.228968926826138,2.3237900077244498,8.0,1
HuskinDB,Lidocaine,CCN(CC(=O)Nc1c(C)cccc1C)CC,-7.021,leg,"epidermis, dermis",dermatomed 150um,,4.0,,,Flow through cell,"Kushla, 1991",10.1016/0378-5173(91)90387-4,CCN(CC)CC(=O)Nc1c(C)cccc1C,True,234.343,2.5837400000000006,72.33370000000005,32.34,1,2,5,1,1,17,0.5,103.82215798852502,2.680267656047493,363.55864155890856,3
HuskinDB,Lidocaine,CCN(CC(=O)Nc1c(C)cccc1C)CC,-6.967,leg,"epidermis, dermis",dermatomed 150um,,6.0,,,Flow through cell,"Kushla, 1991",10.1016/0378-5173(91)90387-4,CCN(CC)CC(=O)Nc1c(C)cccc1C,True,234.343,2.5837400000000006,72.33370000000005,32.34,1,2,5,1,1,17,0.5,103.82215798852502,2.680267656047493,363.55864155890856,3
HuskinDB,Lidocaine,CCN(CC(=O)Nc1c(C)cccc1C)CC,-5.707,leg,"epidermis, dermis",dermatomed 150um,,7.8,,,Flow through cell,"Kushla, 1991",10.1016/0378-5173(91)90387-4,CCN(CC)CC(=O)Nc1c(C)cccc1C,True,234.343,2.5837400000000006,72.33370000000005,32.34,1,2,5,1,1,17,0.5,103.82215798852502,2.680267656047493,363.55864155890856,3
HuskinDB,Lidocaine,CCN(CC(=O)Nc1c(C)cccc1C)CC,-5.53,leg,"epidermis, dermis",dermatomed 150um,,10.0,,,Flow through cell,"Kushla, 1991",10.1016/0378-5173(91)90387-4,CCN(CC)CC(=O)Nc1c(C)cccc1C,True,234.343,2.5837400000000006,72.33370000000005,32.34,1,2,5,1,1,17,0.5,103.82215798852502,2.680267656047493,363.55864155890856,3
HuskinDB,2-Ethoxyethanol,OCCOCC,-7.785,breast,"epidermis, dermis",dermatomed 330um,,,32.0,7.3,Flow through cell,"Lockley, 2002",10.1006/taap.2002.9373,CCOCCO,False,90.122,0.015200000000000047,23.578799999999994,29.46,1,2,3,0,0,6,1.0,37.741856352722266,2.3390923149762908,17.509775004326936,2
HuskinDB,2-Ethoxyethanol,OCCOCC,-7.687,breast,"epidermis, dermis",dermatomed 330um,,,32.0,7.3,Flow through cell,"Lockley, 2002",10.1006/taap.2002.9373,CCOCCO,False,90.122,0.015200000000000047,23.578799999999994,29.46,1,2,3,0,0,6,1.0,37.741856352722266,2.3390923149762908,17.509775004326936,2
HuskinDB,5-Fluorouracil,Fc1c[nH]c(=O)[nH]c1=O,-8.015,abdomen,"epidermis, dermis",dermatomed 420um,31.0,,31.0,,Flow through cell,"Rigg, 1990",10.1111/1523-1747.ep12874561,O=c1[nH]cc(F)c(=O)[nH]1,False,130.078,-0.7977000000000001,27.641399999999994,65.72,2,2,0,1,1,9,0.0,48.359278684403755,3.5238977189940166,312.83394095677266,5
HuskinDB,2-phenoxyethanol,OCCOc1ccccc1,-6.43,"abdomen, leg, breast","epidermis, dermis",dermatomed 330um,37.0,,37.0,,Flow through cell,"Roper, 1997",10.1016/s0278-6915(97)00109-9,OCCOc1ccccc1,False,138.16599999999997,1.0576999999999999,39.02280000000002,29.46,1,2,3,1,1,10,0.25,60.06906632999306,2.4265223465879537,171.872282370036,2
HuskinDB,Hydrocortisone,OCC(=O)[C@@]1(O)CC[C@@H]2[C@]1(C)C[C@H](O)[C@H]1[C@H]2CCC2=CC(=O)CC[C@]12C,-7.357,abdomen,"epidermis, dermis",,37.0,1.0,37.0,,Flow through cell,"Sznitowska, 2001",10.1016/s0168-3659(01)00443-6,C[C@]12CCC(=O)C=C1CC[C@@H]1[C@@H]2[C@@H](O)C[C@@]2(C)[C@H]1CC[C@]2(O)C(=O)CO,False,362.4660000000002,1.7815999999999996,95.14240000000004,94.83,3,5,2,0,4,26,0.8095238095238095,154.0309111261361,1.7350832012021686,683.8889217536757,5
HuskinDB,Hydrocortisone,OCC(=O)[C@@]1(O)CC[C@@H]2[C@]1(C)C[C@H](O)[C@H]1[C@H]2CCC2=CC(=O)CC[C@]12C,-7.357,abdomen,"epidermis, dermis",,37.0,2.0,37.0,,Flow through cell,"Sznitowska, 2001",10.1016/s0168-3659(01)00443-6,C[C@]12CCC(=O)C=C1CC[C@@H]1[C@@H]2[C@@H](O)C[C@@]2(C)[C@H]1CC[C@]2(O)C(=O)CO,False,362.4660000000002,1.7815999999999996,95.14240000000004,94.83,3,5,2,0,4,26,0.8095238095238095,154.0309111261361,1.7350832012021686,683.8889217536757,5
HuskinDB,Hydrocortisone,OCC(=O)[C@@]1(O)CC[C@@H]2[C@]1(C)C[C@H](O)[C@H]1[C@H]2CCC2=CC(=O)CC[C@]12C,-7.431,abdomen,"epidermis, dermis",,37.0,3.5,37.0,,Flow through cell,"Sznitowska, 2001",10.1016/s0168-3659(01)00443-6,C[C@]12CCC(=O)C=C1CC[C@@H]1[C@@H]2[C@@H](O)C[C@@]2(C)[C@H]1CC[C@]2(O)C(=O)CO,False,362.4660000000002,1.7815999999999996,95.14240000000004,94.83,3,5,2,0,4,26,0.8095238095238095,154.0309111261361,1.7350832012021686,683.8889217536757,5
HuskinDB,Hydrocortisone,OCC(=O)[C@@]1(O)CC[C@@H]2[C@]1(C)C[C@H](O)[C@H]1[C@H]2CCC2=CC(=O)CC[C@]12C,-7.681,abdomen,"epidermis, dermis",,37.0,6.0,37.0,,Flow through cell,"Sznitowska, 2001",10.1016/s0168-3659(01)00443-6,C[C@]12CCC(=O)C=C1CC[C@@H]1[C@@H]2[C@@H](O)C[C@@]2(C)[C@H]1CC[C@]2(O)C(=O)CO,False,362.4660000000002,1.7815999999999996,95.14240000000004,94.83,3,5,2,0,4,26,0.8095238095238095,154.0309111261361,1.7350832012021686,683.8889217536757,5
HuskinDB,Hydrocortisone,OCC(=O)[C@@]1(O)CC[C@@H]2[C@]1(C)C[C@H](O)[C@H]1[C@H]2CCC2=CC(=O)CC[C@]12C,-7.577,abdomen,"epidermis, dermis",,37.0,10.0,37.0,,Flow through cell,"Sznitowska, 2001",10.1016/s0168-3659(01)00443-6,C[C@]12CCC(=O)C=C1CC[C@@H]1[C@@H]2[C@@H](O)C[C@@]2(C)[C@H]1CC[C@]2(O)C(=O)CO,False,362.4660000000002,1.7815999999999996,95.14240000000004,94.83,3,5,2,0,4,26,0.8095238095238095,154.0309111261361,1.7350832012021686,683.8889217536757,5
HuskinDB,Testosterone,O=C1CC[C@]2(C(=C1)CC[C@@H]1[C@@H]2CC[C@]2([C@H]1CC[C@@H]2O)C)C,-5.489,abdomen,"epidermis, dermis",,37.0,2.0,37.0,,Flow through cell,"Sznitowska, 2001",10.1016/s0168-3659(01)00443-6,C[C@]12CC[C@H]3[C@@H](CCC4=CC(=O)CC[C@@]43C)[C@@H]1CC[C@@H]2O,False,288.431,3.879200000000003,82.71680000000005,37.3,1,2,0,0,4,21,0.8421052631578947,127.55103729290711,1.6883496404253646,507.69574308017087,2
HuskinDB,Testosterone,O=C1CC[C@]2(C(=C1)CC[C@@H]1[C@@H]2CC[C@]2([C@H]1CC[C@@H]2O)C)C,-5.476,abdomen,"epidermis, dermis",,37.0,6.0,37.0,,Flow through cell,"Sznitowska, 2001",10.1016/s0168-3659(01)00443-6,C[C@]12CC[C@H]3[C@@H](CCC4=CC(=O)CC[C@@]43C)[C@@H]1CC[C@@H]2O,False,288.431,3.879200000000003,82.71680000000005,37.3,1,2,0,0,4,21,0.8421052631578947,127.55103729290711,1.6883496404253646,507.69574308017087,2
HuskinDB,Testosterone,O=C1CC[C@]2(C(=C1)CC[C@@H]1[C@@H]2CC[C@]2([C@H]1CC[C@@H]2O)C)C,-5.489,abdomen,"epidermis, dermis",,37.0,11.0,37.0,,Flow through cell,"Sznitowska, 2001",10.1016/s0168-3659(01)00443-6,C[C@]12CC[C@H]3[C@@H](CCC4=CC(=O)CC[C@@]43C)[C@@H]1CC[C@@H]2O,False,288.431,3.879200000000003,82.71680000000005,37.3,1,2,0,0,4,21,0.8421052631578947,127.55103729290711,1.6883496404253646,507.69574308017087,2
HuskinDB,Testosterone,O=C1CC[C@]2(C(=C1)CC[C@@H]1[C@@H]2CC[C@]2([C@H]1CC[C@@H]2O)C)C,-5.476,abdomen,"epidermis, dermis",,37.0,1.0,37.0,,Flow through cell,"Sznitowska, 2001",10.1016/s0168-3659(01)00443-6,C[C@]12CC[C@H]3[C@@H](CCC4=CC(=O)CC[C@@]43C)[C@@H]1CC[C@@H]2O,False,288.431,3.879200000000003,82.71680000000005,37.3,1,2,0,0,4,21,0.8421052631578947,127.55103729290711,1.6883496404253646,507.69574308017087,2
HuskinDB,Testosterone,O=C1CC[C@]2(C(=C1)CC[C@@H]1[C@@H]2CC[C@]2([C@H]1CC[C@@H]2O)C)C,-5.596,abdomen,"epidermis, dermis",,37.0,2.0,37.0,,Flow through cell,"Sznitowska, 2001",10.1016/s0168-3659(01)00443-6,C[C@]12CC[C@H]3[C@@H](CCC4=CC(=O)CC[C@@]43C)[C@@H]1CC[C@@H]2O,False,288.431,3.879200000000003,82.71680000000005,37.3,1,2,0,0,4,21,0.8421052631578947,127.55103729290711,1.6883496404253646,507.69574308017087,2
HuskinDB,Testosterone,O=C1CC[C@]2(C(=C1)CC[C@@H]1[C@@H]2CC[C@]2([C@H]1CC[C@@H]2O)C)C,-4.945,abdomen,"epidermis, dermis",,37.0,12.0,37.0,,Flow through cell,"Sznitowska, 2001",10.1016/s0168-3659(01)00443-6,C[C@]12CC[C@H]3[C@@H](CCC4=CC(=O)CC[C@@]43C)[C@@H]1CC[C@@H]2O,False,288.431,3.879200000000003,82.71680000000005,37.3,1,2,0,0,4,21,0.8421052631578947,127.55103729290711,1.6883496404253646,507.69574308017087,2
HuskinDB,Glyphosate,OC(=O)CNCP(=O)(O)O,-6.894,,"epidermis, dermis",dermatomed 1000um,37.0,,37.0,7.4,Flow through cell,"Wester, 1996",10.1016/0278-6915(96)00030-0,O=C(O)CNCP(=O)(O)O,False,169.073,-1.2042000000000002,32.54959999999999,106.86000000000001,4,3,4,0,0,10,0.6666666666666666,57.02616121321046,3.3863376396888714,162.2759984831296,7
HuskinDB,Malathion,CCOC(=O)CC(C(=O)OCC)SP(=S)(OC)OC,-4.249,,"epidermis, dermis",dermatomed 1000um,37.0,,37.0,7.4,Flow through cell,"Wester, 1996",10.1016/0278-6915(96)00030-0,CCOC(=O)CC(SP(=S)(OC)OC)C(=O)OCC,False,330.3640000000001,2.1218000000000004,77.56500000000004,71.06,0,8,9,0,0,19,0.8,121.96590766908359,4.80781070887242,340.9115786798855,9
HuskinDB,Parathion,CCOP(=S)(Oc1ccc(cc1)[N+](=O)[O-])OCC,-7.28,back,"epidermis, dermis",dermatomed 500um,37.0,,37.0,,Flow through cell,"Wester, 2000",10.1006/taap.2000.9028,CCOP(=S)(OCC)Oc1ccc([N+](=O)[O-])cc1,False,291.265,3.2711000000000023,71.26140000000002,70.83,0,6,7,1,1,18,0.4,110.26471109131683,2.809298823967879,440.0861904749747,8
HuskinDB,1-Hexanol,CCCCCCO,-4.888,scalp,"epidermis, dermis","dermatomed 420um, hydrated 0.25d",31.0,,31.0,,,"Bond, 1988",10.1111/1523-1747.ep12460958,CCCCCCO,False,102.17699999999999,1.559,31.22779999999998,20.23,1,1,4,0,0,7,1.0,45.35819535200859,2.447472887876344,23.360990398949916,1
HuskinDB,Ethanol,CCO,-6.352,abdomen,"epidermis, dermis",fat removed,35.0,7.4,35.0,7.4,Franz cell,"Cross, 2003",10.1046/j.1523-1747.2003.12131.x,CCO,False,46.069,-0.0014000000000000123,12.759800000000002,20.23,1,1,0,0,0,3,1.0,19.89842689442217,1.6329931618554523,2.7548875021634682,1
HuskinDB,1-Butanol,CCCCO,-5.816,abdomen,"epidermis, dermis",fat removed,35.0,7.4,35.0,7.4,Franz cell,"Cross, 2003",10.1046/j.1523-1747.2003.12131.x,CCCCO,False,74.12299999999999,0.7787999999999999,21.993799999999997,20.23,1,1,2,0,0,5,1.0,32.62831112321538,2.19060968716425,11.119415478763749,1
HuskinDB,1-Decanol,CCCCCCCCCCO,-6.41,abdomen,"epidermis, dermis",fat removed,35.0,7.4,35.0,7.4,Franz cell,"Cross, 2003",10.1046/j.1523-1747.2003.12131.x,CCCCCCCCCCO,False,158.285,3.119400000000002,49.69580000000003,20.23,1,1,8,0,0,11,1.0,70.81796380959506,2.6909155266923976,53.89311688209828,1
HuskinDB,1-Hexanol,CCCCCCO,-5.778,abdomen,"epidermis, dermis",fat removed,35.0,7.4,35.0,7.4,Franz cell,"Cross, 2003",10.1046/j.1523-1747.2003.12131.x,CCCCCCO,False,102.17699999999999,1.559,31.22779999999998,20.23,1,1,4,0,0,7,1.0,45.35819535200859,2.447472887876344,23.360990398949916,1
HuskinDB,1-Octanol,CCCCCCCCO,-5.642,abdomen,"epidermis, dermis",fat removed,35.0,7.4,35.0,7.4,Franz cell,"Cross, 2003",10.1046/j.1523-1747.2003.12131.x,CCCCCCCCO,False,130.23100000000002,2.3392000000000013,40.461800000000004,20.23,1,1,6,0,0,9,1.0,58.08807958080182,2.595082706793886,37.832293921787276,1
HuskinDB,Ethanol,CCO,-5.214,abdomen,dermis,heat separation,35.0,7.4,35.0,7.4,Franz cell,"Cross, 2003",10.1046/j.1523-1747.2003.12131.x,CCO,False,46.069,-0.0014000000000000123,12.759800000000002,20.23,1,1,0,0,0,3,1.0,19.89842689442217,1.6329931618554523,2.7548875021634682,1
HuskinDB,1-Butanol,CCCCO,-5.193,abdomen,dermis,heat separation,35.0,7.4,35.0,7.4,Franz cell,"Cross, 2003",10.1046/j.1523-1747.2003.12131.x,CCCCO,False,74.12299999999999,0.7787999999999999,21.993799999999997,20.23,1,1,2,0,0,5,1.0,32.62831112321538,2.19060968716425,11.119415478763749,1
HuskinDB,1-Decanol,CCCCCCCCCCO,-5.832,abdomen,dermis,heat separation,35.0,7.4,35.0,7.4,Franz cell,"Cross, 2003",10.1046/j.1523-1747.2003.12131.x,CCCCCCCCCCO,False,158.285,3.119400000000002,49.69580000000003,20.23,1,1,8,0,0,11,1.0,70.81796380959506,2.6909155266923976,53.89311688209828,1
HuskinDB,1-Hexanol,CCCCCCO,-5.637,abdomen,dermis,heat separation,35.0,7.4,35.0,7.4,Franz cell,"Cross, 2003",10.1046/j.1523-1747.2003.12131.x,CCCCCCO,False,102.17699999999999,1.559,31.22779999999998,20.23,1,1,4,0,0,7,1.0,45.35819535200859,2.447472887876344,23.360990398949916,1
HuskinDB,1-Octanol,CCCCCCCCO,-5.764,abdomen,dermis,heat separation,35.0,7.4,35.0,7.4,Franz cell,"Cross, 2003",10.1046/j.1523-1747.2003.12131.x,CCCCCCCCO,False,130.23100000000002,2.3392000000000013,40.461800000000004,20.23,1,1,6,0,0,9,1.0,58.08807958080182,2.595082706793886,37.832293921787276,1
HuskinDB,2-Amino-4-Nitrophenol,[O-][N+](=O)c1ccc(c(c1)N)O,-6.737,abdomen,epidermis,heat separation,32.0,,32.0,,Glass diffusion cell,"Bronaugh, 1984",10.1111/1523-1747.ep12263302,Nc1cc([N+](=O)[O-])ccc1O,False,154.125,0.8825999999999998,39.173600000000015,89.39,2,4,1,1,1,11,0.0,62.21850329120548,3.1515496683060507,297.8789117242989,5
HuskinDB,4-Amino-2-Nitrophenol,Nc1ccc(c(c1)[N+](=O)[O-])O,-6.109,abdomen,epidermis,heat separation,32.0,,32.0,,Glass diffusion cell,"Bronaugh, 1984",10.1111/1523-1747.ep12263302,Nc1ccc(O)c([N+](=O)[O-])c1,False,154.125,0.8825999999999998,39.17360000000001,89.39,2,4,1,1,1,11,0.0,62.21850329120549,3.232208870305491,297.8789117242989,5
HuskinDB,1-Butanol,CCCCO,-4.703,abdomen,epidermis without stratum corneum,tape-stripped,,,37.0,,Glass diffusion cell,"Chantasart, 2010",10.1007/s11095-010-0181-z,CCCCO,False,74.12299999999999,0.7787999999999999,21.993799999999997,20.23,1,1,2,0,0,5,1.0,32.62831112321538,2.19060968716425,11.119415478763749,1
HuskinDB,1-Octanol,CCCCCCCCO,-4.833,abdomen,epidermis without stratum corneum,tape-stripped,,,37.0,,Glass diffusion cell,"Chantasart, 2010",10.1007/s11095-010-0181-z,CCCCCCCCO,False,130.23100000000002,2.3392000000000013,40.461800000000004,20.23,1,1,6,0,0,9,1.0,58.08807958080182,2.595082706793886,37.832293921787276,1
HuskinDB,1-Octyl-2-Pyrrolidone,CCCCCCCCN1CCCC1=O,-4.81,abdomen,epidermis without stratum corneum,tape-stripped,,,37.0,,Glass diffusion cell,"Chantasart, 2010",10.1007/s11095-010-0181-z,CCCCCCCCN1CCCC1=O,False,197.32199999999997,2.9693000000000014,59.19000000000005,20.310000000000002,0,1,7,0,1,14,0.9166666666666666,87.66913890291015,1.904676693511306,167.70466441100885,2
HuskinDB,1-Octyl-2-Azacycloheptanone,CCCCCCCCN1CCCCCC1=O,-4.674,abdomen,epidermis without stratum corneum,tape-stripped,,,37.0,,Glass diffusion cell,"Chantasart, 2010",10.1007/s11095-010-0181-z,CCCCCCCCN1CCCCCC1=O,False,225.37599999999995,3.749500000000003,68.42400000000005,20.310000000000002,0,1,7,0,1,16,0.9285714285714286,100.39902313170337,2.0374163786819577,191.17436284790148,2
HuskinDB,Amphetamine,CC(Cc1ccccc1)N,-4.577,thigh,dermis,"heat separation, hydrated",,,,7.0,Glass diffusion cell,"Galey, 1976",10.1111/1523-1747.ep12598596,CC(N)Cc1ccccc1,False,135.20999999999998,1.5763,43.79540000000002,26.02,1,1,2,1,1,10,0.3333333333333333,61.866120159699506,2.5872871851548136,179.17957141667623,1
HuskinDB,Estradiol,Oc1ccc2c(c1)CC[C@@H]1[C@@H]2CC[C@]2([C@H]1CC[C@@H]2O)C,-4.815,thigh,dermis,"heat separation, hydrated",,,,7.0,Glass diffusion cell,"Galey, 1976",10.1111/1523-1747.ep12598596,C[C@]12CC[C@@H]3c4ccc(O)cc4CC[C@H]3[C@@H]1CC[C@@H]2O,False,272.3879999999999,3.6092000000000026,78.73060000000005,40.46,2,2,0,1,4,20,0.6666666666666666,120.38168253606061,1.7111998765070118,538.2198018097884,2
HuskinDB,Ouabain,OC[C@@]12[C@H](O)C[C@@H](C[C@@]2(O)CCC2C1[C@H](O)C[C@]1([C@]2(O)CC[C@@H]1C1=CC(=O)OC1)C)O[C@@H]1O[C@@H](C)[C@@H]([C@H]([C@H]1O)O)O,-4.83,thigh,dermis,"heat separation, hydrated",,,,7.0,Glass diffusion cell,"Galey, 1976",10.1111/1523-1747.ep12598596,C[C@@H]1O[C@@H](O[C@H]2C[C@@H](O)[C@]3(CO)C4C(CC[C@]3(O)C2)[C@@]2(O)CC[C@H](C3=CC(=O)OC3)[C@@]2(C)C[C@H]4O)[C@H](O)[C@H](O)[C@H]1O,False,584.6590000000006,-1.5149999999999972,138.59840000000003,206.6,8,12,4,0,6,41,0.896551724137931,238.08906808370742,1.282032874118814,1084.0151789255772,12
HuskinDB,Flufenamic acid,OC(=O)c1ccccc1Nc1cccc(c1)C(F)(F)F,-6.201,abdomen,stratum corneum,trypsinisation,32.0,7.4,32.0,7.4,Franz cell,"Henning, 2008",10.1159/000112958,O=C(O)c1ccccc1Nc1cccc(C(F)(F)F)c1,True,281.23299999999995,4.1472000000000016,68.12800000000001,49.33,2,2,3,2,2,20,0.07142857142857142,112.22060579898074,2.337930511639871,638.3112969345251,6
HuskinDB,Flufenamic acid,OC(=O)c1ccccc1Nc1cccc(c1)C(F)(F)F,-6.094,abdomen,dermis,heat separation,32.0,7.4,32.0,7.4,Franz cell,"Henning, 2008",10.1159/000112958,O=C(O)c1ccccc1Nc1cccc(C(F)(F)F)c1,True,281.23299999999995,4.1472000000000016,68.12800000000001,49.33,2,2,3,2,2,20,0.07142857142857142,112.22060579898074,2.337930511639871,638.3112969345251,6
HuskinDB,Flufenamic acid,OC(=O)c1ccccc1Nc1cccc(c1)C(F)(F)F,-6.111,abdomen,"epidermis, dermis",dermatomed 500um,32.0,7.4,32.0,7.4,Franz cell,"Henning, 2008",10.1159/000112958,O=C(O)c1ccccc1Nc1cccc(C(F)(F)F)c1,True,281.23299999999995,4.1472000000000016,68.12800000000001,49.33,2,2,3,2,2,20,0.07142857142857142,112.22060579898074,2.337930511639871,638.3112969345251,6
HuskinDB,L-alanyl-L-tryptophan,OC(=O)[C@H](Cc1c[nH]c2c1cccc2)NC(=O)[C@@H](N)C,-8.637,abdomen,epidermis,heat separation,35.0,5.5,35.0,,Glass diffusion cell,"Krishnan, 2011",10.1002/bip.21520,C[C@H](N)C(=O)N[C@@H](Cc1c[nH]c2ccccc12)C(=O)O,False,275.30800000000005,0.6269999999999998,75.21860000000004,108.21,4,3,5,2,2,20,0.2857142857142857,115.51891159153045,2.1983805564975145,633.3807660830101,6
HuskinDB,Butyl p-aminobenzoate,CCCCOC(=O)c1ccc(cc1)N,-4.41,thigh,"epidermis, dermis without stratum corneum","dermatomed, tape-stripped",25.0,,25.0,,Flow through cell,"Roy, 1993",10.1002/jps.2600821217,CCCCOC(=O)c1ccc(N)cc1,True,193.24599999999998,2.2257,56.04490000000003,52.32,1,3,4,1,1,14,0.36363636363636365,83.87107171804337,2.4810725342253392,292.660770563408,3
HuskinDB,Methyl p-aminobenzoate,COC(=O)c1ccc(cc1)N,-5.012,thigh,"epidermis, dermis without stratum corneum","dermatomed, tape-stripped",25.0,,25.0,,Flow through cell,"Roy, 1993",10.1002/jps.2600821217,COC(=O)c1ccc(N)cc1,True,151.16500000000002,1.0554,42.19390000000001,52.32,1,3,1,1,1,11,0.125,64.77624537485353,2.8953480359887567,253.29949758389105,3
HuskinDB,1-Pentanol,CCCCCO,-2.778,abdomen,dermis,heat separation,25.0,,,,Pyrex cell,"Scheuplein, 1971",10.1152/physrev.1971.51.4.702,CCCCCO,False,88.14999999999999,1.1689,26.61079999999999,20.23,1,1,3,0,0,6,1.0,38.99325323761199,2.3390923149762908,15.900134529890124,1
HuskinDB,1-Butanol,CCCCO,-6.556,abdomen,dermis,heat separation,25.0,,,,Pyrex cell,"Scheuplein, 1973",10.1111/1523-1747.ep12723090,CCCCO,False,74.12299999999999,0.7787999999999999,21.993799999999997,20.23,1,1,2,0,0,5,1.0,32.62831112321538,2.19060968716425,11.119415478763749,1
HuskinDB,1-Butanol,CCCCO,-5.079,abdomen,dermis,heat separation,25.0,,,,Pyrex cell,"Scheuplein, 1973",10.1111/1523-1747.ep12723090,CCCCO,False,74.12299999999999,0.7787999999999999,21.993799999999997,20.23,1,1,2,0,0,5,1.0,32.62831112321538,2.19060968716425,11.119415478763749,1
HuskinDB,Ethanol,CCO,-5.711,abdomen,dermis,heat separation,25.0,,,,Pyrex cell,"Scheuplein, 1973",10.1111/1523-1747.ep12723090,CCO,False,46.069,-0.0014000000000000123,12.759800000000002,20.23,1,1,0,0,0,3,1.0,19.89842689442217,1.6329931618554523,2.7548875021634682,1
HuskinDB,Ethanol,CCO,-5.012,abdomen,dermis,heat separation,25.0,,,,Pyrex cell,"Scheuplein, 1973",10.1111/1523-1747.ep12723090,CCO,False,46.069,-0.0014000000000000123,12.759800000000002,20.23,1,1,0,0,0,3,1.0,19.89842689442217,1.6329931618554523,2.7548875021634682,1
HuskinDB,1-Heptanol,CCCCCCCO,-5.158,abdomen,dermis,heat separation,25.0,,,,Pyrex cell,"Scheuplein, 1973",10.1111/1523-1747.ep12723090,CCCCCCCO,False,116.204,1.9491,35.84479999999999,20.23,1,1,5,0,0,8,1.0,51.723137466405205,2.53006045688352,29.368065554250645,1
HuskinDB,1-Heptanol,CCCCCCCO,-7.711,abdomen,dermis,heat separation,25.0,,,,Pyrex cell,"Scheuplein, 1973",10.1111/1523-1747.ep12723090,CCCCCCCO,False,116.204,1.9491,35.84479999999999,20.23,1,1,5,0,0,8,1.0,51.723137466405205,2.53006045688352,29.368065554250645,1
HuskinDB,1-Hexanol,CCCCCCO,-5.255,abdomen,dermis,heat separation,25.0,,,,Pyrex cell,"Scheuplein, 1973",10.1111/1523-1747.ep12723090,CCCCCCO,False,102.17699999999999,1.559,31.22779999999998,20.23,1,1,4,0,0,7,1.0,45.35819535200859,2.447472887876344,23.360990398949916,1
HuskinDB,1-Hexanol,CCCCCCO,-7.012,abdomen,dermis,heat separation,25.0,,,,Pyrex cell,"Scheuplein, 1973",10.1111/1523-1747.ep12723090,CCCCCCO,False,102.17699999999999,1.559,31.22779999999998,20.23,1,1,4,0,0,7,1.0,45.35819535200859,2.447472887876344,23.360990398949916,1
HuskinDB,Methanol,CO,-5.195,abdomen,dermis,heat separation,25.0,,,,Pyrex cell,"Scheuplein, 1973",10.1111/1523-1747.ep12723090,CO,False,32.042,-0.3915,8.1428,20.23,1,1,0,0,0,2,1.0,13.533484780025564,1.0,2.0,1
HuskinDB,Methanol,CO,-4.832,abdomen,dermis,heat separation,25.0,,,,Pyrex cell,"Scheuplein, 1973",10.1111/1523-1747.ep12723090,CO,False,32.042,-0.3915,8.1428,20.23,1,1,0,0,0,2,1.0,13.533484780025564,1.0,2.0,1
HuskinDB,1-Octanol,CCCCCCCCO,-5.141,abdomen,dermis,heat separation,25.0,,,,Pyrex cell,"Scheuplein, 1973",10.1111/1523-1747.ep12723090,CCCCCCCCO,False,130.23100000000002,2.3392000000000013,40.461800000000004,20.23,1,1,6,0,0,9,1.0,58.08807958080182,2.595082706793886,37.832293921787276,1
HuskinDB,1-Octanol,CCCCCCCCO,-8.255,abdomen,dermis,heat separation,25.0,,,,Pyrex cell,"Scheuplein, 1973",10.1111/1523-1747.ep12723090,CCCCCCCCO,False,130.23100000000002,2.3392000000000013,40.461800000000004,20.23,1,1,6,0,0,9,1.0,58.08807958080182,2.595082706793886,37.832293921787276,1
HuskinDB,1-Pentanol,CCCCCO,-5.176,abdomen,dermis,heat separation,25.0,,,,Pyrex cell,"Scheuplein, 1973",10.1111/1523-1747.ep12723090,CCCCCO,False,88.14999999999999,1.1689,26.61079999999999,20.23,1,1,3,0,0,6,1.0,38.99325323761199,2.3390923149762908,15.900134529890124,1
HuskinDB,1-Pentanol,CCCCCO,-6.653,abdomen,dermis,heat separation,25.0,,,,Pyrex cell,"Scheuplein, 1973",10.1111/1523-1747.ep12723090,CCCCCO,False,88.14999999999999,1.1689,26.61079999999999,20.23,1,1,3,0,0,6,1.0,38.99325323761199,2.3390923149762908,15.900134529890124,1
HuskinDB,1-Propanol,CCCO,-5.065,abdomen,dermis,heat separation,25.0,,,,Pyrex cell,"Scheuplein, 1973",10.1111/1523-1747.ep12723090,CCCO,False,60.096,0.3887,17.376800000000003,20.23,1,1,1,0,0,4,1.0,26.26336900881878,1.9747448713915894,5.245112497836532,1
HuskinDB,1-Propanol,CCCO,-6.301,abdomen,dermis,heat separation,25.0,,,,Pyrex cell,"Scheuplein, 1973",10.1111/1523-1747.ep12723090,CCCO,False,60.096,0.3887,17.376800000000003,20.23,1,1,1,0,0,4,1.0,26.26336900881878,1.9747448713915894,5.245112497836532,1
HuskinDB,Fentanyl,CCC(=O)N(c1ccccc1)C1CCN(CC1)CCc1ccccc1,-7.079,thigh,"epidermis, dermis",dermatomed,37.0,2.88,37.0,7.4,,"Roy, 1990",10.1023/A:1015912932416,CCC(=O)N(c1ccccc1)C1CCN(CCc2ccccc2)CC1,True,336.47900000000004,4.136700000000004,103.82700000000007,23.550000000000004,0,2,6,2,3,25,0.4090909090909091,150.81327675644837,1.5676321318584887,648.2421416714782,3
HuskinDB,Fentanyl,CCC(=O)N(c1ccccc1)C1CCN(CC1)CCc1ccccc1,-6.442,thigh,"epidermis, dermis",dermatomed,37.0,5.08,37.0,7.4,,"Roy, 1990",10.1023/A:1015912932416,CCC(=O)N(c1ccccc1)C1CCN(CCc2ccccc2)CC1,True,336.47900000000004,4.136700000000004,103.82700000000007,23.550000000000004,0,2,6,2,3,25,0.4090909090909091,150.81327675644837,1.5676321318584887,648.2421416714782,3
HuskinDB,Fentanyl,CCC(=O)N(c1ccccc1)C1CCN(CC1)CCc1ccccc1,-5.849,thigh,"epidermis, dermis",dermatomed,37.0,6.02,37.0,7.4,,"Roy, 1990",10.1023/A:1015912932416,CCC(=O)N(c1ccccc1)C1CCN(CCc2ccccc2)CC1,True,336.47900000000004,4.136700000000004,103.82700000000007,23.550000000000004,0,2,6,2,3,25,0.4090909090909091,150.81327675644837,1.5676321318584887,648.2421416714782,3
HuskinDB,Fentanyl,CCC(=O)N(c1ccccc1)C1CCN(CC1)CCc1ccccc1,-5.705,thigh,"epidermis, dermis",dermatomed,37.0,6.95,37.0,7.4,,"Roy, 1990",10.1023/A:1015912932416,CCC(=O)N(c1ccccc1)C1CCN(CCc2ccccc2)CC1,True,336.47900000000004,4.136700000000004,103.82700000000007,23.550000000000004,0,2,6,2,3,25,0.4090909090909091,150.81327675644837,1.5676321318584887,648.2421416714782,3
HuskinDB,Fentanyl,CCC(=O)N(c1ccccc1)C1CCN(CC1)CCc1ccccc1,-5.452,thigh,"epidermis, dermis",dermatomed,37.0,7.43,37.0,7.4,,"Roy, 1990",10.1023/A:1015912932416,CCC(=O)N(c1ccccc1)C1CCN(CCc2ccccc2)CC1,True,336.47900000000004,4.136700000000004,103.82700000000007,23.550000000000004,0,2,6,2,3,25,0.4090909090909091,150.81327675644837,1.5676321318584887,648.2421416714782,3
HuskinDB,Fentanyl,CCC(=O)N(c1ccccc1)C1CCN(CC1)CCc1ccccc1,-5.206,thigh,"epidermis, dermis",dermatomed,37.0,7.95,37.0,7.4,,"Roy, 1990",10.1023/A:1015912932416,CCC(=O)N(c1ccccc1)C1CCN(CCc2ccccc2)CC1,True,336.47900000000004,4.136700000000004,103.82700000000007,23.550000000000004,0,2,6,2,3,25,0.4090909090909091,150.81327675644837,1.5676321318584887,648.2421416714782,3
HuskinDB,Fentanyl,CCC(=O)N(c1ccccc1)C1CCN(CC1)CCc1ccccc1,-5.115,thigh,"epidermis, dermis",dermatomed,37.0,8.52,37.0,7.4,,"Roy, 1990",10.1023/A:1015912932416,CCC(=O)N(c1ccccc1)C1CCN(CCc2ccccc2)CC1,True,336.47900000000004,4.136700000000004,103.82700000000007,23.550000000000004,0,2,6,2,3,25,0.4090909090909091,150.81327675644837,1.5676321318584887,648.2421416714782,3
HuskinDB,Fentanyl,CCC(=O)N(c1ccccc1)C1CCN(CC1)CCc1ccccc1,-5.013,thigh,"epidermis, dermis",dermatomed,37.0,9.04,37.0,7.4,,"Roy, 1990",10.1023/A:1015912932416,CCC(=O)N(c1ccccc1)C1CCN(CCc2ccccc2)CC1,True,336.47900000000004,4.136700000000004,103.82700000000007,23.550000000000004,0,2,6,2,3,25,0.4090909090909091,150.81327675644837,1.5676321318584887,648.2421416714782,3
HuskinDB,Fentanyl,CCC(=O)N(c1ccccc1)C1CCN(CC1)CCc1ccccc1,-5.039,thigh,"epidermis, dermis",dermatomed,37.0,9.37,37.0,7.4,,"Roy, 1990",10.1023/A:1015912932416,CCC(=O)N(c1ccccc1)C1CCN(CCc2ccccc2)CC1,True,336.47900000000004,4.136700000000004,103.82700000000007,23.550000000000004,0,2,6,2,3,25,0.4090909090909091,150.81327675644837,1.5676321318584887,648.2421416714782,3
HuskinDB,Sufentanil,COCC1(CCN(CC1)CCc1cccs1)N(c1ccccc1)C(=O)CC,-6.894,thigh,"epidermis, dermis",dermatomed,37.0,2.88,37.0,7.4,,"Roy, 1990",10.1023/A:1015912932416,CCC(=O)N(c1ccccc1)C1(COC)CCN(CCc2cccs2)CC1,True,386.56100000000015,4.214800000000004,112.52300000000007,32.78,0,4,8,2,3,27,0.5,166.29706948515997,1.7351879046800742,694.3675613200569,5
HuskinDB,Sufentanil,COCC1(CCN(CC1)CCc1cccs1)N(c1ccccc1)C(=O)CC,-6.158,thigh,"epidermis, dermis",dermatomed,37.0,5.08,37.0,7.4,,"Roy, 1990",10.1023/A:1015912932416,CCC(=O)N(c1ccccc1)C1(COC)CCN(CCc2cccs2)CC1,True,386.56100000000015,4.214800000000004,112.52300000000007,32.78,0,4,8,2,3,27,0.5,166.29706948515997,1.7351879046800742,694.3675613200569,5
HuskinDB,Sufentanil,COCC1(CCN(CC1)CCc1cccs1)N(c1ccccc1)C(=O)CC,-5.764,thigh,"epidermis, dermis",dermatomed,37.0,6.02,37.0,7.4,,"Roy, 1990",10.1023/A:1015912932416,CCC(=O)N(c1ccccc1)C1(COC)CCN(CCc2cccs2)CC1,True,386.56100000000015,4.214800000000004,112.52300000000007,32.78,0,4,8,2,3,27,0.5,166.29706948515997,1.7351879046800742,694.3675613200569,5
HuskinDB,Sufentanil,COCC1(CCN(CC1)CCc1cccs1)N(c1ccccc1)C(=O)CC,-5.552,thigh,"epidermis, dermis",dermatomed,37.0,6.95,37.0,7.4,,"Roy, 1990",10.1023/A:1015912932416,CCC(=O)N(c1ccccc1)C1(COC)CCN(CCc2cccs2)CC1,True,386.56100000000015,4.214800000000004,112.52300000000007,32.78,0,4,8,2,3,27,0.5,166.29706948515997,1.7351879046800742,694.3675613200569,5
HuskinDB,Sufentanil,COCC1(CCN(CC1)CCc1cccs1)N(c1ccccc1)C(=O)CC,-5.36,thigh,"epidermis, dermis",dermatomed,37.0,7.43,37.0,7.4,,"Roy, 1990",10.1023/A:1015912932416,CCC(=O)N(c1ccccc1)C1(COC)CCN(CCc2cccs2)CC1,True,386.56100000000015,4.214800000000004,112.52300000000007,32.78,0,4,8,2,3,27,0.5,166.29706948515997,1.7351879046800742,694.3675613200569,5
HuskinDB,Sufentanil,COCC1(CCN(CC1)CCc1cccs1)N(c1ccccc1)C(=O)CC,-5.193,thigh,"epidermis, dermis",dermatomed,37.0,7.95,37.0,7.4,,"Roy, 1990",10.1023/A:1015912932416,CCC(=O)N(c1ccccc1)C1(COC)CCN(CCc2cccs2)CC1,True,386.56100000000015,4.214800000000004,112.52300000000007,32.78,0,4,8,2,3,27,0.5,166.29706948515997,1.7351879046800742,694.3675613200569,5
HuskinDB,Sufentanil,COCC1(CCN(CC1)CCc1cccs1)N(c1ccccc1)C(=O)CC,-5.082,thigh,"epidermis, dermis",dermatomed,37.0,8.52,37.0,7.4,,"Roy, 1990",10.1023/A:1015912932416,CCC(=O)N(c1ccccc1)C1(COC)CCN(CCc2cccs2)CC1,True,386.56100000000015,4.214800000000004,112.52300000000007,32.78,0,4,8,2,3,27,0.5,166.29706948515997,1.7351879046800742,694.3675613200569,5
HuskinDB,Sufentanil,COCC1(CCN(CC1)CCc1cccs1)N(c1ccccc1)C(=O)CC,-5.018,thigh,"epidermis, dermis",dermatomed,37.0,9.04,37.0,7.4,,"Roy, 1990",10.1023/A:1015912932416,CCC(=O)N(c1ccccc1)C1(COC)CCN(CCc2cccs2)CC1,True,386.56100000000015,4.214800000000004,112.52300000000007,32.78,0,4,8,2,3,27,0.5,166.29706948515997,1.7351879046800742,694.3675613200569,5
HuskinDB,Sufentanil,COCC1(CCN(CC1)CCc1cccs1)N(c1ccccc1)C(=O)CC,-5.029,thigh,"epidermis, dermis",dermatomed,37.0,9.37,37.0,7.4,,"Roy, 1990",10.1023/A:1015912932416,CCC(=O)N(c1ccccc1)C1(COC)CCN(CCc2cccs2)CC1,True,386.56100000000015,4.214800000000004,112.52300000000007,32.78,0,4,8,2,3,27,0.5,166.29706948515997,1.7351879046800742,694.3675613200569,5
HuskinDB,Caffeine,Cn1cnc2c1c(=O)n(C)c(=O)n2C,-7.145,leg,epidermis,heat separation,32.0,,37.0,7.4,Franz cell,"Dias, 1999",10.1016/S0378-5173(99)00067-8,Cn1c(=O)c2c(ncn2C)n(C)c1=O,False,194.194,-1.0293,51.19600000000001,61.82,0,3,0,2,2,14,0.375,79.02895701814934,3.221281081084589,616.5285919942219,6
HuskinDB,Salicylic acid,OC(=O)c1ccccc1O,-6.216,abdomen,"epidermis, dermis",dermatomed 600um,32.0,,,,Franz cell,"Schmook, 2001",10.1016/S0378-5173(00)00665-7,O=C(O)c1ccccc1O,True,138.12199999999999,1.0903999999999998,35.066100000000006,57.53,2,2,1,1,1,10,0.0,57.54633483832936,3.1529414466808685,254.78306142431708,3
HuskinDB,Hydrocortisone,OCC(=O)[C@@]1(O)CC[C@@H]2[C@]1(C)C[C@H](O)[C@H]1[C@H]2CCC2=CC(=O)CC[C@]12C,-9.195,abdomen,"epidermis, dermis",dermatomed 600um,32.0,,,,Franz cell,"Schmook, 2001",10.1016/S0378-5173(00)00665-7,C[C@]12CCC(=O)C=C1CC[C@@H]1[C@@H]2[C@@H](O)C[C@@]2(C)[C@H]1CC[C@]2(O)C(=O)CO,False,362.4660000000002,1.7815999999999996,95.14240000000004,94.83,3,5,2,0,4,26,0.8095238095238095,154.0309111261361,1.7350832012021686,683.8889217536757,5
HuskinDB,Clotrimazole,Clc1ccccc1C(n1cncc1)(c1ccccc1)c1ccccc1,-9.255,abdomen,"epidermis, dermis",dermatomed 600um,32.0,,,,Franz cell,"Schmook, 2001",10.1016/S0378-5173(00)00665-7,Clc1ccccc1C(c1ccccc1)(c1ccccc1)n1ccnc1,False,344.845,5.376700000000004,101.84300000000002,17.82,0,1,4,4,4,25,0.045454545454545456,151.9096739675235,2.153583648156872,908.2706613028778,3
HuskinDB,Terbinafine,CN(Cc1cccc2c1cccc2)CC=CC#CC(C)(C)C,-9.556,abdomen,"epidermis, dermis",dermatomed 600um,32.0,,,,Franz cell,"Schmook, 2001",10.1016/S0378-5173(00)00665-7,CN(CC=CC#CC(C)(C)C)Cc1cccc2ccccc12,False,291.438,4.877300000000004,96.65300000000006,3.24,0,1,4,2,2,22,0.3333333333333333,134.19688693947325,1.9777134332849182,702.4950517709103,1
HuskinDB,Triclosan,Clc1ccc(c(c1)O)Oc1ccc(cc1Cl)Cl,-7.269,"abdomen, breast","epidermis, dermis",dermatomed 230um,,,32.0,7.3,Flow through cell,"Moss, 2000",10.1016/S0278-6915(99)00164-7,Oc1cc(Cl)ccc1Oc1ccc(Cl)cc1Cl,False,289.54499999999996,5.144700000000002,69.65280000000003,29.46,1,2,2,2,2,17,0.0,113.3060749879089,2.3122378354877973,505.9421592432012,5
HuskinDB,Estradiol,Oc1ccc2c(c1)CC[C@@H]1[C@@H]2CC[C@]2([C@H]1CC[C@@H]2O)C,-6.556,abdomen,"epidermis, dermis",dermatomed 500um,32.0,,32.0,,,"Pershing, 1993",10.1023/A:1018974131236,C[C@]12CC[C@@H]3c4ccc(O)cc4CC[C@H]3[C@@H]1CC[C@@H]2O,False,272.3879999999999,3.6092000000000026,78.73060000000005,40.46,2,2,0,1,4,20,0.6666666666666666,120.38168253606061,1.7111998765070118,538.2198018097884,2
HuskinDB,Estradiol,Oc1ccc2c(c1)CC[C@@H]1[C@@H]2CC[C@]2([C@H]1CC[C@@H]2O)C,-5.556,abdomen,"epidermis, dermis",dermatomed 500um,32.0,,32.0,,,"Pershing, 1993",10.1023/A:1018974131236,C[C@]12CC[C@@H]3c4ccc(O)cc4CC[C@H]3[C@@H]1CC[C@@H]2O,False,272.3879999999999,3.6092000000000026,78.73060000000005,40.46,2,2,0,1,4,20,0.6666666666666666,120.38168253606061,1.7111998765070118,538.2198018097884,2
HuskinDB,Lindane,ClC1C(Cl)C(Cl)C(C(C1Cl)Cl)Cl,-8.784,"abdomen, breast","epidermis, dermis",dermatomed 230um,32.0,,,,Static diffusion cell,"Dick, 1997",10.1177/096032719701601104,ClC1C(Cl)C(Cl)C(Cl)C(Cl)C1Cl,False,290.832,3.644400000000001,57.846000000000025,0.0,0,0,0,0,1,12,1.0,101.37772780757338,2.7602520756252087,103.58797503894242,6
HuskinDB,Lindane,ClC1C(Cl)C(Cl)C(C(C1Cl)Cl)Cl,-6.691,"abdomen, breast","epidermis, dermis",dermatomed 230um,32.0,,,,Static diffusion cell,"Dick, 1997",10.1177/096032719701601104,ClC1C(Cl)C(Cl)C(Cl)C(Cl)C1Cl,False,290.832,3.644400000000001,57.846000000000025,0.0,0,0,0,0,1,12,1.0,101.37772780757338,2.7602520756252087,103.58797503894242,6
HuskinDB,Lindane,ClC1C(Cl)C(Cl)C(C(C1Cl)Cl)Cl,-7.109,"abdomen, breast","epidermis, dermis",dermatomed 230um,32.0,,,,Static diffusion cell,"Dick, 1997",10.1177/096032719701601104,ClC1C(Cl)C(Cl)C(Cl)C(Cl)C1Cl,False,290.832,3.644400000000001,57.846000000000025,0.0,0,0,0,0,1,12,1.0,101.37772780757338,2.7602520756252087,103.58797503894242,6
HuskinDB,Lindane,ClC1C(Cl)C(Cl)C(C(C1Cl)Cl)Cl,-7.887,"abdomen, breast","epidermis, dermis",dermatomed 230um,32.0,,,,Static diffusion cell,"Dick, 1997",10.1177/096032719701601104,ClC1C(Cl)C(Cl)C(Cl)C(Cl)C1Cl,False,290.832,3.644400000000001,57.846000000000025,0.0,0,0,0,0,1,12,1.0,101.37772780757338,2.7602520756252087,103.58797503894242,6
HuskinDB,2-Methoxyethanol,COCCO,-6.095,abdomen,epidermis,heat separation,30.0,,30.0,,Glass diffusion cell,"Dugard, 1984",10.1289/ehp.8457193,COCCO,False,76.095,-0.37489999999999996,18.9618,29.46,1,2,2,0,0,5,1.0,31.37691423832566,2.19060968716425,12.36452797660028,2
HuskinDB,2-Ethoxyethanol,OCCOCC,-6.631,abdomen,epidermis,heat separation,30.0,,30.0,,Glass diffusion cell,"Dugard, 1984",10.1289/ehp.8457193,CCOCCO,False,90.122,0.015200000000000047,23.578799999999994,29.46,1,2,3,0,0,6,1.0,37.741856352722266,2.3390923149762908,17.509775004326936,2
HuskinDB,2-Ethoxyethyl acetate,CCOCCOC(=O)C,-6.649,abdomen,epidermis,heat separation,30.0,,30.0,,Glass diffusion cell,"Dugard, 1984",10.1289/ehp.8457193,CCOCCOC(C)=O,False,132.159,0.5860000000000001,33.12599999999999,35.53,0,3,4,0,0,9,0.8333333333333334,54.95257415887011,2.828868134909685,80.37215811651096,3
HuskinDB,2-Butoxyethanol,CCCCOCCO,-7.226,abdomen,epidermis,heat separation,30.0,,30.0,,Glass diffusion cell,"Dugard, 1984",10.1289/ehp.8457193,CCCCOCCO,False,118.17599999999999,0.7953999999999999,32.81279999999998,29.46,1,2,5,0,0,8,1.0,50.471740581515476,2.53006045688352,31.509775004326936,2
HuskinDB,1-Methoxy-2-Propanol,COCC(O)C,-6.459,abdomen,epidermis,heat separation,30.0,,30.0,,Glass diffusion cell,"Dugard, 1984",10.1289/ehp.8457193,COCC(C)O,False,90.122,0.013600000000000112,23.556799999999992,29.46,1,2,2,0,0,6,1.0,37.741856352722266,2.6272148478988635,26.72905595320056,2
HuskinDB,2-(2-Methoxyethoxy)ethanol,COCCOCCO,-7.242,abdomen,epidermis,heat separation,30.0,,30.0,,Glass diffusion cell,"Dugard, 1984",10.1289/ehp.8457193,COCCOCCO,False,120.148,-0.3583,29.780799999999985,38.69,1,3,5,0,0,8,1.0,49.22034369662575,2.53006045688352,32.655022032053594,3
HuskinDB,2-(2-Ethoxyethoxy)ethanol,OCCOCCOCC,-7.436,abdomen,epidermis,heat separation,30.0,,30.0,,Glass diffusion cell,"Dugard, 1984",10.1289/ehp.8457193,CCOCCOCCO,False,134.175,0.031799999999999884,34.39779999999999,38.69,1,3,6,0,0,9,1.0,55.58528581102235,2.595082706793886,41.567631415296866,3
HuskinDB,Diethylene glycol monobutyl ether,CCCCOCCOCCO,-8.004,abdomen,epidermis,heat separation,30.0,,30.0,,Glass diffusion cell,"Dugard, 1984",10.1289/ehp.8457193,CCCCOCCOCCO,False,162.22899999999998,0.812,43.63180000000001,38.69,1,3,8,0,0,11,1.0,68.31517003981556,2.6909155266923976,58.35751032880843,3
HuskinDB,Ethanol,CCO,-7.055,abdomen,,,30.0,,30.0,,,"Scott, 1990",10.1111/1523-1747.ep12475447,CCO,False,46.069,-0.0014000000000000123,12.759800000000002,20.23,1,1,0,0,0,3,1.0,19.89842689442217,1.6329931618554523,2.7548875021634682,1
HuskinDB,Mannitol,OC[C@H]([C@H]([C@@H]([C@@H](CO)O)O)O)O,-7.771,abdomen,,,30.0,,30.0,,,"Scott, 1990",10.1111/1523-1747.ep12475447,OC[C@@H](O)[C@@H](O)[C@H](O)[C@H](O)CO,False,182.172,-3.5854000000000004,38.198800000000006,121.38000000000001,6,6,5,0,0,12,1.0,69.32936411298864,3.9851644508585786,104.6059378176129,6
HuskinDB,Paraquat,C[n+]1ccc(cc1)c1cc[n+](cc1)C,-8.617,abdomen,,,30.0,,30.0,,,"Scott, 1990",10.1111/1523-1747.ep12475447,C[n+]1ccc(-c2cc[n+](C)cc2)cc1,False,186.258,1.0025999999999995,54.23000000000004,7.76,0,0,1,2,2,14,0.16666666666666666,84.07762048943788,2.396509039726096,371.5796467381504,2
HuskinDB,Hydroquinone,Oc1ccc(cc1)O,-8.586,abdomen,stratum corneum,heat separation,,,30.0,7.1,Franz cell,"Barber, 1995",10.1016/0378-4274(95)03393-Y,Oc1ccc(O)cc1,False,110.11199999999998,1.0977999999999999,29.771599999999996,40.46,2,2,0,1,1,8,0.0,47.01987062388899,3.0324555320336755,145.38833891467198,2
HuskinDB,n-Nitrosodiethanolamine,OCCN(N=O)CCO,-5.944,abdomen,"epidermis, dermis",heat separation,32.0,,37.0,7.4,Franz cell,"Brain, 1995",10.1016/0278-6915(94)00146-F,O=NN(CCO)CCO,False,134.13500000000002,-1.0455999999999999,31.539599999999986,73.13000000000001,2,4,5,0,0,9,1.0,52.847246550080214,3.2852998242074736,72.2129994085646,5
HuskinDB,Nicorandil,[O-][N+](=O)OCCNC(=O)c1cccnc1,-7.131,breast,,,,,,,,"Sato, 1991",10.1002/jps.2600800203,O=C(NCCO[N+](=O)[O-])c1cccnc1,False,211.17700000000002,0.01969999999999983,49.51660000000002,94.36,1,5,5,1,1,15,0.25,85.17782117876975,2.282270098685993,340.9998353379908,7
HuskinDB,Methanol,CO,-6.352,abdomen,stratum corneum,"heat separation, hydrated",30.0,,,,Glass diffusion cell,"Southwell, 1984",10.1016/0378-5173(84)90145-5,CO,False,32.042,-0.3915,8.1428,20.23,1,1,0,0,0,2,1.0,13.533484780025564,1.0,2.0,1
HuskinDB,1-Octanol,CCCCCCCCO,-4.771,abdomen,stratum corneum,"heat separation, hydrated",30.0,,,,Glass diffusion cell,"Southwell, 1984",10.1016/0378-5173(84)90145-5,CCCCCCCCO,False,130.23100000000002,2.3392000000000013,40.461800000000004,20.23,1,1,6,0,0,9,1.0,58.08807958080182,2.595082706793886,37.832293921787276,1
HuskinDB,Caffeine,Cn1cnc2c1c(=O)n(C)c(=O)n2C,-6.352,abdomen,stratum corneum,"heat separation, hydrated",30.0,,,,Glass diffusion cell,"Southwell, 1984",10.1016/0378-5173(84)90145-5,Cn1c(=O)c2c(ncn2C)n(C)c1=O,False,194.194,-1.0293,51.19600000000001,61.82,0,3,0,2,2,14,0.375,79.02895701814934,3.221281081084589,616.5285919942219,6
HuskinDB,Methotrexate,OC(=O)CC[C@@H](C(=O)O)NC(=O)c1ccc(cc1)N(Cc1cnc2c(n1)c(N)nc(n2)N)C,-7.007,abdomen,"epidermis, dermis",,,,37.0,,,"Vaidyanathan, 1985",10.1016/0378-5173(85)90106-1,CN(Cc1cnc2nc(N)nc(N)c2n1)c1ccc(C(=O)N[C@@H](CCC(=O)O)C(=O)O)cc1,False,454.44700000000023,0.2684000000000012,118.26160000000004,210.53999999999996,5,10,9,3,3,33,0.25,187.03080174861526,1.674622124193935,1201.0294275064248,13
HuskinDB,Methotrexate,OC(=O)CC[C@@H](C(=O)O)NC(=O)c1ccc(cc1)N(Cc1cnc2c(n1)c(N)nc(n2)N)C,-7.503,abdomen,"epidermis, dermis",,,1.98,37.0,,,"Vaidyanathan, 1985",10.1016/0378-5173(85)90106-1,CN(Cc1cnc2nc(N)nc(N)c2n1)c1ccc(C(=O)N[C@@H](CCC(=O)O)C(=O)O)cc1,False,454.44700000000023,0.2684000000000012,118.26160000000004,210.53999999999996,5,10,9,3,3,33,0.25,187.03080174861526,1.674622124193935,1201.0294275064248,13
HuskinDB,Methotrexate,OC(=O)CC[C@@H](C(=O)O)NC(=O)c1ccc(cc1)N(Cc1cnc2c(n1)c(N)nc(n2)N)C,-7.209,abdomen,"epidermis, dermis",,,2.98,37.0,,,"Vaidyanathan, 1985",10.1016/0378-5173(85)90106-1,CN(Cc1cnc2nc(N)nc(N)c2n1)c1ccc(C(=O)N[C@@H](CCC(=O)O)C(=O)O)cc1,False,454.44700000000023,0.2684000000000012,118.26160000000004,210.53999999999996,5,10,9,3,3,33,0.25,187.03080174861526,1.674622124193935,1201.0294275064248,13
HuskinDB,Methotrexate,OC(=O)CC[C@@H](C(=O)O)NC(=O)c1ccc(cc1)N(Cc1cnc2c(n1)c(N)nc(n2)N)C,-6.613,abdomen,"epidermis, dermis",,,3.87,37.0,,,"Vaidyanathan, 1985",10.1016/0378-5173(85)90106-1,CN(Cc1cnc2nc(N)nc(N)c2n1)c1ccc(C(=O)N[C@@H](CCC(=O)O)C(=O)O)cc1,False,454.44700000000023,0.2684000000000012,118.26160000000004,210.53999999999996,5,10,9,3,3,33,0.25,187.03080174861526,1.674622124193935,1201.0294275064248,13
HuskinDB,Methotrexate,OC(=O)CC[C@@H](C(=O)O)NC(=O)c1ccc(cc1)N(Cc1cnc2c(n1)c(N)nc(n2)N)C,-6.807,abdomen,"epidermis, dermis",,,4.12,37.0,,,"Vaidyanathan, 1985",10.1016/0378-5173(85)90106-1,CN(Cc1cnc2nc(N)nc(N)c2n1)c1ccc(C(=O)N[C@@H](CCC(=O)O)C(=O)O)cc1,False,454.44700000000023,0.2684000000000012,118.26160000000004,210.53999999999996,5,10,9,3,3,33,0.25,187.03080174861526,1.674622124193935,1201.0294275064248,13
HuskinDB,Methotrexate,OC(=O)CC[C@@H](C(=O)O)NC(=O)c1ccc(cc1)N(Cc1cnc2c(n1)c(N)nc(n2)N)C,-6.503,abdomen,"epidermis, dermis",,,5.29,37.0,,,"Vaidyanathan, 1985",10.1016/0378-5173(85)90106-1,CN(Cc1cnc2nc(N)nc(N)c2n1)c1ccc(C(=O)N[C@@H](CCC(=O)O)C(=O)O)cc1,False,454.44700000000023,0.2684000000000012,118.26160000000004,210.53999999999996,5,10,9,3,3,33,0.25,187.03080174861526,1.674622124193935,1201.0294275064248,13
HuskinDB,Methotrexate,OC(=O)CC[C@@H](C(=O)O)NC(=O)c1ccc(cc1)N(Cc1cnc2c(n1)c(N)nc(n2)N)C,-6.84,abdomen,"epidermis, dermis",,,6.34,37.0,,,"Vaidyanathan, 1985",10.1016/0378-5173(85)90106-1,CN(Cc1cnc2nc(N)nc(N)c2n1)c1ccc(C(=O)N[C@@H](CCC(=O)O)C(=O)O)cc1,False,454.44700000000023,0.2684000000000012,118.26160000000004,210.53999999999996,5,10,9,3,3,33,0.25,187.03080174861526,1.674622124193935,1201.0294275064248,13
HuskinDB,2-Phenylphenol,Oc1ccccc1c1ccccc1,-6.355,abdomen,"epidermis, dermis",,,,32.0,,Static diffusion cell,"Cnubben, 2002",10.1006/rtph.2001.1530,Oc1ccccc1-c1ccccc1,False,170.211,3.0592000000000015,53.54280000000003,20.23,1,1,1,2,2,13,0.0,77.28273107775702,2.5360704460016144,392.8790477621569,1
HuskinDB,2-Phenylphenol,Oc1ccccc1c1ccccc1,-5.294,abdomen,epidermis,prepared with NaBr solution,,,32.0,,Static diffusion cell,"Cnubben, 2002",10.1006/rtph.2001.1530,Oc1ccccc1-c1ccccc1,False,170.211,3.0592000000000015,53.54280000000003,20.23,1,1,1,2,2,13,0.0,77.28273107775702,2.5360704460016144,392.8790477621569,1
HuskinDB,Dimethyl Phthalate,COC(=O)c1ccccc1C(=O)OC,-8.035,abdomen,"epidermis, dermis",heat separation,30.0,,30.0,,Glass diffusion cell,"Scott, 1987",10.1289/ehp.8774223,COC(=O)c1ccccc1C(=O)OC,False,194.18599999999995,1.2597999999999998,49.12100000000002,52.60000000000001,0,4,2,1,1,14,0.2,81.44130623618467,3.153839931025287,321.89456038916694,4
HuskinDB,Diethyl Phthalate,CCOC(=O)c1ccccc1C(=O)OCC,-8.499,abdomen,"epidermis, dermis",heat separation,30.0,,30.0,,Glass diffusion cell,"Scott, 1987",10.1289/ehp.8774223,CCOC(=O)c1ccccc1C(=O)OCC,False,222.23999999999995,2.04,58.35500000000003,52.60000000000001,0,4,4,1,1,16,0.3333333333333333,94.17119046497793,2.9975148158911993,347.3600796599688,4
HuskinDB,Dibutyl Phthalate,CCCCOC(=O)c1ccccc1C(=O)OCCCC,-9.195,abdomen,"epidermis, dermis",heat separation,30.0,,30.0,,Glass diffusion cell,"Scott, 1987",10.1289/ehp.8774223,CCCCOC(=O)c1ccccc1C(=O)OCCCC,False,278.348,3.600400000000003,76.82300000000005,52.60000000000001,0,4,8,1,1,20,0.5,119.63095892256436,2.7123913375014235,398.85794216890986,4
HuskinDB,Bis(2-ethylhexyl)phthalate,CCCCC(COC(=O)c1ccccc1C(=O)OCC(CCCC)CC)CC,-8.8,abdomen,"epidermis, dermis",heat separation,30.0,,30.0,,Glass diffusion cell,"Scott, 1987",10.1289/ehp.8774223,CCCCC(CC)COC(=O)c1ccccc1C(=O)OCC(CC)CCCC,False,390.5640000000003,6.433000000000007,113.61900000000009,52.60000000000001,0,4,14,1,1,28,0.6666666666666666,170.55049583773723,2.6905904564648386,530.7228097510646,4
HuskinDB,Etorphine,CCCC(C1CC23C=CC1(OC)C1C43CCN(C2Cc2c4c(O1)c(O)cc2)C)(O)C,-6.0,abdomen,,,37.0,7.3,37.0,7.4,,"Jolicoeur, 1992",10.1023/A:1015877621976,CCCC(C)(O)C1CC23C=CC1(OC)C1Oc4c(O)ccc5c4C12CCN(C)C3C5,True,411.5420000000002,3.1636000000000015,113.89160000000005,62.160000000000004,2,5,4,1,7,30,0.68,178.22193612681127,1.66002680692827,956.7121687334629,5
HuskinDB,"N,N-Diethyl-m-toluamide",CCN(C(=O)c1cccc(c1)C)CC,-6.792,,"epidermis, dermis",,37.0,,37.0,7.4,Franz cell,"Ross, 2000",10.1016/S0168-3659(00)00210-8,CCN(CC)C(=O)c1cccc(C)c1,False,191.274,2.4770200000000004,58.43050000000004,20.310000000000002,0,1,3,1,1,14,0.4166666666666667,85.54241157612375,2.8805938648817375,315.8526973504348,2
HuskinDB,"N,N-Diethyl-m-toluamide",CCN(C(=O)c1cccc(c1)C)CC,-6.78,,"epidermis, dermis",,37.0,,37.0,7.4,Franz cell,"Ross, 2000",10.1016/S0168-3659(00)00210-8,CCN(CC)C(=O)c1cccc(C)c1,False,191.274,2.4770200000000004,58.43050000000004,20.310000000000002,0,1,3,1,1,14,0.4166666666666667,85.54241157612375,2.8805938648817375,315.8526973504348,2
HuskinDB,"N,N-Diethyl-m-toluamide",CCN(C(=O)c1cccc(c1)C)CC,-7.392,,"epidermis, dermis",,37.0,,37.0,7.4,Franz cell,"Ross, 2000",10.1016/S0168-3659(00)00210-8,CCN(CC)C(=O)c1cccc(C)c1,False,191.274,2.4770200000000004,58.43050000000004,20.310000000000002,0,1,3,1,1,14,0.4166666666666667,85.54241157612375,2.8805938648817375,315.8526973504348,2
HuskinDB,"N,N-Diethyl-m-toluamide",CCN(C(=O)c1cccc(c1)C)CC,-7.561,,"epidermis, dermis",,37.0,,37.0,7.4,Franz cell,"Ross, 2000",10.1016/S0168-3659(00)00210-8,CCN(CC)C(=O)c1cccc(C)c1,False,191.274,2.4770200000000004,58.43050000000004,20.310000000000002,0,1,3,1,1,14,0.4166666666666667,85.54241157612375,2.8805938648817375,315.8526973504348,2
HuskinDB,"N,N-Diethyl-m-toluamide",CCN(C(=O)c1cccc(c1)C)CC,-7.477,,"epidermis, dermis",,37.0,,37.0,7.4,Franz cell,"Ross, 2000",10.1016/S0168-3659(00)00210-8,CCN(CC)C(=O)c1cccc(C)c1,False,191.274,2.4770200000000004,58.43050000000004,20.310000000000002,0,1,3,1,1,14,0.4166666666666667,85.54241157612375,2.8805938648817375,315.8526973504348,2
HuskinDB,"N,N-Diethyl-m-toluamide",CCN(C(=O)c1cccc(c1)C)CC,-7.535,,"epidermis, dermis",,37.0,,37.0,7.4,Franz cell,"Ross, 2000",10.1016/S0168-3659(00)00210-8,CCN(CC)C(=O)c1cccc(C)c1,False,191.274,2.4770200000000004,58.43050000000004,20.310000000000002,0,1,3,1,1,14,0.4166666666666667,85.54241157612375,2.8805938648817375,315.8526973504348,2
HuskinDB,"N,N-Diethyl-m-toluamide",CCN(C(=O)c1cccc(c1)C)CC,-7.699,,"epidermis, dermis",,37.0,,37.0,7.4,Franz cell,"Ross, 2000",10.1016/S0168-3659(00)00210-8,CCN(CC)C(=O)c1cccc(C)c1,False,191.274,2.4770200000000004,58.43050000000004,20.310000000000002,0,1,3,1,1,14,0.4166666666666667,85.54241157612375,2.8805938648817375,315.8526973504348,2
HuskinDB,"N,N-Diethyl-m-toluamide",CCN(C(=O)c1cccc(c1)C)CC,-7.474,,"epidermis, dermis",,37.0,,37.0,7.4,Franz cell,"Stinecipher, 1997",10.1080/00984109708984056,CCN(CC)C(=O)c1cccc(C)c1,False,191.274,2.4770200000000004,58.43050000000004,20.310000000000002,0,1,3,1,1,14,0.4166666666666667,85.54241157612375,2.8805938648817375,315.8526973504348,2
HuskinDB,"N,N-Diethyl-m-toluamide",CCN(C(=O)c1cccc(c1)C)CC,-6.446,,"epidermis, dermis",,37.0,,37.0,7.4,Franz cell,"Stinecipher, 1997",10.1080/00984109708984056,CCN(CC)C(=O)c1cccc(C)c1,False,191.274,2.4770200000000004,58.43050000000004,20.310000000000002,0,1,3,1,1,14,0.4166666666666667,85.54241157612375,2.8805938648817375,315.8526973504348,2
HuskinDB,"N,N-Diethyl-m-toluamide",CCN(C(=O)c1cccc(c1)C)CC,-6.954,,"epidermis, dermis",,37.0,,37.0,7.4,Franz cell,"Stinecipher, 1997",10.1080/00984109708984056,CCN(CC)C(=O)c1cccc(C)c1,False,191.274,2.4770200000000004,58.43050000000004,20.310000000000002,0,1,3,1,1,14,0.4166666666666667,85.54241157612375,2.8805938648817375,315.8526973504348,2
HuskinDB,"N,N-Diethyl-m-toluamide",CCN(C(=O)c1cccc(c1)C)CC,-7.158,,"epidermis, dermis",,37.0,,37.0,7.4,Franz cell,"Stinecipher, 1997",10.1080/00984109708984056,CCN(CC)C(=O)c1cccc(C)c1,False,191.274,2.4770200000000004,58.43050000000004,20.310000000000002,0,1,3,1,1,14,0.4166666666666667,85.54241157612375,2.8805938648817375,315.8526973504348,2
HuskinDB,"N,N-Diethyl-m-toluamide",CCN(C(=O)c1cccc(c1)C)CC,-8.352,,"epidermis, dermis",,37.0,,37.0,7.4,Franz cell,"Stinecipher, 1997",10.1080/00984109708984056,CCN(CC)C(=O)c1cccc(C)c1,False,191.274,2.4770200000000004,58.43050000000004,20.310000000000002,0,1,3,1,1,14,0.4166666666666667,85.54241157612375,2.8805938648817375,315.8526973504348,2
HuskinDB,Caffeine,Cn1cnc2c1c(=O)n(C)c(=O)n2C,-6.541,breast,"epidermis, dermis","dermatomed 330um, hydrated",32.0,,37.0,7.4,,"Wilkinson, 2006",10.1007/s00420-005-0056-5,Cn1c(=O)c2c(ncn2C)n(C)c1=O,False,194.194,-1.0293,51.19600000000001,61.82,0,3,0,2,2,14,0.375,79.02895701814934,3.221281081084589,616.5285919942219,6
HuskinDB,Caffeine,Cn1cnc2c1c(=O)n(C)c(=O)n2C,-6.915,breast,"epidermis, dermis",,32.0,,37.0,7.4,,"Wilkinson, 2006",10.1007/s00420-005-0056-5,Cn1c(=O)c2c(ncn2C)n(C)c1=O,False,194.194,-1.0293,51.19600000000001,61.82,0,3,0,2,2,14,0.375,79.02895701814934,3.221281081084589,616.5285919942219,6
HuskinDB,Testosterone,O=C1CC[C@]2(C(=C1)CC[C@@H]1[C@@H]2CC[C@]2([C@H]1CC[C@@H]2O)C)C,-6.898,breast,"epidermis, dermis","dermatomed 330um, hydrated",32.0,,37.0,7.4,,"Wilkinson, 2006",10.1007/s00420-005-0056-5,C[C@]12CC[C@H]3[C@@H](CCC4=CC(=O)CC[C@@]43C)[C@@H]1CC[C@@H]2O,False,288.431,3.879200000000003,82.71680000000005,37.3,1,2,0,0,4,21,0.8421052631578947,127.55103729290711,1.6883496404253646,507.69574308017087,2
HuskinDB,Testosterone,O=C1CC[C@]2(C(=C1)CC[C@@H]1[C@@H]2CC[C@]2([C@H]1CC[C@@H]2O)C)C,-7.903,breast,"epidermis, dermis",,32.0,,37.0,7.4,,"Wilkinson, 2006",10.1007/s00420-005-0056-5,C[C@]12CC[C@H]3[C@@H](CCC4=CC(=O)CC[C@@]43C)[C@@H]1CC[C@@H]2O,False,288.431,3.879200000000003,82.71680000000005,37.3,1,2,0,0,4,21,0.8421052631578947,127.55103729290711,1.6883496404253646,507.69574308017087,2
HuskinDB,Butoxyethanol,CCCCOC(O)C,-5.982,breast,"epidermis, dermis","dermatomed 330um, hydrated",32.0,,37.0,7.4,,"Wilkinson, 2006",10.1007/s00420-005-0056-5,CCCCOC(C)O,False,118.17599999999997,1.1414,32.54079999999998,29.46,1,2,4,0,0,8,1.0,50.471740581515476,2.7158427612932585,43.79319390447952,2
HuskinDB,Butoxyethanol,CCCCOC(O)C,-6.364,breast,"epidermis, dermis",,32.0,,37.0,7.4,,"Wilkinson, 2006",10.1007/s00420-005-0056-5,CCCCOC(C)O,False,118.17599999999997,1.1414,32.54079999999998,29.46,1,2,4,0,0,8,1.0,50.471740581515476,2.7158427612932585,43.79319390447952,2
HuskinDB,Propoxur,CNC(=O)Oc1ccccc1OC(C)C,-6.324,abdomen,"epidermis, dermis",,32.0,,36.0,7.4,,"Wilkinson, 2006",10.1007/s00420-005-0056-5,CNC(=O)Oc1ccccc1OC(C)C,False,209.24499999999998,2.192,57.28970000000004,47.56,1,3,3,1,1,15,0.36363636363636365,89.19458843414556,2.809453207323335,336.3598482774643,4
HuskinDB,Propoxur,CNC(=O)Oc1ccccc1OC(C)C,-5.878,abdomen,"epidermis, dermis",,32.0,,36.0,7.4,,"Wilkinson, 2006",10.1007/s00420-005-0056-5,CNC(=O)Oc1ccccc1OC(C)C,False,209.24499999999998,2.192,57.28970000000004,47.56,1,3,3,1,1,15,0.36363636363636365,89.19458843414556,2.809453207323335,336.3598482774643,4
HuskinDB,Propoxur,CNC(=O)Oc1ccccc1OC(C)C,-5.797,breast,"epidermis, dermis",,32.0,,36.0,7.4,,"Wilkinson, 2006",10.1007/s00420-005-0056-5,CNC(=O)Oc1ccccc1OC(C)C,False,209.24499999999998,2.192,57.28970000000004,47.56,1,3,3,1,1,15,0.36363636363636365,89.19458843414556,2.809453207323335,336.3598482774643,4
HuskinDB,Propoxur,CNC(=O)Oc1ccccc1OC(C)C,-5.912,breast,"epidermis, dermis",,32.0,,36.0,7.4,,"Wilkinson, 2006",10.1007/s00420-005-0056-5,CNC(=O)Oc1ccccc1OC(C)C,False,209.24499999999998,2.192,57.28970000000004,47.56,1,3,3,1,1,15,0.36363636363636365,89.19458843414556,2.809453207323335,336.3598482774643,4
HuskinDB,"4,4'-Methylenedianiline",Nc1ccc(cc1)Cc1ccc(cc1)N,-6.219,abdomen,"epidermis, dermis",fat removed,32.0,,,,Flow through cell,"Kenyon, 2004",10.1016/j.tox.2003.11.004,Nc1ccc(Cc2ccc(N)cc2)cc1,False,198.269,2.4418000000000006,64.51480000000002,52.04,2,2,2,2,2,15,0.07692307692307693,89.53322083398305,2.1467113756182017,385.5980616534615,2
HuskinDB,2-Ethoxyethanol,OCCOCC,-5.647,breast,"epidermis, dermis",dermatomed 330um,,7.4,32.0,7.4,Glass diffusion cell,"Wilkinson, 2002",10.1007/s00420-002-0367-8,CCOCCO,False,90.122,0.015200000000000047,23.578799999999994,29.46,1,2,3,0,0,6,1.0,37.741856352722266,2.3390923149762908,17.509775004326936,2
HuskinDB,2-Ethoxyethanol,OCCOCC,-5.63,breast,"epidermis, dermis",dermatomed 330um,,7.4,32.0,7.4,Glass diffusion cell,"Wilkinson, 2002",10.1007/s00420-002-0367-8,CCOCCO,False,90.122,0.015200000000000047,23.578799999999994,29.46,1,2,3,0,0,6,1.0,37.741856352722266,2.3390923149762908,17.509775004326936,2
HuskinDB,2-Ethoxyethanol,OCCOCC,-5.545,breast,"epidermis, dermis",dermatomed 330um,,7.4,32.0,7.4,Glass diffusion cell,"Wilkinson, 2002",10.1007/s00420-002-0367-8,CCOCCO,False,90.122,0.015200000000000047,23.578799999999994,29.46,1,2,3,0,0,6,1.0,37.741856352722266,2.3390923149762908,17.509775004326936,2
HuskinDB,Propranolol-HCl,OC(COc1cccc2c1cccc2)CNC(C)C.Cl,-4.705,abdomen,epidermis,heat separation,37.0,,37.0,,Vertical flow diffusion cell,"Ghosh, 2000",,CC(C)NCC(O)COc1cccc2ccccc12,False,259.34900000000005,2.5775000000000006,78.58850000000005,41.489999999999995,2,3,6,2,2,19,0.375,113.76036150292278,1.9779417823071141,519.6427894422644,3
HuskinDB,Prazosin hydrochloride,COc1cc2nc(nc(c2cc1OC)N)N1CCN(CC1)C(=O)c1ccco1.Cl,-5.711,abdomen,epidermis,heat separation,37.0,,37.0,,Vertical flow diffusion cell,"Ghosh, 2000",,COc1cc2nc(N3CCN(C(=O)c4ccco4)CC3)nc(N)c2cc1OC,False,383.40800000000024,1.7845999999999997,103.87890000000003,106.95,1,8,4,3,4,28,0.3157894736842105,161.20072132699008,1.5561913356619825,997.2266742298812,9
HuskinDB,Minoxidil,Nc1cc(nc(=N)n1O)N1CCCCC1,-5.477,abdomen,epidermis,heat separation,37.0,,37.0,,Vertical flow diffusion cell,"Ghosh, 2000",,N=c1nc(N2CCCCC2)cc(N)n1O,False,209.25300000000001,0.1723700000000003,55.74260000000002,91.16000000000001,3,5,1,1,2,15,0.5555555555555556,87.432897604594,2.316398284375318,407.4539977349053,6
HuskinDB,Atenolol,OC(COc1ccc(cc1)CC(=O)N)CNC(C)C,-4.764,abdomen,epidermis,heat separation,37.0,,37.0,,Vertical flow diffusion cell,"Ghosh, 2000",,CC(C)NCC(O)COc1ccc(CC(N)=O)cc1,False,266.34099999999995,0.45210000000000006,73.98090000000003,84.57999999999998,3,4,8,1,1,19,0.5,113.30999399703728,2.346203475304779,390.18247960279086,5
SkinPiX,"2,4-Dinitrochlorobenzene",C1=CC(=C(C=C1[N+](=O)[O-])[N+](=O)[O-])Cl,-5.102,"back, thigh","epidermis, dermis",dermatomed,32.0,,,7.4,other type of diffusion cell,"Ellison,CA, 2020",10.1016/j.tiv.2020.104990,O=[N+]([O-])c1ccc(Cl)c([N+](=O)[O-])c1,False,202.55299999999997,2.1564000000000005,44.76080000000001,86.28,0,4,2,1,1,13,0.0,77.04062079137823,3.267052212361692,378.8970430243959,7
SkinPiX,"2,4-Dinitrochlorobenzene",C1=CC(=C(C=C1[N+](=O)[O-])[N+](=O)[O-])Cl,-5.056,"back, thigh",epidermis,heat separation,32.0,,,7.4,other type of diffusion cell,"Ellison,CA, 2020",10.1016/j.tiv.2020.104990,O=[N+]([O-])c1ccc(Cl)c([N+](=O)[O-])c1,False,202.55299999999997,2.1564000000000005,44.76080000000001,86.28,0,4,2,1,1,13,0.0,77.04062079137823,3.267052212361692,378.8970430243959,7
SkinPiX,"2,5-Diaminotoluene",CC1=C(C=CC(=C1)N)N,-6.038,"back, thigh","epidermis, dermis",dermatomed,32.0,,,7.4,other type of diffusion cell,"Ellison,CA, 2020",10.1016/j.tiv.2020.104990,Cc1cc(N)ccc1N,False,122.171,1.1594200000000001,40.0038,52.04,2,2,0,1,1,9,0.14285714285714285,54.476126627919,3.1716780304409156,218.15617759993404,2
SkinPiX,"2,5-Diaminotoluene",CC1=C(C=CC(=C1)N)N,-6.125,"back, thigh",epidermis,heat separation,32.0,,,7.4,other type of diffusion cell,"Ellison,CA, 2020",10.1016/j.tiv.2020.104990,Cc1cc(N)ccc1N,False,122.171,1.1594200000000001,40.0038,52.04,2,2,0,1,1,9,0.14285714285714285,54.476126627919,3.1716780304409156,218.15617759993404,2
SkinPiX,2-(Acetylamino)fluorene,CC(=O)NC1=CC2=C(C=C1)C3=CC=CC=C3C2,-4.726,"back, thigh","epidermis, dermis",dermatomed,32.0,,,7.4,other type of diffusion cell,"Ellison,CA, 2020",10.1016/j.tiv.2020.104990,CC(=O)Nc1ccc2c(c1)Cc1ccccc1-2,False,223.27499999999998,3.2162000000000015,68.98770000000003,29.1,1,1,1,2,3,17,0.13333333333333333,100.2888767988734,2.0368668949211246,601.6208569648081,2
SkinPiX,2-(Acetylamino)fluorene,CC(=O)NC1=CC2=C(C=C1)C3=CC=CC=C3C2,-4.664,"back, thigh",epidermis,heat separation,32.0,,,7.4,other type of diffusion cell,"Ellison,CA, 2020",10.1016/j.tiv.2020.104990,CC(=O)Nc1ccc2c(c1)Cc1ccccc1-2,False,223.27499999999998,3.2162000000000015,68.98770000000003,29.1,1,1,1,2,3,17,0.13333333333333333,100.2888767988734,2.0368668949211246,601.6208569648081,2
SkinPiX,2-Ethylhexyl acrylate,CCCCC(CC)COC(=O)C=C,-5.072,"back, thigh","epidermis, dermis",dermatomed,32.0,,,7.4,other type of diffusion cell,"Ellison,CA, 2020",10.1016/j.tiv.2020.104990,C=CC(=O)OCC(CC)CCCC,False,184.27899999999994,2.9320000000000013,54.462000000000046,26.3,0,2,7,0,0,13,0.7272727272727273,80.97413646916202,3.5789305606878026,152.16926858274718,2
SkinPiX,2-Ethylhexyl acrylate,CCCCC(CC)COC(=O)C=C,-5.381,"back, thigh",epidermis,heat separation,32.0,,,7.4,other type of diffusion cell,"Ellison,CA, 2020",10.1016/j.tiv.2020.104990,C=CC(=O)OCC(CC)CCCC,False,184.27899999999994,2.9320000000000013,54.462000000000046,26.3,0,2,7,0,0,13,0.7272727272727273,80.97413646916202,3.5789305606878026,152.16926858274718,2
SkinPiX,2-Nitro-p-phenylenediamine,C1=CC(=C(C=C1N)[N+](=O)[O-])N,-5.659,"back, thigh","epidermis, dermis",dermatomed,32.0,,,7.4,other type of diffusion cell,"Ellison,CA, 2020",10.1016/j.tiv.2020.104990,Nc1ccc(N)c([N+](=O)[O-])c1,False,153.14100000000002,0.7592000000000001,41.9212,95.18,2,4,1,1,1,11,0.0,62.76416023602219,3.232208870305491,297.8789117242989,5
SkinPiX,2-Nitro-p-phenylenediamine,C1=CC(=C(C=C1N)[N+](=O)[O-])N,-5.829,"back, thigh",epidermis,heat separation,32.0,,,7.4,other type of diffusion cell,"Ellison,CA, 2020",10.1016/j.tiv.2020.104990,Nc1ccc(N)c([N+](=O)[O-])c1,False,153.14100000000002,0.7592000000000001,41.9212,95.18,2,4,1,1,1,11,0.0,62.76416023602219,3.232208870305491,297.8789117242989,5
SkinPiX,"3-Methyl-3H-imidazo[4,5-f]quinolin-2-amine",CN1C2=C(C3=C(C=C2)N=CC=C3)N=C1N,-6.016,"back, thigh","epidermis, dermis",dermatomed,32.0,,,7.4,other type of diffusion cell,"Ellison,CA, 2020",10.1016/j.tiv.2020.104990,Cn1c(N)nc2c3cccnc3ccc21,False,198.22899999999998,1.7037,60.42740000000002,56.730000000000004,1,3,0,3,3,15,0.09090909090909091,86.35799286387936,2.6009884638645255,654.0413933819901,4
SkinPiX,"3-Methyl-3H-imidazo[4,5-f]quinolin-2-amine",CN1C2=C(C3=C(C=C2)N=CC=C3)N=C1N,-5.987,"back, thigh",epidermis,heat separation,32.0,,,7.4,other type of diffusion cell,"Ellison,CA, 2020",10.1016/j.tiv.2020.104990,Cn1c(N)nc2c3cccnc3ccc21,False,198.22899999999998,1.7037,60.42740000000002,56.730000000000004,1,3,0,3,3,15,0.09090909090909091,86.35799286387936,2.6009884638645255,654.0413933819901,4
SkinPiX,4-Amino-3-nitrophenol,C1=CC(=C(C=C1O)[N+](=O)[O-])N,-5.693,"back, thigh","epidermis, dermis",dermatomed,32.0,,,7.4,other type of diffusion cell,"Ellison,CA, 2020",10.1016/j.tiv.2020.104990,Nc1ccc(O)cc1[N+](=O)[O-],False,154.125,0.8825999999999998,39.17360000000001,89.39,2,4,1,1,1,11,0.0,62.21850329120549,3.2322088703054916,297.8789117242989,5
SkinPiX,4-Amino-3-nitrophenol,C1=CC(=C(C=C1O)[N+](=O)[O-])N,-5.823,"back, thigh",epidermis,heat separation,32.0,,,7.4,other type of diffusion cell,"Ellison,CA, 2020",10.1016/j.tiv.2020.104990,Nc1ccc(O)cc1[N+](=O)[O-],False,154.125,0.8825999999999998,39.17360000000001,89.39,2,4,1,1,1,11,0.0,62.21850329120549,3.2322088703054916,297.8789117242989,5
SkinPiX,4-Bromophenyl isocyanate,C1=CC(=CC=C1N=C=O)Br,-5.601,"back, thigh","epidermis, dermis",dermatomed,32.0,,,7.4,other type of diffusion cell,"Ellison,CA, 2020",10.1016/j.tiv.2020.104990,O=C=Nc1ccc(Br)cc1,False,198.01899999999998,2.4164000000000003,41.92350000000001,29.43,0,2,1,1,1,10,0.0,66.72073742543883,2.996027732101816,261.43952526087224,3
SkinPiX,4-Bromophenyl isocyanate,C1=CC(=CC=C1N=C=O)Br,-5.308,"back, thigh",epidermis,heat separation,32.0,,,7.4,other type of diffusion cell,"Ellison,CA, 2020",10.1016/j.tiv.2020.104990,O=C=Nc1ccc(Br)cc1,False,198.01899999999998,2.4164000000000003,41.92350000000001,29.43,0,2,1,1,1,10,0.0,66.72073742543883,2.996027732101816,261.43952526087224,3
SkinPiX,4-Chlorobutyric acid,C(CC(=O)O)CCl,-5.527,"back, thigh","epidermis, dermis",dermatomed,32.0,,,7.4,other type of diffusion cell,"Ellison,CA, 2020",10.1016/j.tiv.2020.104990,O=C(O)CCCCl,False,122.55100000000002,1.09,27.58979999999999,37.3,1,1,3,0,0,7,0.75,47.093099450140826,2.8219389370591843,62.710134480364864,3
SkinPiX,4-Chlorobutyric acid,C(CC(=O)O)CCl,-5.509,"back, thigh",epidermis,heat separation,32.0,,,7.4,other type of diffusion cell,"Ellison,CA, 2020",10.1016/j.tiv.2020.104990,O=C(O)CCCCl,False,122.55100000000002,1.09,27.58979999999999,37.3,1,1,3,0,0,7,0.75,47.093099450140826,2.8219389370591843,62.710134480364864,3
SkinPiX,4-Methylvaleric acid,CC(C)CCC(=O)O,-6.136,"back, thigh","epidermis, dermis",dermatomed,32.0,,,7.4,other type of diffusion cell,"Ellison,CA, 2020",10.1016/j.tiv.2020.104990,CC(C)CCC(=O)O,False,116.15999999999998,1.5072,31.70779999999998,37.3,1,1,3,0,0,8,0.8333333333333334,49.51971745205236,3.0500782919131915,76.59772060569361,2
SkinPiX,4-Methylvaleric acid,CC(C)CCC(=O)O,-6.358,"back, thigh",epidermis,heat separation,32.0,,,7.4,other type of diffusion cell,"Ellison,CA, 2020",10.1016/j.tiv.2020.104990,CC(C)CCC(=O)O,False,116.15999999999998,1.5072,31.70779999999998,37.3,1,1,3,0,0,8,0.8333333333333334,49.51971745205236,3.0500782919131915,76.59772060569361,2
SkinPiX,4-Nitro-o-phenylenediamine,C1=CC(=C(C=C1[N+](=O)[O-])N)N,-5.718,"back, thigh","epidermis, dermis",dermatomed,32.0,,,7.4,other type of diffusion cell,"Ellison,CA, 2020",10.1016/j.tiv.2020.104990,Nc1ccc([N+](=O)[O-])cc1N,False,153.141,0.7592000000000001,41.9212,95.17999999999999,2,4,1,1,1,11,0.0,62.76416023602219,3.1515496683060507,297.8789117242989,5
SkinPiX,4-Nitro-o-phenylenediamine,C1=CC(=C(C=C1[N+](=O)[O-])N)N,-5.684,"back, thigh",epidermis,heat separation,32.0,,,7.4,other type of diffusion cell,"Ellison,CA, 2020",10.1016/j.tiv.2020.104990,Nc1ccc([N+](=O)[O-])cc1N,False,153.141,0.7592000000000001,41.9212,95.17999999999999,2,4,1,1,1,11,0.0,62.76416023602219,3.1515496683060507,297.8789117242989,5
SkinPiX,6-Methylcoumarin,CC1=CC2=C(C=C1)OC(=O)C=C2,-4.85,"back, thigh","epidermis, dermis",dermatomed,32.0,,,7.4,other type of diffusion cell,"Ellison,CA, 2020",10.1016/j.tiv.2020.104990,Cc1ccc2oc(=O)ccc2c1,False,160.172,2.10142,47.22100000000001,30.21,0,2,0,2,2,12,0.1,69.44434868968159,2.873950478406101,468.46742834865574,2
SkinPiX,6-Methylcoumarin,CC1=CC2=C(C=C1)OC(=O)C=C2,-4.888,"back, thigh",epidermis,heat separation,32.0,,,7.4,other type of diffusion cell,"Ellison,CA, 2020",10.1016/j.tiv.2020.104990,Cc1ccc2oc(=O)ccc2c1,False,160.172,2.10142,47.22100000000001,30.21,0,2,0,2,2,12,0.1,69.44434868968159,2.873950478406101,468.46742834865574,2
SkinPiX,7-Ethoxycoumarin,CCOC1=CC2=C(C=C1)C=CC(=O)O2,-4.065,"back, thigh","epidermis, dermis",dermatomed,32.0,,,7.4,other type of diffusion cell,"Ellison,CA, 2020",10.1016/j.tiv.2020.104990,CCOc1ccc2ccc(=O)oc2c1,False,190.19799999999995,2.1917,53.65300000000003,39.44,0,3,2,2,2,14,0.18181818181818182,80.92283603358507,2.5752439161818663,499.10395784297356,3
SkinPiX,7-Ethoxycoumarin,CCOC1=CC2=C(C=C1)C=CC(=O)O2,-4.475,"back, thigh",epidermis,heat separation,32.0,,,7.4,other type of diffusion cell,"Ellison,CA, 2020",10.1016/j.tiv.2020.104990,CCOc1ccc2ccc(=O)oc2c1,False,190.19799999999995,2.1917,53.65300000000003,39.44,0,3,2,2,2,14,0.18181818181818182,80.92283603358507,2.5752439161818663,499.10395784297356,3
SkinPiX,AAPV,N[C@@]([H])(C)C(=O)N[C@@]([H])(C)C(=O)N1[C@@]([H])(CCC1)C(=O)N[C@@]([H])(C(C)C)C(=O)O,-7.38,abdomen,epidermis,heat separation,32.0,,35.0,7.4,static Franz cell,"Namjoshi,S, 2014",10.1007/s11095-014-1420-5,CC(C)[C@H](NC(=O)[C@@H]1CCCN1C(=O)[C@H](C)NC(=O)[C@H](C)N)C(=O)O,False,356.42300000000006,-0.9452999999999949,90.39360000000005,141.82999999999998,4,5,7,0,1,25,0.75,146.84732247705267,2.772371777801921,534.6181163276292,9
SkinPiX,Acetophenone,CC(=O)C1=CC=CC=C1,-5.133,"back, thigh","epidermis, dermis",dermatomed,32.0,,,7.4,other type of diffusion cell,"Ellison,CA, 2020",10.1016/j.tiv.2020.104990,CC(=O)c1ccccc1,False,120.15099999999995,1.8892,36.44650000000001,17.07,0,1,1,1,1,9,0.125,54.32280944833394,2.981454614041131,201.06743705866424,1
SkinPiX,Acetophenone,CC(=O)C1=CC=CC=C1,-5.116,"back, thigh",epidermis,heat separation,32.0,,,7.4,other type of diffusion cell,"Ellison,CA, 2020",10.1016/j.tiv.2020.104990,CC(=O)c1ccccc1,False,120.15099999999995,1.8892,36.44650000000001,17.07,0,1,1,1,1,9,0.125,54.32280944833394,2.981454614041131,201.06743705866424,1
SkinPiX,Aflatoxin B1,COC1=C2C3=C(C(=O)CC3)C(=O)OC2=C4[C@@H]5C=CO[C@@H]5OC4=C1,-7.231,abdomen,"epidermis, dermis",dermatomed,,,32.0,,static Franz cell,"Boonen,J, 2012",10.1016/j.tox.2012.06.012,COc1cc2c(c3oc(=O)c4c(c13)CCC4=O)[C@@H]1C=CO[C@@H]1O2,False,312.277,2.2764999999999995,79.06950000000002,74.97,0,6,1,2,5,23,0.29411764705882354,129.7940047862503,1.9425915503617333,967.4330290969925,6
SkinPiX,Aflatoxin B1,COC1=C2C3=C(C(=O)CC3)C(=O)OC2=C4[C@@H]5C=CO[C@@H]5OC4=C1,-7.232,abdomen,"epidermis, dermis",dermatomed,,,32.0,,static Franz cell,"De,Spiegeleer,B, 2013",10.1016/j.jep.2013.03.076,COc1cc2c(c3oc(=O)c4c(c13)CCC4=O)[C@@H]1C=CO[C@@H]1O2,False,312.277,2.2764999999999995,79.06950000000002,74.97,0,6,1,2,5,23,0.29411764705882354,129.7940047862503,1.9425915503617333,967.4330290969925,6
SkinPiX,Aminopyrine,CC1=C(C(=O)N(N1C)C2=CC=CC=C2)N(C)C,-6.481,abdomen,"epidermis, dermis",,,7.4,32.0,7.4,static Franz cell,"Uchida,T, 2015",10.1016/j.ejps.2014.11.002,Cc1c(N(C)C)c(=O)n(-c2ccccc2)n1C,True,231.29900000000004,1.55042,70.07400000000003,30.17,0,2,2,2,2,17,0.3076923076923077,100.68682649695076,2.73026047273788,578.7023102137921,4
SkinPiX,Basic Red 76 (chloride salt),C[N+](C)(C)C1=CC2=C(C=C1)C=CC(=C2N=NC3=CC=CC=C3OC)O.[Cl-],-6.61,"back, thigh","epidermis, dermis",dermatomed,32.0,,,7.4,other type of diffusion cell,"Ellison,CA, 2020",10.1016/j.tiv.2020.104990,COc1ccccc1N=Nc1c(O)ccc2ccc([N+](C)(C)C)cc12,False,336.4150000000001,5.166100000000005,102.34880000000004,54.18000000000001,1,4,4,3,3,25,0.2,146.9542922978733,2.140995641271161,943.3143977640311,5
SkinPiX,Basic Red 76 (chloride salt),C[N+](C)(C)C1=CC2=C(C=C1)C=CC(=C2N=NC3=CC=CC=C3OC)O.[Cl-],-6.328,"back, thigh",epidermis,heat separation,32.0,,,7.4,other type of diffusion cell,"Ellison,CA, 2020",10.1016/j.tiv.2020.104990,COc1ccccc1N=Nc1c(O)ccc2ccc([N+](C)(C)C)cc12,False,336.4150000000001,5.166100000000005,102.34880000000004,54.18000000000001,1,4,4,3,3,25,0.2,146.9542922978733,2.140995641271161,943.3143977640311,5
SkinPiX,Benzene,C1=CC=CC=C1,-3.745,breast,epidermis,heat separation,32.0,,,7.4,static Franz cell,"Frasch,HF, 2017",10.1038/jes.2017.10,c1ccccc1,False,78.11399999999999,1.6866,26.441999999999993,0.0,0,0,0,1,1,6,0.0,37.43140311949697,3.000000000000001,71.96100505779535,0
SkinPiX,Benzoic acid,C1=CC=C(C=C1)C(=O)O,-6.038,"abdomen, breast","epidermis, dermis",full thickness skin without fat,32.0,,32.0,,static Franz cell,"Nielsen,JB, 2012",10.1016/j.scitotenv.2011.12.037,O=C(O)c1ccccc1,False,122.12299999999996,1.3848,33.4013,37.3,1,1,1,1,1,9,0.0,52.75210108613335,2.981454614041131,203.415952604261,2
SkinPiX,Benzoic acid,C1=CC=C(C=C1)C(=O)O,-5.933,"abdomen, breast","epidermis, dermis",full thickness skin without fat,32.0,,32.0,,static Franz cell,"Nielsen,JB, 2012",10.1016/j.scitotenv.2011.12.037,O=C(O)c1ccccc1,False,122.12299999999996,1.3848,33.4013,37.3,1,1,1,1,1,9,0.0,52.75210108613335,2.981454614041131,203.415952604261,2
SkinPiX,Benzoic acid,C1=CC=C(C=C1)C(=O)O,-5.023,"back, thigh","epidermis, dermis",dermatomed,32.0,,,7.4,other type of diffusion cell,"Ellison,CA, 2020",10.1016/j.tiv.2020.104990,O=C(O)c1ccccc1,False,122.12299999999996,1.3848,33.4013,37.3,1,1,1,1,1,9,0.0,52.75210108613335,2.981454614041131,203.415952604261,2
SkinPiX,Benzoic acid,C1=CC=C(C=C1)C(=O)O,-4.981,"back, thigh",epidermis,heat separation,32.0,,,7.4,other type of diffusion cell,"Ellison,CA, 2020",10.1016/j.tiv.2020.104990,O=C(O)c1ccccc1,False,122.12299999999996,1.3848,33.4013,37.3,1,1,1,1,1,9,0.0,52.75210108613335,2.981454614041131,203.415952604261,2
SkinPiX,Benzophenone,C1=CC=C(C=C1)C(=O)C2=CC=CC=C2,-3.3,"back, thigh","epidermis, dermis",dermatomed,32.0,,,7.4,other type of diffusion cell,"Ellison,CA, 2020",10.1016/j.tiv.2020.104990,O=C(c1ccccc1)c1ccccc1,False,182.222,2.917600000000001,56.316500000000026,17.07,0,1,2,2,2,14,0.0,83.01496154000138,2.348637604509715,376.003255415297,1
SkinPiX,Benzophenone,C1=CC=C(C=C1)C(=O)C2=CC=CC=C2,-3.569,"back, thigh",epidermis,heat separation,32.0,,,7.4,other type of diffusion cell,"Ellison,CA, 2020",10.1016/j.tiv.2020.104990,O=C(c1ccccc1)c1ccccc1,False,182.222,2.917600000000001,56.316500000000026,17.07,0,1,2,2,2,14,0.0,83.01496154000138,2.348637604509715,376.003255415297,1
SkinPiX,Benzyl bromide,C1=CC=C(C=C1)CBr,-5.222,"back, thigh","epidermis, dermis",dermatomed,32.0,,,7.4,other type of diffusion cell,"Ellison,CA, 2020",10.1016/j.tiv.2020.104990,BrCc1ccccc1,False,171.037,2.5815,39.07300000000002,0.0,0,0,1,1,1,8,0.14285714285714285,57.66389283953493,2.8320858350070908,145.73281445033504,1
SkinPiX,Benzyl bromide,C1=CC=C(C=C1)CBr,-5.448,"back, thigh",epidermis,heat separation,32.0,,,7.4,other type of diffusion cell,"Ellison,CA, 2020",10.1016/j.tiv.2020.104990,BrCc1ccccc1,False,171.037,2.5815,39.07300000000002,0.0,0,0,1,1,1,8,0.14285714285714285,57.66389283953493,2.8320858350070908,145.73281445033504,1
SkinPiX,Benzylideneacetone,CC(=O)/C=C/C1=CC=CC=C1,-4.894,"back, thigh","epidermis, dermis",dermatomed,32.0,,,7.4,other type of diffusion cell,"Ellison,CA, 2020",10.1016/j.tiv.2020.104990,CC(=O)/C=C/c1ccccc1,False,146.189,2.2888,46.157000000000025,17.07,0,1,2,1,1,11,0.1,66.3630906449429,2.7217735540687813,259.461083124702,1
SkinPiX,Benzylideneacetone,CC(=O)/C=C/C1=CC=CC=C1,-4.675,"back, thigh",epidermis,heat separation,32.0,,,7.4,other type of diffusion cell,"Ellison,CA, 2020",10.1016/j.tiv.2020.104990,CC(=O)/C=C/c1ccccc1,False,146.189,2.2888,46.157000000000025,17.07,0,1,2,1,1,11,0.1,66.3630906449429,2.7217735540687813,259.461083124702,1
SkinPiX,Bisphenol A,CC(C)(C1=CC=C(C=C1)O)C2=CC=C(C=C2)O,-7.588,abdomen,"epidermis, dermis",dermatomed,32.0,,32.5,7.2,static Franz cell,"Champmartin,C, 2020",10.1016/j.chemosphere.2020.126525,CC(C)(c1ccc(O)cc1)c1ccc(O)cc1,False,228.291,3.423700000000002,68.34160000000003,40.46,2,2,2,2,2,17,0.2,101.17179117314286,2.412580781491558,447.94995845416787,2
SkinPiX,Bisphenol A,CC(C)(C1=CC=C(C=C1)O)C2=CC=C(C=C2)O,-7.889,abdomen,"epidermis, dermis",dermatomed,32.0,,32.5,7.2,static Franz cell,"Champmartin,C, 2020",10.1016/j.chemosphere.2020.126525,CC(C)(c1ccc(O)cc1)c1ccc(O)cc1,False,228.291,3.423700000000002,68.34160000000003,40.46,2,2,2,2,2,17,0.2,101.17179117314286,2.412580781491558,447.94995845416787,2
SkinPiX,Bisphenol S,C1=CC(=CC=C1O)S(=O)(=O)C2=CC=C(C=C2)O,-9.745,abdomen,"epidermis, dermis",dermatomed,32.0,,32.5,7.2,static Franz cell,"Champmartin,C, 2020",10.1016/j.chemosphere.2020.126525,O=S(=O)(c1ccc(O)cc1)c1ccc(O)cc1,False,250.275,1.9305999999999996,61.665400000000034,74.60000000000001,2,4,2,2,2,17,0.0,98.70236321173964,2.496128967193728,561.0601341830188,5
SkinPiX,Bisphenol S,C1=CC(=CC=C1O)S(=O)(=O)C2=CC=C(C=C2)O,-9.141,abdomen,"epidermis, dermis",dermatomed,32.0,,32.5,7.2,static Franz cell,"Champmartin,C, 2020",10.1016/j.chemosphere.2020.126525,O=S(=O)(c1ccc(O)cc1)c1ccc(O)cc1,False,250.275,1.9305999999999996,61.665400000000034,74.60000000000001,2,4,2,2,2,17,0.0,98.70236321173964,2.496128967193728,561.0601341830188,5
SkinPiX,Bisphenol S,C1=CC(=CC=C1O)S(=O)(=O)C2=CC=C(C=C2)O,-8.131,abdomen,"epidermis, dermis",dermatomed,32.0,,32.5,7.2,static Franz cell,"Champmartin,C, 2020",10.1016/j.chemosphere.2020.126525,O=S(=O)(c1ccc(O)cc1)c1ccc(O)cc1,False,250.275,1.9305999999999996,61.665400000000034,74.60000000000001,2,4,2,2,2,17,0.0,98.70236321173964,2.496128967193728,561.0601341830188,5
SkinPiX,C6(D)-Laa-AAPV,[H][C@@](C)(NC(=O)[C@]([H])(C)N(C)C(=O)[C@H](N)CCCCCC)C(=O)N1CCC[C@@]1([H])C(=O)N[C@@]([H])(C(C)C)C(O)=O,-6.675,abdomen,epidermis,heat separation,32.0,,35.0,7.4,static Franz cell,"Namjoshi,S, 2014",10.1007/s11095-014-1420-5,CCCCCC[C@@H](N)C(=O)N(C)[C@@H](C)C(=O)N[C@@H](C)C(=O)N1CCC[C@H]1C(=O)N[C@H](C(=O)O)C(C)C,False,511.6640000000004,0.8521000000000056,135.71059999999997,162.14,4,6,14,0,1,36,0.8,214.05315727686929,2.7111398748588935,788.9014798287916,11
SkinPiX,C6(L)-Laa-AAPV,[H][C@@](C)(NC(=O)[C@]([H])(C)N(C)C(=O)[C@@H](N)CCCCCC)C(=O)N1CCC[C@@]1([H])C(=O)N[C@@]([H])(C(C)C)C(O)=O,-7.352,abdomen,epidermis,heat separation,32.0,,35.0,7.4,static Franz cell,"Namjoshi,S, 2014",10.1007/s11095-014-1420-5,CCCCCC[C@H](N)C(=O)N(C)[C@@H](C)C(=O)N[C@@H](C)C(=O)N1CCC[C@H]1C(=O)N[C@H](C(=O)O)C(C)C,False,511.6640000000004,0.8521000000000056,135.71059999999997,162.14,4,6,14,0,1,36,0.8,214.05315727686929,2.7111398748588935,788.9014798287916,11
SkinPiX,C8(D)-Laa-AAPV,[H][C@@](C)(NC(=O)[C@]([H])(C)N(C)C(=O)[C@H](N)CCCCCCCC)C(=O)N1CCC[C@@]1([H])C(=O)N[C@@]([H])(C(C)C)C(O)=O,-5.278,abdomen,epidermis,heat separation,32.0,,35.0,7.4,static Franz cell,"Namjoshi,S, 2014",10.1007/s11095-014-1420-5,CCCCCCCC[C@@H](N)C(=O)N(C)[C@@H](C)C(=O)N[C@@H](C)C(=O)N1CCC[C@H]1C(=O)N[C@H](C(=O)O)C(C)C,False,539.7180000000002,1.6323000000000052,144.94459999999992,162.14,4,6,16,0,1,38,0.8148148148148148,226.7830415056625,2.64817572340368,819.7798912289945,11
SkinPiX,"C8(D,L)-Laa-AAPV",[H][C@@](C)(NC(=O)[C@]([H])(C)N(C)C(=O)C(N)CCCCCCCC)C(=O)N1CCC[C@@]1([H])C(=O)N[C@@]([H])(C(C)C)C(O)=O,-6.038,abdomen,epidermis,heat separation,32.0,,35.0,7.4,static Franz cell,"Namjoshi,S, 2014",10.1007/s11095-014-1420-5,CCCCCCCCC(N)C(=O)N(C)[C@@H](C)C(=O)N[C@@H](C)C(=O)N1CCC[C@H]1C(=O)N[C@H](C(=O)O)C(C)C,False,539.7180000000002,1.6323000000000052,144.94459999999992,162.14,4,6,16,0,1,38,0.8148148148148148,226.7830415056625,2.64817572340368,819.7798912289945,11
SkinPiX,C8(L)-Laa-AAPV,[H][C@@](C)(NC(=O)[C@]([H])(C)N(C)C(=O)[C@@H](N)CCCCCCCC)C(=O)N1CCC[C@@]1([H])C(=O)N[C@@]([H])(C(C)C)C(O)=O,-6.903,abdomen,epidermis,heat separation,32.0,,35.0,7.4,static Franz cell,"Namjoshi,S, 2014",10.1007/s11095-014-1420-5,CCCCCCCC[C@H](N)C(=O)N(C)[C@@H](C)C(=O)N[C@@H](C)C(=O)N1CCC[C@H]1C(=O)N[C@H](C(=O)O)C(C)C,False,539.7180000000002,1.6323000000000052,144.94459999999992,162.14,4,6,16,0,1,38,0.8148148148148148,226.7830415056625,2.64817572340368,819.7798912289945,11
SkinPiX,"C10(D,L)-Laa-AAPV",[H][C@@](C)(NC(=O)[C@]([H])(C)N(C)C(=O)C(N)CCCCCCCCCC)C(=O)N1CCC[C@@]1([H])C(=O)N[C@@]([H])(C(C)C)C(O)=O,-6.094,abdomen,epidermis,heat separation,32.0,,35.0,7.4,static Franz cell,"Namjoshi,S, 2014",10.1007/s11095-014-1420-5,CCCCCCCCCCC(N)C(=O)N(C)[C@@H](C)C(=O)N[C@@H](C)C(=O)N1CCC[C@H]1C(=O)N[C@H](C(=O)O)C(C)C,False,567.7720000000003,2.412500000000006,154.17859999999982,162.14,4,6,18,0,1,40,0.8275862068965517,239.51292573445573,2.5801016894387248,850.7712058680772,11
SkinPiX,Caffeine,CN1C=NC2=C1C(=O)N(C(=O)N2C)C,-7.232,,"epidermis, dermis",dermatomed,,,32.0,,static Franz cell,"Veryser,L, 2014",10.1159/000365730,Cn1c(=O)c2c(ncn2C)n(C)c1=O,False,194.194,-1.0293,51.19600000000001,61.82,0,3,0,2,2,14,0.375,79.02895701814934,3.221281081084589,616.5285919942219,6
SkinPiX,Caffeine,CN1C=NC2=C1C(=O)N(C(=O)N2C)C,-7.372,breast,epidermis,heat separation,32.0,,37.0,7.4,static Franz cell,"Barbero,AM, 2015",10.1159/000441038,Cn1c(=O)c2c(ncn2C)n(C)c1=O,False,194.194,-1.0293,51.19600000000001,61.82,0,3,0,2,2,14,0.375,79.02895701814934,3.221281081084589,616.5285919942219,6
SkinPiX,Caffeine,CN1C=NC2=C1C(=O)N(C(=O)N2C)C,-7.246,abdomen,"epidermis, dermis",dermatomed,,,32.0,7.4,static Franz cell,"Haltner-Ukomadu,E, 2019",10.1002/bdd.2194,Cn1c(=O)c2c(ncn2C)n(C)c1=O,False,194.194,-1.0293,51.19600000000001,61.82,0,3,0,2,2,14,0.375,79.02895701814934,3.221281081084589,616.5285919942219,6
SkinPiX,Caffeine,CN1C=NC2=C1C(=O)N(C(=O)N2C)C,-6.745,abdomen,"epidermis, dermis",,,7.4,32.0,7.4,static Franz cell,"Uchida,T, 2015",10.1016/j.ejps.2014.11.002,Cn1c(=O)c2c(ncn2C)n(C)c1=O,False,194.194,-1.0293,51.19600000000001,61.82,0,3,0,2,2,14,0.375,79.02895701814934,3.221281081084589,616.5285919942219,6
SkinPiX,Caffeine,CN1C=NC2=C1C(=O)N(C(=O)N2C)C,-4.298,"back, thigh","epidermis, dermis",dermatomed,32.0,,,7.4,other type of diffusion cell,"Ellison,CA, 2020",10.1016/j.tiv.2020.104990,Cn1c(=O)c2c(ncn2C)n(C)c1=O,False,194.194,-1.0293,51.19600000000001,61.82,0,3,0,2,2,14,0.375,79.02895701814934,3.221281081084589,616.5285919942219,6
SkinPiX,Caffeine,CN1C=NC2=C1C(=O)N(C(=O)N2C)C,-6.163,"back, thigh",epidermis,heat separation,32.0,,,7.4,other type of diffusion cell,"Ellison,CA, 2020",10.1016/j.tiv.2020.104990,Cn1c(=O)c2c(ncn2C)n(C)c1=O,False,194.194,-1.0293,51.19600000000001,61.82,0,3,0,2,2,14,0.375,79.02895701814934,3.221281081084589,616.5285919942219,6
SkinPiX,Calcein,C1=CC=C2C(=C1)C(=O)OC23C4=C(C=C(C(=C4)CN(CC(=O)O)CC(=O)O)O)OC5=C3C=C(C(=C5)O)CN(CC(=O)O)CC(=O)O,-7.616,abdomen,"epidermis, dermis",full thickness skin without fat,,,37.0,7.4,static Franz cell,"Ntimenou,V, 2012",10.1166/jbn.2012.1426,O=C(O)CN(CC(=O)O)Cc1cc2c(cc1O)Oc1cc(O)c(CN(CC(=O)O)CC(=O)O)cc1C21OC(=O)c2ccccc21,False,622.5390000000003,1.6082,149.1242999999999,231.66999999999996,6,11,12,3,5,45,0.23333333333333334,253.23300541014126,1.6903584161458456,1626.2839304970937,15
SkinPiX,Calcein,C1=CC=C2C(=C1)C(=O)OC23C4=C(C=C(C(=C4)CN(CC(=O)O)CC(=O)O)O)OC5=C3C=C(C(=C5)O)CN(CC(=O)O)CC(=O)O,-8.652,abdomen,"epidermis, dermis",full thickness skin without fat,,,37.0,7.4,static Franz cell,"Xenikakis,I, 2019",10.1016/j.ejps.2019.104976,O=C(O)CN(CC(=O)O)Cc1cc2c(cc1O)Oc1cc(O)c(CN(CC(=O)O)CC(=O)O)cc1C21OC(=O)c2ccccc21,False,622.5390000000003,1.6082,149.1242999999999,231.66999999999996,6,11,12,3,5,45,0.23333333333333334,253.23300541014126,1.6903584161458456,1626.2839304970937,15
SkinPiX,Calcein,C1=CC=C2C(=C1)C(=O)OC23C4=C(C=C(C(=C4)CN(CC(=O)O)CC(=O)O)O)OC5=C3C=C(C(=C5)O)CN(CC(=O)O)CC(=O)O,-8.046,abdomen,"epidermis, dermis",,,,,,static Franz cell,"Ternullo S, 2017",10.1016/j.ejps.2016.10.003,O=C(O)CN(CC(=O)O)Cc1cc2c(cc1O)Oc1cc(O)c(CN(CC(=O)O)CC(=O)O)cc1C21OC(=O)c2ccccc21,False,622.5390000000003,1.6082,149.1242999999999,231.66999999999996,6,11,12,3,5,45,0.23333333333333334,253.23300541014126,1.6903584161458456,1626.2839304970937,15
SkinPiX,Carbendazim,COC(=O)NC1=NC2=CC=CC=C2N1,-6.025,abdomen,"epidermis, dermis",dermatomed,32.0,,32.0,7.4,static Franz cell,"Bányiová,K, 2016",10.1016/j.chemosphere.2015.11.018,COC(=O)Nc1nc2ccccc2[nH]1,False,191.19000000000003,1.7411999999999996,52.12140000000001,67.00999999999999,2,3,1,2,2,14,0.1111111111111111,80.09668979514488,2.3104906039484137,430.77993566168885,5
SkinPiX,Chlorpromazine hydrochloride,CN(C)CCCN1C2=CC=CC=C2SC3=C1C=C(C=C3)Cl.Cl,-7.899,abdomen,"epidermis, dermis",full thickness skin without fat,,,,,static Franz cell,"Alsaab,H, 2015",10.3109/03639045.2015.1122610,CN(C)CCCN1c2ccccc2Sc2ccc(Cl)cc21,False,318.8730000000001,4.894400000000004,92.19400000000006,6.48,0,3,4,2,3,21,0.29411764705882354,135.25342033666848,1.9437632658356148,642.4372765270095,4
SkinPiX,Cinnamyl alcohol,C1=CC=C(C=C1)/C=C/CO,-5.023,"back, thigh","epidermis, dermis",dermatomed,32.0,,,7.4,other type of diffusion cell,"Ellison,CA, 2020",10.1016/j.tiv.2020.104990,OC/C=C/c1ccccc1,False,134.178,1.6921,42.56180000000003,20.23,1,1,2,1,1,10,0.1111111111111111,60.63086018269854,2.6706454809601627,201.22806798157623,1
SkinPiX,Cinnamyl alcohol,C1=CC=C(C=C1)/C=C/CO,-5.035,"back, thigh",epidermis,heat separation,32.0,,,7.4,other type of diffusion cell,"Ellison,CA, 2020",10.1016/j.tiv.2020.104990,OC/C=C/c1ccccc1,False,134.178,1.6921,42.56180000000003,20.23,1,1,2,1,1,10,0.1111111111111111,60.63086018269854,2.6706454809601627,201.22806798157623,1
SkinPiX,Citrinin,C[C@@H]1[C@H](OC=C2C1=C(C(=C(C2=O)C(=O)O)O)C)C,-6.887,abdomen,"epidermis, dermis",dermatomed,,,32.0,,static Franz cell,"Boonen,J, 2012",10.1016/j.tox.2012.06.012,CC1=C2C(=CO[C@H](C)[C@H]2C)C(=O)C(C(=O)O)=C1O,False,250.24999999999994,1.7209999999999999,62.79160000000002,83.83000000000001,2,4,1,0,2,18,0.38461538461538464,104.0631419309641,2.69225093198658,535.5848579389813,5
SkinPiX,Citrinin,C[C@@H]1[C@H](OC=C2C1=C(C(=C(C2=O)C(=O)O)O)C)C,-6.887,abdomen,"epidermis, dermis",dermatomed,,,32.0,,static Franz cell,"De,Spiegeleer,B, 2013",10.1016/j.jep.2013.03.076,CC1=C2C(=CO[C@H](C)[C@H]2C)C(=O)C(C(=O)O)=C1O,False,250.24999999999994,1.7209999999999999,62.79160000000002,83.83000000000001,2,4,1,0,2,18,0.38461538461538464,104.0631419309641,2.69225093198658,535.5848579389813,5
SkinPiX,Clonidine hydrochloride,C1CN=C(N1)NC2=C(C=CC=C2Cl)Cl.Cl,-8.117,thigh,"epidermis, dermis",dermatomed,32.0,,,7.4,other type of diffusion cell,"Hui,X, 2011",10.1111/j.1600-0846.2011.00541.x,Clc1cccc(Cl)c1NC1=NCCN1,False,230.09799999999998,2.3644999999999996,60.38940000000001,36.42,2,3,1,1,2,14,0.2222222222222222,92.12197761599711,2.2296355832661514,356.0698580865507,5
SkinPiX,Codeine,CN1CC[C@]23[C@@H]4[C@H]1CC5=C2C(=C(C=C5)OC)O[C@H]3[C@H](C=C4)O,-6.762170966,abdomen,epidermis,heat separation,32.0,,37.0,6.5,static Franz cell,"Musazzi,UM, 2015",10.1016/j.ijpharm.2015.04.071,COc1ccc2c3c1OC1C(O)C=CC4C(C2)N(C)CCC341,True,299.3700000000001,1.5010999999999999,82.46380000000003,41.93,1,4,1,1,5,22,0.5555555555555556,129.87893872736822,1.8223654238415257,685.154996148535,4
SkinPiX,Cyclophosphamide monohydrate,C1CNP(=O)(OC1)N(CCCl)CCCl.O,-6.375,"back, thigh","epidermis, dermis",dermatomed,32.0,,,7.4,other type of diffusion cell,"Ellison,CA, 2020",10.1016/j.tiv.2020.104990,O=P1(N(CCCl)CCCl)NCCCO1,False,261.089,1.884,59.19120000000003,41.57000000000001,1,2,5,0,1,14,1.0,94.44153500749829,2.5822640284816734,201.8664756744443,7
SkinPiX,Cyclophosphamide monohydrate,C1CNP(=O)(OC1)N(CCCl)CCCl.O,-6.094,"back, thigh",epidermis,heat separation,32.0,,,7.4,other type of diffusion cell,"Ellison,CA, 2020",10.1016/j.tiv.2020.104990,O=P1(N(CCCl)CCCl)NCCCO1,False,261.089,1.884,59.19120000000003,41.57000000000001,1,2,5,0,1,14,1.0,94.44153500749829,2.5822640284816734,201.8664756744443,7
SkinPiX,Dichlorvos,COP(=O)(OC)OC=C(Cl)Cl,-4.436,breast,"epidermis, dermis",dermatomed,32.0,,37.0,7.4,other type of diffusion cell,"Moore,CA, 2014",10.1016/j.toxlet.2014.06.008,COP(=O)(OC)OC=C(Cl)Cl,False,220.976,2.6804000000000006,42.498500000000014,44.760000000000005,0,4,4,0,0,11,0.5,74.64125315559419,4.102541909313092,180.53107956171817,7
SkinPiX,Dichlorvos,COP(=O)(OC)OC=C(Cl)Cl,-5.816,breast,"epidermis, dermis",dermatomed,32.0,,37.0,7.4,other type of diffusion cell,"Moore,CA, 2014",10.1016/j.toxlet.2014.06.008,COP(=O)(OC)OC=C(Cl)Cl,False,220.976,2.6804000000000006,42.498500000000014,44.760000000000005,0,4,4,0,0,11,0.5,74.64125315559419,4.102541909313092,180.53107956171817,7
SkinPiX,Dichlorvos,COP(=O)(OC)OC=C(Cl)Cl,-5.944,breast,"epidermis, dermis",dermatomed,32.0,,37.0,7.4,other type of diffusion cell,"Moore,CA, 2014",10.1016/j.toxlet.2014.06.008,COP(=O)(OC)OC=C(Cl)Cl,False,220.976,2.6804000000000006,42.498500000000014,44.760000000000005,0,4,4,0,0,11,0.5,74.64125315559419,4.102541909313092,180.53107956171817,7
SkinPiX,Dichlorvos,COP(=O)(OC)OC=C(Cl)Cl,-3.431,breast,"epidermis, dermis",dermatomed,32.0,,37.0,7.4,other type of diffusion cell,"Moore,CA, 2014",10.1016/j.toxlet.2014.06.008,COP(=O)(OC)OC=C(Cl)Cl,False,220.976,2.6804000000000006,42.498500000000014,44.760000000000005,0,4,4,0,0,11,0.5,74.64125315559419,4.102541909313092,180.53107956171817,7
SkinPiX,Dichlorvos,COP(=O)(OC)OC=C(Cl)Cl,-4.716,breast,"epidermis, dermis",dermatomed,32.0,,37.0,7.4,other type of diffusion cell,"Moore,CA, 2014",10.1016/j.toxlet.2014.06.008,COP(=O)(OC)OC=C(Cl)Cl,False,220.976,2.6804000000000006,42.498500000000014,44.760000000000005,0,4,4,0,0,11,0.5,74.64125315559419,4.102541909313092,180.53107956171817,7
SkinPiX,Dichlorvos,COP(=O)(OC)OC=C(Cl)Cl,-4.515,breast,"epidermis, dermis",dermatomed,32.0,,37.0,7.4,other type of diffusion cell,"Moore,CA, 2014",10.1016/j.toxlet.2014.06.008,COP(=O)(OC)OC=C(Cl)Cl,False,220.976,2.6804000000000006,42.498500000000014,44.760000000000005,0,4,4,0,0,11,0.5,74.64125315559419,4.102541909313092,180.53107956171817,7
SkinPiX,Diethyl maleate,CCOC(=O)/C=C\C(=O)OCC,-5.068,"back, thigh","epidermis, dermis",dermatomed,32.0,,,7.4,other type of diffusion cell,"Ellison,CA, 2020",10.1016/j.tiv.2020.104990,CCOC(=O)/C=C\C(=O)OCC,False,172.17999999999995,0.6688,42.40600000000002,52.60000000000001,0,4,4,0,0,12,0.5,71.15437745552283,3.7281604099567245,163.49688176536182,4
SkinPiX,Diethyl maleate,CCOC(=O)/C=C\C(=O)OCC,-5.142,"back, thigh",epidermis,heat separation,32.0,,,7.4,other type of diffusion cell,"Ellison,CA, 2020",10.1016/j.tiv.2020.104990,CCOC(=O)/C=C\C(=O)OCC,False,172.17999999999995,0.6688,42.40600000000002,52.60000000000001,0,4,4,0,0,12,0.5,71.15437745552283,3.7281604099567245,163.49688176536182,4
SkinPiX,Diethyl phthalate,CCOC(=O)C1=CC=CC=C1C(=O)OCC,-5.242,breast,epidermis,heat separation,32.0,,37.0,7.4,static Franz cell,"Barbero,AM, 2015",10.1159/000441038,CCOC(=O)c1ccccc1C(=O)OCC,False,222.23999999999995,2.04,58.35500000000003,52.60000000000001,0,4,4,1,1,16,0.3333333333333333,94.17119046497793,2.9975148158911993,347.3600796599688,4
SkinPiX,Diethylene glycol monobutyl ether,CCCCOCCOCCO,-5.727,"back, thigh","epidermis, dermis",dermatomed,32.0,,,7.4,other type of diffusion cell,"Ellison,CA, 2020",10.1016/j.tiv.2020.104990,CCCCOCCOCCO,False,162.22899999999998,0.812,43.63180000000001,38.69,1,3,8,0,0,11,1.0,68.31517003981556,2.6909155266923976,58.35751032880843,3
SkinPiX,Diethylene glycol monobutyl ether,CCCCOCCOCCO,-5.723,"back, thigh",epidermis,heat separation,32.0,,,7.4,other type of diffusion cell,"Ellison,CA, 2020",10.1016/j.tiv.2020.104990,CCCCOCCOCCO,False,162.22899999999998,0.812,43.63180000000001,38.69,1,3,8,0,0,11,1.0,68.31517003981556,2.6909155266923976,58.35751032880843,3
SkinPiX,Dihydrocodeine,CN1CC[C@]23[C@@H]4[C@H]1CC5=C2C(=C(C=C5)OC)O[C@H]3[C@H](CC4)O,-6.190685426,abdomen,epidermis,heat separation,32.0,,37.0,6.5,static Franz cell,"Musazzi,UM, 2015",10.1016/j.ijpharm.2015.04.071,COc1ccc2c3c1O[C@H]1[C@@H](O)CC[C@H]4[C@@H](C2)N(C)CC[C@@]341,True,301.3860000000001,1.7251,82.55780000000004,41.93,1,4,1,1,5,22,0.6666666666666666,130.5685417595525,1.7951472054856976,645.4645937682619,4
SkinPiX,Dihydromorphine,CN1CC[C@]23[C@@H]4[C@H]1CC5=C2C(=C(C=C5)O)O[C@H]3[C@H](CC4)O,-7.722811771,abdomen,epidermis,heat separation,32.0,,37.0,6.5,static Franz cell,"Musazzi,UM, 2015",10.1016/j.ijpharm.2015.04.071,CN1CC[C@]23c4c5ccc(O)c4O[C@H]2[C@@H](O)CC[C@H]3[C@H]1C5,True,287.359,1.4221,77.67060000000004,52.93000000000001,2,4,0,1,5,21,0.6470588235294118,123.884288167845,1.8132366614847886,630.7063899465155,4
SkinPiX,Dimethyl phthalate,COC(=O)C1=CC=CC=C1C(=O)OC,-5.153,"back, thigh","epidermis, dermis",dermatomed,32.0,,,7.4,other type of diffusion cell,"Ellison,CA, 2020",10.1016/j.tiv.2020.104990,COC(=O)c1ccccc1C(=O)OC,False,194.18599999999995,1.2597999999999998,49.12100000000002,52.60000000000001,0,4,2,1,1,14,0.2,81.44130623618467,3.153839931025287,321.89456038916694,4
SkinPiX,Dimethyl phthalate,COC(=O)C1=CC=CC=C1C(=O)OC,-5.204,"back, thigh",epidermis,heat separation,32.0,,,7.4,other type of diffusion cell,"Ellison,CA, 2020",10.1016/j.tiv.2020.104990,COC(=O)c1ccccc1C(=O)OC,False,194.18599999999995,1.2597999999999998,49.12100000000002,52.60000000000001,0,4,2,1,1,14,0.2,81.44130623618467,3.153839931025287,321.89456038916694,4
SkinPiX,Ethanolamine,C(CO)N,-7.14,abdomen,"epidermis, dermis",dermatomed,32.0,,,,other type of diffusion cell,"Hopf,NB, 2019",10.1007/s00204-019-02542-2,NCCO,False,61.083999999999996,-1.0626000000000002,16.140200000000004,46.25,2,2,1,0,0,4,1.0,25.238317591434885,1.9747448713915894,8.0,2
SkinPiX,Ethyl p-aminobenzoate,CCOC(=O)C1=CC=C(C=C1)N,-4.697,abdomen,"epidermis, dermis",,,7.4,32.0,7.4,static Franz cell,"Uchida,T, 2015",10.1016/j.ejps.2014.11.002,CCOC(=O)c1ccc(N)cc1,True,165.19199999999998,1.4455,46.81090000000002,52.32,1,3,2,1,1,12,0.2222222222222222,71.14118748925014,2.753742758109602,266.36195376207496,3
SkinPiX,Ethylparaben,CCOC(=O)C1=CC=C(C=C1)O,-5.413,abdomen,"epidermis, dermis",,,7.4,32.0,7.4,static Franz cell,"Uchida,T, 2015",10.1016/j.ejps.2014.11.002,CCOC(=O)c1ccc(O)cc1,False,166.176,1.5689,44.06330000000003,46.53,1,3,2,1,1,12,0.2222222222222222,70.59553054443343,2.753742758109602,263.6070662599115,3
SkinPiX,Eugenol,COC1=C(C=CC(=C1)CC=C)O,-5.182,"back, thigh","epidermis, dermis",dermatomed,32.0,,,7.4,other type of diffusion cell,"Ellison,CA, 2020",10.1016/j.tiv.2020.104990,C=CCc1ccc(O)c(OC)c1,False,164.20399999999995,2.1292999999999997,48.55980000000003,29.46,1,2,3,1,1,12,0.2,72.10934752660204,2.959559547224779,279.16711032401867,2
SkinPiX,Eugenol,COC1=C(C=CC(=C1)CC=C)O,-5.112,"back, thigh",epidermis,heat separation,32.0,,,7.4,other type of diffusion cell,"Ellison,CA, 2020",10.1016/j.tiv.2020.104990,C=CCc1ccc(O)c(OC)c1,False,164.20399999999995,2.1292999999999997,48.55980000000003,29.46,1,2,3,1,1,12,0.2,72.10934752660204,2.959559547224779,279.16711032401867,2
SkinPiX,Fentanyl,CCC(=O)N(C1CCN(CC1)CCC2=CC=CC=C2)C3=CC=CC=C3,-8.8,abdomen,"epidermis, dermis",dermatomed,,,,7.4,other type of diffusion cell,"Santos,P, 2012",10.1016/j.ijpharm.2012.09.031,CCC(=O)N(c1ccccc1)C1CCN(CCc2ccccc2)CC1,True,336.47900000000004,4.136700000000004,103.82700000000007,23.550000000000004,0,2,6,2,3,25,0.4090909090909091,150.81327675644837,1.5676321318584887,648.2421416714782,3
SkinPiX,Fentanyl,CCC(=O)N(C1CCN(CC1)CCC2=CC=CC=C2)C3=CC=CC=C3,-9.065,abdomen,"epidermis, dermis",dermatomed,,,,7.4,other type of diffusion cell,"Santos,P, 2012",10.1016/j.ijpharm.2012.09.031,CCC(=O)N(c1ccccc1)C1CCN(CCc2ccccc2)CC1,True,336.47900000000004,4.136700000000004,103.82700000000007,23.550000000000004,0,2,6,2,3,25,0.4090909090909091,150.81327675644837,1.5676321318584887,648.2421416714782,3
SkinPiX,Fentanyl,CCC(=O)N(C1CCN(CC1)CCC2=CC=CC=C2)C3=CC=CC=C3,-9.477,abdomen,"epidermis, dermis",dermatomed,,,,7.4,other type of diffusion cell,"Santos,P, 2012",10.1016/j.ijpharm.2012.09.031,CCC(=O)N(c1ccccc1)C1CCN(CCc2ccccc2)CC1,True,336.47900000000004,4.136700000000004,103.82700000000007,23.550000000000004,0,2,6,2,3,25,0.4090909090909091,150.81327675644837,1.5676321318584887,648.2421416714782,3
SkinPiX,Fumonisin B1,[C@@H]([C@@H](OC(C[C@@H](CC(O)=O)C(O)=O)=O)C[C@H](C[C@@H](CCCC[C@H](C[C@@H]([C@H](C)N)O)O)O)C)(OC(C[C@@H](CC(O)=O)C(O)=O)=O)[C@@H](CCCC)C,-9.046,abdomen,"epidermis, dermis",dermatomed,,,32.0,,static Franz cell,"Boonen,J, 2012",10.1016/j.tox.2012.06.012,CCCC[C@@H](C)[C@@H](OC(=O)C[C@@H](CC(=O)O)C(=O)O)[C@H](C[C@@H](C)C[C@H](O)CCCC[C@@H](O)C[C@H](O)[C@H](C)N)OC(=O)C[C@@H](CC(=O)O)C(=O)O,False,721.8380000000002,2.5642000000000036,177.5929999999997,288.51,8,12,29,0,0,50,0.8235294117647058,292.87809082457886,5.981227919733834,1067.254242709462,16
SkinPiX,Fumonisin B1,[C@@H]([C@@H](OC(C[C@@H](CC(O)=O)C(O)=O)=O)C[C@H](C[C@@H](CCCC[C@H](C[C@@H]([C@H](C)N)O)O)O)C)(OC(C[C@@H](CC(O)=O)C(O)=O)=O)[C@@H](CCCC)C,-9.051,abdomen,"epidermis, dermis",dermatomed,,,32.0,,static Franz cell,"De,Spiegeleer,B, 2013",10.1016/j.jep.2013.03.076,CCCC[C@@H](C)[C@@H](OC(=O)C[C@@H](CC(=O)O)C(=O)O)[C@H](C[C@@H](C)C[C@H](O)CCCC[C@@H](O)C[C@H](O)[C@H](C)N)OC(=O)C[C@@H](CC(=O)O)C(=O)O,False,721.8380000000002,2.5642000000000036,177.5929999999997,288.51,8,12,29,0,0,50,0.8235294117647058,292.87809082457886,5.981227919733834,1067.254242709462,16
SkinPiX,Geraniol,CC(=CCC/C(=C/CO)/C)C,-4.963,"back, thigh","epidermis, dermis",dermatomed,32.0,,,7.4,other type of diffusion cell,"Ellison,CA, 2020",10.1016/j.tiv.2020.104990,CC(C)=CCC/C(C)=C/CO,False,154.253,2.6714000000000016,49.50780000000003,20.23,1,1,4,0,0,11,0.6,69.43875774522651,3.54438743137085,150.25571236699292,1
SkinPiX,Geraniol,CC(=CCC/C(=C/CO)/C)C,-4.57,"back, thigh",epidermis,heat separation,32.0,,,7.4,other type of diffusion cell,"Ellison,CA, 2020",10.1016/j.tiv.2020.104990,CC(C)=CCC/C(C)=C/CO,False,154.253,2.6714000000000016,49.50780000000003,20.23,1,1,4,0,0,11,0.6,69.43875774522651,3.54438743137085,150.25571236699292,1
SkinPiX,HC Red No. 3,C1=CC(=C(C=C1N)[N+](=O)[O-])NCCO,-6.075,"back, thigh","epidermis, dermis",dermatomed,32.0,,,7.4,other type of diffusion cell,"Ellison,CA, 2020",10.1016/j.tiv.2020.104990,Nc1ccc(NCCO)c([N+](=O)[O-])c1,False,197.19400000000002,0.5811999999999999,53.08430000000001,101.42,3,5,4,1,1,14,0.25,80.49824970360675,2.9603825880309405,340.60343105282635,6
SkinPiX,HC Red No. 3,C1=CC(=C(C=C1N)[N+](=O)[O-])NCCO,-5.879,"back, thigh",epidermis,heat separation,32.0,,,7.4,other type of diffusion cell,"Ellison,CA, 2020",10.1016/j.tiv.2020.104990,Nc1ccc(NCCO)c([N+](=O)[O-])c1,False,197.19400000000002,0.5811999999999999,53.08430000000001,101.42,3,5,4,1,1,14,0.25,80.49824970360675,2.9603825880309405,340.60343105282635,6
SkinPiX,Hydrocodone,CN1CC[C@]23[C@@H]4[C@H]1CC5=C2C(=C(C=C5)OC)O[C@H]3C(=O)CC4,-6.456,abdomen,epidermis,heat separation,32.0,,37.0,6.5,static Franz cell,"Musazzi,UM, 2015",10.1016/j.ijpharm.2015.04.071,COc1ccc2c3c1O[C@H]1C(=O)CC[C@H]4[C@@H](C2)N(C)CC[C@]314,True,299.37000000000006,1.9333,81.55800000000004,38.77,0,4,1,1,5,22,0.6111111111111112,129.93583010740025,1.8132163706052855,685.154996148535,4
SkinPiX,Hydrocortisone,C[C@]12CCC(=O)C=C1CC[C@@H]3[C@@H]2[C@H](C[C@]4([C@H]3CC[C@@]4(C(=O)CO)O)C)O,-8.857,abdomen,"epidermis, dermis",full thickness skin without fat,,,,7.4,modified Franz cell,"Kopečná,M, 2019",10.1021/acs.molpharmaceut.8b01196,C[C@]12CCC(=O)C=C1CC[C@@H]1[C@@H]2[C@@H](O)C[C@@]2(C)[C@H]1CC[C@]2(O)C(=O)CO,False,362.4660000000002,1.7815999999999996,95.14240000000004,94.83,3,5,2,0,4,26,0.8095238095238095,154.0309111261361,1.7350832012021686,683.8889217536757,5
SkinPiX,Hydrocortisone,C[C@]12CCC(=O)C=C1CC[C@@H]3[C@@H]2[C@H](C[C@]4([C@H]3CC[C@@]4(C(=O)CO)O)C)O,-6.332,"back, thigh","epidermis, dermis",dermatomed,32.0,,,7.4,other type of diffusion cell,"Ellison,CA, 2020",10.1016/j.tiv.2020.104990,C[C@]12CCC(=O)C=C1CC[C@@H]1[C@@H]2[C@@H](O)C[C@@]2(C)[C@H]1CC[C@]2(O)C(=O)CO,False,362.4660000000002,1.7815999999999996,95.14240000000004,94.83,3,5,2,0,4,26,0.8095238095238095,154.0309111261361,1.7350832012021686,683.8889217536757,5
SkinPiX,Hydrocortisone,C[C@]12CCC(=O)C=C1CC[C@@H]3[C@@H]2[C@H](C[C@]4([C@H]3CC[C@@]4(C(=O)CO)O)C)O,-6.238,"back, thigh",epidermis,heat separation,32.0,,,7.4,other type of diffusion cell,"Ellison,CA, 2020",10.1016/j.tiv.2020.104990,C[C@]12CCC(=O)C=C1CC[C@@H]1[C@@H]2[C@@H](O)C[C@@]2(C)[C@H]1CC[C@]2(O)C(=O)CO,False,362.4660000000002,1.7815999999999996,95.14240000000004,94.83,3,5,2,0,4,26,0.8095238095238095,154.0309111261361,1.7350832012021686,683.8889217536757,5
SkinPiX,Hydrocortisone,C[C@]12CCC(=O)C=C1CC[C@@H]3[C@@H]2[C@H](C[C@]4([C@H]3CC[C@@]4(C(=O)CO)O)C)O,-8.214,abdomen,"epidermis, dermis",full thickness skin without fat,,,,7.4,modified Franz cell,"Kopečná,M, 2019",10.1021/acs.molpharmaceut.8b01196,C[C@]12CCC(=O)C=C1CC[C@@H]1[C@@H]2[C@@H](O)C[C@@]2(C)[C@H]1CC[C@]2(O)C(=O)CO,False,362.4660000000002,1.7815999999999996,95.14240000000004,94.83,3,5,2,0,4,26,0.8095238095238095,154.0309111261361,1.7350832012021686,683.8889217536757,5
SkinPiX,Hydromorphone,CN1CC[C@]23[C@@H]4[C@H]1CC5=C2C(=C(C=C5)O)O[C@H]3C(=O)CC4,-8.004117488,abdomen,epidermis,heat separation,32.0,,37.0,6.5,static Franz cell,"Musazzi,UM, 2015",10.1016/j.ijpharm.2015.04.071,CN1CC[C@]23c4c5ccc(O)c4O[C@H]2C(=O)CC[C@H]3[C@H]1C5,True,285.34299999999996,1.6302999999999999,76.67080000000004,49.77,1,4,0,1,5,21,0.5882352941176471,123.25157651569276,1.8330360876486917,670.2442212037415,4
SkinPiX,Ibuprofen,CC(C)CC1=CC=C(C=C1)C(C)C(=O)O,-6.244,,"epidermis, dermis",dermatomed,,,32.0,,static Franz cell,"Veryser,L, 2014",10.1159/000365730,CC(C)Cc1ccc(C(C)C(=O)O)cc1,True,206.28499999999997,3.073200000000001,61.03480000000004,37.3,1,1,4,1,1,15,0.46153846153846156,90.94175377251302,2.7590371332701524,324.8941190021566,2
SkinPiX,Ibuprofen,CC(C)CC1=CC=C(C=C1)C(C)C(=O)O,-6.217,abdomen,"epidermis, dermis",dermatomed,,,32.0,,static Franz cell,"De,Spiegeleer,B, 2013",10.1016/j.jep.2013.03.076,CC(C)Cc1ccc(C(C)C(=O)O)cc1,True,206.28499999999997,3.073200000000001,61.03480000000004,37.3,1,1,4,1,1,15,0.46153846153846156,90.94175377251302,2.7590371332701524,324.8941190021566,2
SkinPiX,Ibuprofen,CC(C)CC1=CC=C(C=C1)C(C)C(=O)O,-5.716,"back, thigh","epidermis, dermis",dermatomed,32.0,,,7.4,other type of diffusion cell,"Ellison,CA, 2020",10.1016/j.tiv.2020.104990,CC(C)Cc1ccc(C(C)C(=O)O)cc1,True,206.28499999999997,3.073200000000001,61.03480000000004,37.3,1,1,4,1,1,15,0.46153846153846156,90.94175377251302,2.7590371332701524,324.8941190021566,2
SkinPiX,Ibuprofen,CC(C)CC1=CC=C(C=C1)C(C)C(=O)O,-5.808,"back, thigh",epidermis,heat separation,32.0,,,7.4,other type of diffusion cell,"Ellison,CA, 2020",10.1016/j.tiv.2020.104990,CC(C)Cc1ccc(C(C)C(=O)O)cc1,True,206.28499999999997,3.073200000000001,61.03480000000004,37.3,1,1,4,1,1,15,0.46153846153846156,90.94175377251302,2.7590371332701524,324.8941190021566,2
SkinPiX,Isoeugenol,C/C=C/C1=CC(=C(C=C1)O)OC,-5.265,"back, thigh","epidermis, dermis",dermatomed,32.0,,,7.4,other type of diffusion cell,"Ellison,CA, 2020",10.1016/j.tiv.2020.104990,C/C=C/c1ccc(O)c(OC)c1,False,164.20399999999998,2.4339000000000004,49.366800000000026,29.46,1,2,2,1,1,12,0.2,72.10934752660204,3.0458289647057475,289.8900954855593,2
SkinPiX,Isoeugenol,C/C=C/C1=CC(=C(C=C1)O)OC,-4.969,"back, thigh",epidermis,heat separation,32.0,,,7.4,other type of diffusion cell,"Ellison,CA, 2020",10.1016/j.tiv.2020.104990,C/C=C/c1ccc(O)c(OC)c1,False,164.20399999999998,2.4339000000000004,49.366800000000026,29.46,1,2,2,1,1,12,0.2,72.10934752660204,3.0458289647057475,289.8900954855593,2
SkinPiX,Isosorbide 5-mononitrate,C1[C@@H]([C@@H]2[C@H](O1)[C@@H](CO2)O[N+](=O)[O-])O,-6.959,abdomen,"epidermis, dermis",,,7.4,32.0,7.4,static Franz cell,"Uchida,T, 2015",10.1016/j.ejps.2014.11.002,O=[N+]([O-])O[C@@H]1CO[C@H]2[C@@H]1OC[C@@H]2O,False,191.13899999999998,-1.2782000000000004,37.354200000000006,91.06000000000002,1,6,2,0,2,13,1.0,73.29418295544856,1.9795730634118363,221.1700163058029,7
SkinPiX,Isosorbide dinitrate,C1[C@H]([C@@H]2[C@H](O1)[C@H](CO2)O[N+](=O)[O-])O[N+](=O)[O-],-5.503,abdomen,"epidermis, dermis",,,7.4,32.0,7.4,static Franz cell,"Uchida,T, 2015",10.1016/j.ejps.2014.11.002,O=[N+]([O-])O[C@H]1CO[C@H]2[C@@H]1OC[C@H]2O[N+](=O)[O-],False,236.13599999999997,-1.0622000000000003,43.21480000000002,123.20000000000002,0,8,4,0,2,16,1.0,88.22050865473719,1.9481182350126691,278.90366073218416,10
SkinPiX,Ketoprofen,CC(C1=CC(=CC=C1)C(=O)C2=CC=CC=C2)C(=O)O,-7.176,abdomen,epidermis,dermatomed,,6.5,32.0,7.4,static Franz cell,"Fox,LT, 2014",10.1111/jphp.12311,CC(C(=O)O)c1cccc(C(=O)c2ccccc2)c1,True,254.285,3.1057000000000015,72.36730000000003,54.37,1,2,4,2,2,19,0.125,111.06554373543099,2.3400417314396122,602.4009276194483,3
SkinPiX,Lidocaine hydrochloride monohydrate,CCN(CC)CC(=O)NC1=C(C=CC=C1C)C,-7.301,abdomen,"epidermis, dermis",,,5.0,32.0,5.0,static Franz cell,"Uchida,T, 2015",10.1016/j.ejps.2014.11.002,CCN(CC)CC(=O)Nc1c(C)cccc1C,True,234.343,2.5837400000000006,72.33370000000005,32.34,1,2,5,1,1,17,0.5,103.82215798852502,2.680267656047493,363.55864155890856,3
SkinPiX,Lidocaine hydrochloride monohydrate,CCN(CC)CC(=O)NC1=C(C=CC=C1C)C,-6.854,abdomen,"epidermis, dermis",,,7.9,32.0,7.4,static Franz cell,"Uchida,T, 2015",10.1016/j.ejps.2014.11.002,CCN(CC)CC(=O)Nc1c(C)cccc1C,True,234.343,2.5837400000000006,72.33370000000005,32.34,1,2,5,1,1,17,0.5,103.82215798852502,2.680267656047493,363.55864155890856,3
SkinPiX,Methyl methanesulfonate,COS(=O)(=O)C,-5.587,"back, thigh","epidermis, dermis",dermatomed,32.0,,,7.4,other type of diffusion cell,"Ellison,CA, 2020",10.1016/j.tiv.2020.104990,COS(C)(=O)=O,False,110.13399999999999,-0.40759999999999996,21.85279999999999,43.370000000000005,0,3,1,0,0,6,1.0,37.05214062957765,3.850621638983669,110.75488750216347,4
SkinPiX,Methyl methanesulfonate,COS(=O)(=O)C,-5.624,"back, thigh",epidermis,heat separation,32.0,,,7.4,other type of diffusion cell,"Ellison,CA, 2020",10.1016/j.tiv.2020.104990,COS(C)(=O)=O,False,110.13399999999999,-0.40759999999999996,21.85279999999999,43.370000000000005,0,3,1,0,0,6,1.0,37.05214062957765,3.850621638983669,110.75488750216347,4
SkinPiX,Methyl p-aminobenzoate,COC(=O)C1=CC=C(C=C1)N,-4.735,abdomen,"epidermis, dermis",,,7.4,32.0,7.4,static Franz cell,"Uchida,T, 2015",10.1016/j.ejps.2014.11.002,COC(=O)c1ccc(N)cc1,True,151.16500000000002,1.0554,42.19390000000001,52.32,1,3,1,1,1,11,0.125,64.77624537485353,2.8953480359887567,253.29949758389105,3
SkinPiX,Methylparaben,COC(=O)C1=CC=C(C=C1)O,-5.604,abdomen,"epidermis, dermis",,,7.4,32.0,7.4,static Franz cell,"Uchida,T, 2015",10.1016/j.ejps.2014.11.002,COC(=O)c1ccc(O)cc1,False,152.149,1.1788,39.446300000000015,46.53,1,3,1,1,1,11,0.125,64.23058843003683,2.8953480359887567,250.5446100817276,3
SkinPiX,Methylparaben,COC(=O)C1=CC=C(C=C1)O,-4.981,"back, thigh","epidermis, dermis",dermatomed,32.0,,,7.4,other type of diffusion cell,"Ellison,CA, 2020",10.1016/j.tiv.2020.104990,COC(=O)c1ccc(O)cc1,False,152.149,1.1788,39.446300000000015,46.53,1,3,1,1,1,11,0.125,64.23058843003683,2.8953480359887567,250.5446100817276,3
SkinPiX,Methylparaben,COC(=O)C1=CC=C(C=C1)O,-5.059,"back, thigh",epidermis,heat separation,32.0,,,7.4,other type of diffusion cell,"Ellison,CA, 2020",10.1016/j.tiv.2020.104990,COC(=O)c1ccc(O)cc1,False,152.149,1.1788,39.446300000000015,46.53,1,3,1,1,1,11,0.125,64.23058843003683,2.8953480359887567,250.5446100817276,3
SkinPiX,Miconazole,C1=CC(=C(C=C1Cl)Cl)COC(CN2C=CN=C2)C3=C(C=C(C=C3)Cl)Cl,-3.858,,"epidermis, dermis",full thickness skin without fat,32.0,,32.0,4.5,static Franz cell,"Elmoslemany,RM, 2012",10.1208/s12249-012-9783-6,Clc1ccc(COC(Cn2ccnc2)c2ccc(Cl)cc2Cl)c(Cl)c1,False,416.1350000000001,6.454800000000002,102.68100000000003,27.05,0,2,6,3,3,25,0.16666666666666666,165.60580790040453,1.8269922473983413,852.2873328004229,7
SkinPiX,Morphine,CN1CC[C@]23[C@@H]4[C@H]1CC5=C2C(=C(C=C5)O)O[C@H]3[C@H](C=C4)O,-7.419930646,abdomen,epidermis,heat separation,32.0,,37.0,6.5,static Franz cell,"Musazzi,UM, 2015",10.1016/j.ijpharm.2015.04.071,CN1CC[C@]23c4c5ccc(O)c4O[C@H]2[C@@H](O)C=C[C@H]3[C@H]1C5,True,285.343,1.1981,77.57660000000003,52.93000000000001,2,4,0,1,5,21,0.5294117647058824,123.19468513566073,1.8445254467475665,670.2442212037415,4
SkinPiX,Naphthalene,C1=CC=C2C=CC=CC2=C1,-5.608,"back, thigh","epidermis, dermis",dermatomed,32.0,,,7.4,other type of diffusion cell,"Ellison,CA, 2020",10.1016/j.tiv.2020.104990,c1ccc2ccccc2c1,False,128.17399999999995,2.839800000000001,43.94800000000003,0.0,0,0,0,2,2,10,0.0,60.11306765123217,2.8880516016579914,271.01518240905483,0
SkinPiX,Naphthalene,C1=CC=C2C=CC=CC2=C1,-5.339,"back, thigh",epidermis,heat separation,32.0,,,7.4,other type of diffusion cell,"Ellison,CA, 2020",10.1016/j.tiv.2020.104990,c1ccc2ccccc2c1,False,128.17399999999995,2.839800000000001,43.94800000000003,0.0,0,0,0,2,2,10,0.0,60.11306765123217,2.8880516016579914,271.01518240905483,0
SkinPiX,Niacinamide,C1=CC(=CN=C1)C(=O)N,-8.908,abdomen,epidermis,heat separation,32.0,,32.0,7.3,static Franz cell,"Mohammed,D, 2013",10.1007/s11095-013-1169-2,NC(=O)c1cccnc1,False,122.12699999999997,0.18050000000000016,32.7549,55.980000000000004,1,2,1,1,1,9,0.0,52.51740601189656,2.981454614041131,207.5576620543373,3
SkinPiX,Niacinamide,C1=CC(=CN=C1)C(=O)N,-9.202,abdomen,epidermis,heat separation,32.0,,32.0,7.3,static Franz cell,"Mohammed,D, 2013",10.1007/s11095-013-1169-2,NC(=O)c1cccnc1,False,122.12699999999997,0.18050000000000016,32.7549,55.980000000000004,1,2,1,1,1,9,0.0,52.51740601189656,2.981454614041131,207.5576620543373,3
SkinPiX,Niacinamide,C1=CC(=CN=C1)C(=O)N,-6.602,abdomen,epidermis,heat separation,32.0,,32.0,7.3,static Franz cell,"Mohammed,D, 2013",10.1007/s11095-013-1169-2,NC(=O)c1cccnc1,False,122.12699999999997,0.18050000000000016,32.7549,55.980000000000004,1,2,1,1,1,9,0.0,52.51740601189656,2.981454614041131,207.5576620543373,3
SkinPiX,Niacinamide,C1=CC(=CN=C1)C(=O)N,-6.273,abdomen,epidermis,heat separation,32.0,,32.0,7.3,static Franz cell,"Mohammed,D, 2013",10.1007/s11095-013-1169-2,NC(=O)c1cccnc1,False,122.12699999999997,0.18050000000000016,32.7549,55.980000000000004,1,2,1,1,1,9,0.0,52.51740601189656,2.981454614041131,207.5576620543373,3
SkinPiX,Nicotine,CN1CCC[C@H]1C2=CN=CC=C2,-7.318,breast,epidermis,heat separation,32.0,,37.0,7.4,static Franz cell,"Frasch,HF, 2016",10.1038/jes.2016.68,CN1CCCC1c1cccnc1,False,162.236,1.8483,48.842000000000034,16.130000000000003,0,2,1,1,2,12,0.5,73.22976418910065,2.194591657785846,245.27530899395384,2
SkinPiX,Nicotine,CN1CCC[C@H]1C2=CN=CC=C2,-5.822,breast,epidermis,heat separation,32.0,,37.0,7.4,static Franz cell,"Frasch,HF, 2016",10.1038/jes.2016.68,CN1CCCC1c1cccnc1,False,162.236,1.8483,48.842000000000034,16.130000000000003,0,2,1,1,2,12,0.5,73.22976418910065,2.194591657785846,245.27530899395384,2
SkinPiX,Nicotine,CN1CCC[C@H]1C2=CN=CC=C2,-7.339,breast,epidermis,heat separation,32.0,,37.0,7.4,static Franz cell,"Frasch,HF, 2016",10.1038/jes.2016.68,CN1CCCC1c1cccnc1,False,162.236,1.8483,48.842000000000034,16.130000000000003,0,2,1,1,2,12,0.5,73.22976418910065,2.194591657785846,245.27530899395384,2
SkinPiX,Nitrobenzene,C1=CC=C(C=C1)[N+](=O)[O-],-4.851,"back, thigh","epidermis, dermis",dermatomed,32.0,,,7.4,other type of diffusion cell,"Ellison,CA, 2020",10.1016/j.tiv.2020.104990,O=[N+]([O-])c1ccccc1,False,123.11099999999996,1.5948,33.0964,43.14,0,2,1,1,1,9,0.0,52.08437884199676,2.981454614041131,207.5576620543373,3
SkinPiX,Nitrobenzene,C1=CC=C(C=C1)[N+](=O)[O-],-4.8,"back, thigh",epidermis,heat separation,32.0,,,7.4,other type of diffusion cell,"Ellison,CA, 2020",10.1016/j.tiv.2020.104990,O=[N+]([O-])c1ccccc1,False,123.11099999999996,1.5948,33.0964,43.14,0,2,1,1,1,9,0.0,52.08437884199676,2.981454614041131,207.5576620543373,3
SkinPiX,Ochratoxin A,C[C@@H]1CC2=C(C=C(C(=C2C(=O)O1)O)C(=O)N[C@@H](CC3=CC=CC=C3)C(=O)O)Cl,-6.642,abdomen,"epidermis, dermis",dermatomed,,,32.0,,static Franz cell,"Boonen,J, 2012",10.1016/j.tox.2012.06.012,C[C@@H]1Cc2c(Cl)cc(C(=O)N[C@@H](Cc3ccccc3)C(=O)O)c(O)c2C(=O)O1,False,403.81800000000015,2.5727000000000007,100.73430000000006,112.93000000000002,3,5,5,2,3,28,0.25,165.44191053172457,1.8938777186922464,943.457252427877,8
SkinPiX,Ochratoxin A,C[C@@H]1CC2=C(C=C(C(=C2C(=O)O1)O)C(=O)N[C@@H](CC3=CC=CC=C3)C(=O)O)Cl,-6.642,abdomen,"epidermis, dermis",dermatomed,,,32.0,,static Franz cell,"De,Spiegeleer,B, 2013",10.1016/j.jep.2013.03.076,C[C@@H]1Cc2c(Cl)cc(C(=O)N[C@@H](Cc3ccccc3)C(=O)O)c(O)c2C(=O)O1,False,403.81800000000015,2.5727000000000007,100.73430000000006,112.93000000000002,3,5,5,2,3,28,0.25,165.44191053172457,1.8938777186922464,943.457252427877,8
SkinPiX,Oxycodone,CN1CC[C@]23[C@@H]4C(=O)CC[C@]2([C@H]1CC5=C3C(=C(C=C5)OC)O4)O,-6.59002208,abdomen,epidermis,heat separation,32.0,,37.0,6.5,static Franz cell,"Musazzi,UM, 2015",10.1016/j.ijpharm.2015.04.071,COc1ccc2c3c1O[C@H]1C(=O)CC[C@@]4(O)[C@@H](C2)N(C)CC[C@]314,True,315.3690000000001,1.0481999999999998,83.01780000000004,59.00000000000001,1,5,1,1,5,23,0.6111111111111112,134.73006385959624,1.8570488669453709,731.9769249093094,5
SkinPiX,Oxymorphone,CN1CC[C@]23[C@@H]4C(=O)CC[C@]2([C@H]1CC5=C3C(=C(C=C5)O)O4)O,-7.733111659,abdomen,epidermis,heat separation,32.0,,37.0,6.5,static Franz cell,"Musazzi,UM, 2015",10.1016/j.ijpharm.2015.04.071,CN1CC[C@]23c4c5ccc(O)c4O[C@H]2C(=O)CC[C@@]3(O)[C@H]1C5,True,301.342,0.7451999999999999,78.13060000000003,70.0,2,5,0,1,5,22,0.5882352941176471,128.04581026788878,1.8774137434717626,716.8556433421193,5
SkinPiX,Papaverine hydrochloride,COC1=C(C=C(C=C1)CC2=NC=CC3=CC(=C(C=C32)OC)OC)OC.Cl,-6.604,breast,"epidermis, dermis",dermatomed,,,37.0,,modified Franz cell,"Wen,MM, 2011",10.3109/03639045.2011.633262,COc1ccc(Cc2nccc3cc(OC)c(OC)cc23)cc1OC,False,339.3910000000001,3.860000000000003,97.19900000000005,49.81,0,5,6,3,3,25,0.25,146.6687013282533,2.03987108374421,892.2437032331906,5
SkinPiX,Pellitorine,CCCCC/C=C/C=C/C(=O)NCC(C)C,-7.516,,"epidermis, dermis",dermatomed,,,32.0,,static Franz cell,"Veryser,L, 2014",10.1016/j.phymed.2014.08.015,CCCCC/C=C/C=C/C(=O)NCC(C)C,False,223.35999999999996,3.4513000000000016,70.26970000000004,29.1,1,1,8,0,0,16,0.6428571428571429,99.81567673426873,3.541478842832304,228.88984057992974,2
SkinPiX,Pellitorine,CCCCC/C=C/C=C/C(=O)NCC(C)C,-7.516,,"epidermis, dermis",dermatomed,,,32.0,,static Franz cell,"Veryser,L, 2014",10.1016/j.phymed.2014.08.015,CCCCC/C=C/C=C/C(=O)NCC(C)C,False,223.35999999999996,3.4513000000000016,70.26970000000004,29.1,1,1,8,0,0,16,0.6428571428571429,99.81567673426873,3.541478842832304,228.88984057992974,2
SkinPiX,Perfluorooctanoic acid,C(=O)(C(C(C(C(C(C(C(F)(F)F)(F)F)(F)F)(F)F)(F)F)(F)F)(F)F)O,-4.816,,epidermis,heat separation,32.0,2.25,37.0,,other type of diffusion cell,"Franko,J, 2012",10.1080/15287394.2011.615108,O=C(O)C(F)(F)C(F)(F)C(F)(F)C(F)(F)C(F)(F)C(F)(F)C(F)(F)F,False,414.06399999999996,4.4451,43.3728,37.3,1,1,6,0,0,25,0.875,124.73263272473909,6.547079013921287,530.1396708751446,17
SkinPiX,Perfluorooctanoic acid,C(=O)(C(C(C(C(C(C(C(F)(F)F)(F)F)(F)F)(F)F)(F)F)(F)F)(F)F)O,-7.913,,epidermis,heat separation,32.0,5.5,37.0,,other type of diffusion cell,"Franko,J, 2012",10.1080/15287394.2011.615108,O=C(O)C(F)(F)C(F)(F)C(F)(F)C(F)(F)C(F)(F)C(F)(F)C(F)(F)F,False,414.06399999999996,4.4451,43.3728,37.3,1,1,6,0,0,25,0.875,124.73263272473909,6.547079013921287,530.1396708751446,17
SkinPiX,Perfluorooctanoic acid,C(=O)(C(C(C(C(C(C(C(F)(F)F)(F)F)(F)F)(F)F)(F)F)(F)F)(F)F)O,-7.793,,epidermis,heat separation,32.0,5.01,37.0,,other type of diffusion cell,"Franko,J, 2012",10.1080/15287394.2011.615108,O=C(O)C(F)(F)C(F)(F)C(F)(F)C(F)(F)C(F)(F)C(F)(F)C(F)(F)F,False,414.06399999999996,4.4451,43.3728,37.3,1,1,6,0,0,25,0.875,124.73263272473909,6.547079013921287,530.1396708751446,17
SkinPiX,Pranoprofen,CC(C1=CC2=C(C=C1)OC3=C(C2)C=CC=N3)C(=O)O,-6.973,abdomen,"epidermis, dermis",dermatomed,32.0,,32.0,7.4,static Franz cell,"Abrego,G, 2016",10.1016/j.ijpharm.2016.01.071,CC(C(=O)O)c1ccc2c(c1)Cc1cccnc1O2,True,255.27299999999997,2.9662000000000006,69.60980000000004,59.42,1,3,2,2,3,19,0.2,110.23138369231135,1.982359796493996,651.588988374735,4
SkinPiX,Progesterone,CC(=O)[C@H]1CC[C@@H]2[C@@]1(CC[C@H]3[C@H]2CCC4=CC(=O)CC[C@]34C)C,-7.741,abdomen,"epidermis, dermis",full thickness skin without fat,32.0,,32.0,7.4,static Franz cell,"Mohyeldin,SM, 2016",10.1080/17425247.2016.1182490,CC(=O)[C@H]1CC[C@H]2[C@@H]3CCC4=CC(=O)CC[C@]4(C)[C@H]3CC[C@]12C,False,314.46900000000005,4.723500000000005,90.88100000000006,34.14,0,2,1,0,4,23,0.8095238095238095,139.6482098695481,1.6696033124820626,588.6489897976311,2
SkinPiX,Propylene glycol monomethyl ether,CC(COC)O,-7.571,abdomen,"epidermis, dermis",dermatomed,32.0,,,,Flow through Franz cell,"Berthet,A, 2020",10.1016/j.toxlet.2020.09.017,COCC(C)O,False,90.122,0.013600000000000112,23.556799999999992,29.46,1,2,2,0,0,6,1.0,37.741856352722266,2.6272148478988635,26.72905595320056,2
SkinPiX,Propylene glycol n-butyl ether,CCCCOCC(C)O,-8.16,abdomen,"epidermis, dermis",dermatomed,32.0,,,,Flow through Franz cell,"Berthet,A, 2020",10.1016/j.toxlet.2020.09.017,CCCCOCC(C)O,False,132.203,1.1839,37.407799999999995,29.46,1,2,5,0,0,9,1.0,56.83668269591209,2.746690906857495,52.87784055857758,2
SkinPiX,Propylparaben,CCCOC(=O)C1=CC=C(C=C1)O,-5.44,abdomen,"epidermis, dermis",,,7.4,32.0,7.4,static Franz cell,"Uchida,T, 2015",10.1016/j.ejps.2014.11.002,CCCOC(=O)c1ccc(O)cc1,False,180.20299999999997,1.9589999999999999,48.68030000000003,46.53,1,3,3,1,1,13,0.3,76.96047265883006,2.611171250638134,276.7262618127396,3
SkinPiX,Propylparaben,CCCOC(=O)C1=CC=C(C=C1)O,-4.747,"back, thigh","epidermis, dermis",dermatomed,32.0,,,7.4,other type of diffusion cell,"Ellison,CA, 2020",10.1016/j.tiv.2020.104990,CCCOC(=O)c1ccc(O)cc1,False,180.20299999999997,1.9589999999999999,48.68030000000003,46.53,1,3,3,1,1,13,0.3,76.96047265883006,2.611171250638134,276.7262618127396,3
SkinPiX,Propylparaben,CCCOC(=O)C1=CC=C(C=C1)O,-4.759,"back, thigh",epidermis,heat separation,32.0,,,7.4,other type of diffusion cell,"Ellison,CA, 2020",10.1016/j.tiv.2020.104990,CCCOC(=O)c1ccc(O)cc1,False,180.20299999999997,1.9589999999999999,48.68030000000003,46.53,1,3,3,1,1,13,0.3,76.96047265883006,2.611171250638134,276.7262618127396,3
SkinPiX,Resorcinol,C1=CC(=CC(=C1)O)O,-5.836,"back, thigh","epidermis, dermis",dermatomed,32.0,,,7.4,other type of diffusion cell,"Ellison,CA, 2020",10.1016/j.tiv.2020.104990,Oc1cccc(O)c1,False,110.11199999999998,1.0977999999999999,29.771599999999992,40.46,2,2,0,1,1,8,0.0,47.01987062388899,3.077660437970554,166.38833891467198,2
SkinPiX,Resorcinol,C1=CC(=CC(=C1)O)O,-5.913,"back, thigh",epidermis,heat separation,32.0,,,7.4,other type of diffusion cell,"Ellison,CA, 2020",10.1016/j.tiv.2020.104990,Oc1cccc(O)c1,False,110.11199999999998,1.0977999999999999,29.771599999999992,40.46,2,2,0,1,1,8,0.0,47.01987062388899,3.077660437970554,166.38833891467198,2
SkinPiX,Simazine,CCNC1=NC(=NC(=N1)Cl)NCC,-5.875,abdomen,"epidermis, dermis",dermatomed,32.0,,32.0,7.4,static Franz cell,"Bányiová,K, 2016",10.1016/j.chemosphere.2015.11.018,CCNc1nc(Cl)nc(NCC)n1,False,201.661,1.3885999999999998,53.164400000000015,62.730000000000004,2,5,4,1,1,13,0.5714285714285714,81.95310611402068,2.8288672837931865,253.33545368371153,6
SkinPiX,T-2 toxin,C[C@@]12[C@@]3([C@@]([C@H](O)[C@H]1OC(C)=O)(O[C@]4([C@]2(COC(C)=O)C[C@H](OC(CC(C)C)=O)C(C)=C4)[H])[H])CO3,-7.773,abdomen,"epidermis, dermis",dermatomed,,,32.0,,static Franz cell,"Boonen,J, 2012",10.1016/j.tox.2012.06.012,CC(=O)OC[C@]12C[C@H](OC(=O)CC(C)C)C(C)=C[C@H]1O[C@@H]1[C@H](O)[C@@H](OC(C)=O)[C@@]2(C)[C@]12CO2,False,466.52700000000027,1.6926999999999996,113.78680000000004,120.89000000000001,1,9,6,0,4,33,0.7916666666666666,193.26651821251204,1.7949944485066744,875.1606718782053,9
SkinPiX,T-2 toxin,C[C@@]12[C@@]3([C@@]([C@H](O)[C@H]1OC(C)=O)(O[C@]4([C@]2(COC(C)=O)C[C@H](OC(CC(C)C)=O)C(C)=C4)[H])[H])CO3,-7.771,abdomen,"epidermis, dermis",dermatomed,,,32.0,,static Franz cell,"De,Spiegeleer,B, 2013",10.1016/j.jep.2013.03.076,CC(=O)OC[C@]12C[C@H](OC(=O)CC(C)C)C(C)=C[C@H]1O[C@@H]1[C@H](O)[C@@H](OC(C)=O)[C@@]2(C)[C@]12CO2,False,466.52700000000027,1.6926999999999996,113.78680000000004,120.89000000000001,1,9,6,0,4,33,0.7916666666666666,193.26651821251204,1.7949944485066744,875.1606718782053,9
SkinPiX,Testosterone,C[C@]12CC[C@H]3[C@H]([C@@H]1CC[C@@H]2O)CCC4=CC(=O)CC[C@]34C,-6.963,,"epidermis, dermis",dermatomed,,,32.0,,static Franz cell,"Veryser,L, 2014",10.1159/000365730,C[C@]12CC[C@H]3[C@@H](CCC4=CC(=O)CC[C@@]43C)[C@@H]1CC[C@@H]2O,False,288.431,3.879200000000003,82.71680000000005,37.3,1,2,0,0,4,21,0.8421052631578947,127.55103729290711,1.6883496404253646,507.69574308017087,2
SkinPiX,Testosterone,C[C@]12CC[C@H]3[C@H]([C@@H]1CC[C@@H]2O)CCC4=CC(=O)CC[C@]34C,-4.98,"back, thigh","epidermis, dermis",dermatomed,32.0,,,7.4,other type of diffusion cell,"Ellison,CA, 2020",10.1016/j.tiv.2020.104990,C[C@]12CC[C@H]3[C@@H](CCC4=CC(=O)CC[C@@]43C)[C@@H]1CC[C@@H]2O,False,288.431,3.879200000000003,82.71680000000005,37.3,1,2,0,0,4,21,0.8421052631578947,127.55103729290711,1.6883496404253646,507.69574308017087,2
SkinPiX,Testosterone,C[C@]12CC[C@H]3[C@H]([C@@H]1CC[C@@H]2O)CCC4=CC(=O)CC[C@]34C,-4.972,"back, thigh",epidermis,heat separation,32.0,,,7.4,other type of diffusion cell,"Ellison,CA, 2020",10.1016/j.tiv.2020.104990,C[C@]12CC[C@H]3[C@@H](CCC4=CC(=O)CC[C@@]43C)[C@@H]1CC[C@@H]2O,False,288.431,3.879200000000003,82.71680000000005,37.3,1,2,0,0,4,21,0.8421052631578947,127.55103729290711,1.6883496404253646,507.69574308017087,2
SkinPiX,Tetrabromobisphenol A,CC(C)(C1=CC(=C(C(=C1)Br)O)Br)C2=CC(=C(C(=C2)Br)O)Br,-6.145,breast,"epidermis, dermis",full thickness skin without fat,,,32.0,,static Franz cell,"Abdallah,MA, 2015",10.1016/j.envint.2015.07.015,CC(C)(c1cc(Br)c(O)c(Br)c1)c1cc(Br)c(O)c(Br)c1,False,543.875,6.4737000000000045,99.14160000000001,40.46,2,2,2,2,2,21,0.2,156.64198159570824,2.614907029381243,605.3051847914574,6
SkinPiX,Tetramethyl thiuram disulfide,CN(C)C(=S)SSC(=S)N(C)C,-5.366,"back, thigh","epidermis, dermis",dermatomed,32.0,,,7.4,other type of diffusion cell,"Ellison,CA, 2020",10.1016/j.tiv.2020.104990,CN(C)C(=S)SSC(=S)N(C)C,False,240.44400000000002,2.0608,67.75200000000002,6.48,0,4,0,0,0,12,0.6666666666666666,92.44737157170921,3.6934830872422997,158.38689879982147,6
SkinPiX,Tetramethyl thiuram disulfide,CN(C)C(=S)SSC(=S)N(C)C,-5.447,"back, thigh",epidermis,heat separation,32.0,,,7.4,other type of diffusion cell,"Ellison,CA, 2020",10.1016/j.tiv.2020.104990,CN(C)C(=S)SSC(=S)N(C)C,False,240.44400000000002,2.0608,67.75200000000002,6.48,0,4,0,0,0,12,0.6666666666666666,92.44737157170921,3.6934830872422997,158.38689879982147,6
SkinPiX,Theophylline,CN1C2=C(C(=O)N(C1=O)C)NC=N2,-8.234,abdomen,"epidermis, dermis",full thickness skin without fat,,,32.0,7.4,modified Franz cell,"Kopečná,M, 2017",10.1007/s11095-017-2214-3,Cn1c(=O)c2[nH]cnc2n(C)c1=O,False,180.16699999999997,-1.0397000000000005,46.57570000000001,72.68,1,3,0,2,2,13,0.2857142857142857,72.45404341715741,3.21185381303522,574.1705593822571,6
SkinPiX,Theophylline,CN1C2=C(C(=O)N(C1=O)C)NC=N2,-8.065,abdomen,"epidermis, dermis",full thickness skin without fat,,,,7.4,modified Franz cell,"Kopečná,M, 2019",10.1021/acs.molpharmaceut.8b01196,Cn1c(=O)c2[nH]cnc2n(C)c1=O,False,180.16699999999997,-1.0397000000000005,46.57570000000001,72.68,1,3,0,2,2,13,0.2857142857142857,72.45404341715741,3.21185381303522,574.1705593822571,6
SkinPiX,Theophylline,CN1C2=C(C(=O)N(C1=O)C)NC=N2,-6.894,abdomen,"epidermis, dermis",full thickness skin without fat,,,,7.4,modified Franz cell,"Kopečná,M, 2019",10.1021/acs.molpharmaceut.8b01196,Cn1c(=O)c2[nH]cnc2n(C)c1=O,False,180.16699999999997,-1.0397000000000005,46.57570000000001,72.68,1,3,0,2,2,13,0.2857142857142857,72.45404341715741,3.21185381303522,574.1705593822571,6
SkinPiX,Thioglycolic acid,C(C(=O)O)S,-5.188,"back, thigh","epidermis, dermis",dermatomed,32.0,,,7.4,other type of diffusion cell,"Ellison,CA, 2020",10.1016/j.tiv.2020.104990,O=C(O)CS,False,92.119,0.0008000000000000229,21.488799999999998,37.3,2,2,1,0,0,5,0.5,35.21501565786766,2.8473789230876716,42.91260938324327,3
SkinPiX,Thioglycolic acid,C(C(=O)O)S,-5.245,"back, thigh",epidermis,heat separation,32.0,,,7.4,other type of diffusion cell,"Ellison,CA, 2020",10.1016/j.tiv.2020.104990,O=C(O)CS,False,92.119,0.0008000000000000229,21.488799999999998,37.3,2,2,1,0,0,5,0.5,35.21501565786766,2.8473789230876716,42.91260938324327,3
SkinPiX,Thymoquinone,CC1=CC(=O)C(=CC1=O)C(C)C,-6.459,,"epidermis, dermis",dermatomed,,,37.0,7.4,static Franz cell,"Haq,A, 2018",10.1080/10717544.2018.1523256,CC1=CC(=O)C(C(C)C)=CC1=O,False,164.20399999999998,1.6669,46.69200000000002,34.14,0,2,1,0,1,12,0.4,71.96173703958881,3.0118928453875435,292.9604403037665,2
SkinPiX,Thymoquinone,CC1=CC(=O)C(=CC1=O)C(C)C,-6.602,,"epidermis, dermis",dermatomed,,,37.0,7.4,static Franz cell,"Haq,A, 2018",10.1080/10717544.2018.1523256,CC1=CC(=O)C(C(C)C)=CC1=O,False,164.20399999999998,1.6669,46.69200000000002,34.14,0,2,1,0,1,12,0.4,71.96173703958881,3.0118928453875435,292.9604403037665,2
SkinPiX,Thymoquinone,CC1=CC(=O)C(=CC1=O)C(C)C,-5.813,,"epidermis, dermis",dermatomed,,,37.0,7.4,static Franz cell,"Haq,A, 2018",10.1080/10717544.2018.1523256,CC1=CC(=O)C(C(C)C)=CC1=O,False,164.20399999999998,1.6669,46.69200000000002,34.14,0,2,1,0,1,12,0.4,71.96173703958881,3.0118928453875435,292.9604403037665,2
SkinPiX,Triclosan,C1=CC(=C(C=C1Cl)O)OC2=C(C=C(C=C2)Cl)Cl,-5.039,"back, thigh","epidermis, dermis",dermatomed,32.0,,,7.4,other type of diffusion cell,"Ellison,CA, 2020",10.1016/j.tiv.2020.104990,Oc1cc(Cl)ccc1Oc1ccc(Cl)cc1Cl,False,289.54499999999996,5.144700000000002,69.65280000000003,29.46,1,2,2,2,2,17,0.0,113.3060749879089,2.3122378354877973,505.9421592432012,5
SkinPiX,Triclosan,C1=CC(=C(C=C1Cl)O)OC2=C(C=C(C=C2)Cl)Cl,-4.114,"back, thigh",epidermis,heat separation,32.0,,,7.4,other type of diffusion cell,"Ellison,CA, 2020",10.1016/j.tiv.2020.104990,Oc1cc(Cl)ccc1Oc1ccc(Cl)cc1Cl,False,289.54499999999996,5.144700000000002,69.65280000000003,29.46,1,2,2,2,2,17,0.0,113.3060749879089,2.3122378354877973,505.9421592432012,5
SkinPiX,Vanillin,COC1=C(C=CC(=C1)C=O)O,-5.608,"back, thigh","epidermis, dermis",dermatomed,32.0,,,7.4,other type of diffusion cell,"Ellison,CA, 2020",10.1016/j.tiv.2020.104990,COc1cc(C=O)ccc1O,False,152.14899999999997,1.2132999999999998,40.046300000000016,46.53,1,3,2,1,1,11,0.125,64.23058843003683,3.116164133858052,268.03972257956417,3
SkinPiX,Vanillin,COC1=C(C=CC(=C1)C=O)O,-5.803,"back, thigh",epidermis,heat separation,32.0,,,7.4,other type of diffusion cell,"Ellison,CA, 2020",10.1016/j.tiv.2020.104990,COc1cc(C=O)ccc1O,False,152.14899999999997,1.2132999999999998,40.046300000000016,46.53,1,3,2,1,1,11,0.125,64.23058843003683,3.116164133858052,268.03972257956417,3
SkinPiX,Zearalenone,C[C@H]1CCCC(=O)CCC/C=C/C2=C(C(=CC(=C2)O)O)C(=O)O1,-7.188,abdomen,"epidermis, dermis",dermatomed,,,32.0,,static Franz cell,"Boonen,J, 2012",10.1016/j.tox.2012.06.012,C[C@H]1CCCC(=O)CCC/C=C/c2cc(O)cc(O)c2C(=O)O1,False,318.3690000000001,3.5796000000000032,86.39210000000003,83.83,2,5,0,1,2,23,0.4444444444444444,135.14033124052924,2.315572734807828,618.0831143604938,5
SkinPiX,Zearalenone,C[C@H]1CCCC(=O)CCC/C=C/C2=C(C(=CC(=C2)O)O)C(=O)O1,-7.189,abdomen,"epidermis, dermis",dermatomed,,,32.0,,static Franz cell,"De,Spiegeleer,B, 2013",10.1016/j.jep.2013.03.076,C[C@H]1CCCC(=O)CCC/C=C/c2cc(O)cc(O)c2C(=O)O1,False,318.3690000000001,3.5796000000000032,86.39210000000003,83.83,2,5,0,1,2,23,0.4444444444444444,135.14033124052924,2.315572734807828,618.0831143604938,5
SkinPiX,n-Butyl p-aminobenzoate,CCCCOC(=O)C1=CC=C(C=C1)N,-4.697,abdomen,"epidermis, dermis",,,7.4,32.0,7.4,static Franz cell,"Uchida,T, 2015",10.1016/j.ejps.2014.11.002,CCCCOC(=O)c1ccc(N)cc1,True,193.24599999999998,2.2257,56.04490000000003,52.32,1,3,4,1,1,14,0.36363636363636365,83.87107171804337,2.4810725342253392,292.660770563408,3
SkinPiX,n-Butylparaben,CCCCOC(=O)C1=CC=C(C=C1)O,-5.451,abdomen,"epidermis, dermis",,,7.4,32.0,7.4,static Franz cell,"Uchida,T, 2015",10.1016/j.ejps.2014.11.002,CCCCOC(=O)c1ccc(O)cc1,False,194.23,2.349100000000001,53.297300000000035,46.53,1,3,4,1,1,14,0.36363636363636365,83.32541477322667,2.4810725342253392,289.90588306124454,3
SkinPiX,n-Propyl p-aminobenzoate,CCCOC(=O)C1=CC=C(C=C1)N,-4.652,abdomen,"epidermis, dermis",,,7.4,32.0,7.4,static Franz cell,"Uchida,T, 2015",10.1016/j.ejps.2014.11.002,CCCOC(=O)c1ccc(N)cc1,True,179.21899999999997,1.8356,51.42790000000003,52.32,1,3,3,1,1,13,0.3,77.50612960364676,2.611171250638134,279.48114931490306,3
SkinPiX,p-Aminophenol,C1=CC(=CC=C1N)O,-5.731,"back, thigh","epidermis, dermis",dermatomed,32.0,,,7.4,other type of diffusion cell,"Ellison,CA, 2020",10.1016/j.tiv.2020.104990,Nc1ccc(O)cc1,False,109.12799999999999,0.9743999999999999,32.5192,46.25,2,2,0,1,1,8,0.0,47.56552756870569,3.0324555320336755,147.38833891467198,2
SkinPiX,p-Aminophenol,C1=CC(=CC=C1N)O,-4.443,"back, thigh",epidermis,heat separation,32.0,,,7.4,other type of diffusion cell,"Ellison,CA, 2020",10.1016/j.tiv.2020.104990,Nc1ccc(O)cc1,False,109.12799999999999,0.9743999999999999,32.5192,46.25,2,2,0,1,1,8,0.0,47.56552756870569,3.0324555320336755,147.38833891467198,2
SkinPiX,p-Chloroaniline,C1=CC(=CC=C1N)Cl,-4.995,"back, thigh","epidermis, dermis",dermatomed,32.0,,,7.4,other type of diffusion cell,"Ellison,CA, 2020",10.1016/j.tiv.2020.104990,Nc1ccc(Cl)cc1,False,127.574,1.9222,35.86440000000002,26.02,1,1,0,1,1,8,0.0,53.07456004339135,3.0324555320336755,147.38833891467198,2
SkinPiX,p-Chloroaniline,C1=CC(=CC=C1N)Cl,-5.004,"back, thigh",epidermis,heat separation,32.0,,,7.4,other type of diffusion cell,"Ellison,CA, 2020",10.1016/j.tiv.2020.104990,Nc1ccc(Cl)cc1,False,127.574,1.9222,35.86440000000002,26.02,1,1,0,1,1,8,0.0,53.07456004339135,3.0324555320336755,147.38833891467198,2
SkinPiX,p-Phenylenediamine,C1=CC(=CC=C1N)N,-6.373,"back, thigh","epidermis, dermis",dermatomed,32.0,,,7.4,other type of diffusion cell,"Ellison,CA, 2020",10.1016/j.tiv.2020.104990,Nc1ccc(N)cc1,False,108.144,0.8510000000000002,35.2668,52.04,2,2,0,1,1,8,0.0,48.11118451352239,3.0324555320336755,145.38833891467198,2
SkinPiX,p-Phenylenediamine,C1=CC(=CC=C1N)N,-6.305,"back, thigh",epidermis,heat separation,32.0,,,7.4,other type of diffusion cell,"Ellison,CA, 2020",10.1016/j.tiv.2020.104990,Nc1ccc(N)cc1,False,108.144,0.8510000000000002,35.2668,52.04,2,2,0,1,1,8,0.0,48.11118451352239,3.0324555320336755,145.38833891467198,2
SkinPiX,p-Tolunitrile,CC1=CC=C(C=C1)C#N,-5.178,"back, thigh","epidermis, dermis",dermatomed,32.0,,,7.4,other type of diffusion cell,"Ellison,CA, 2020",10.1016/j.tiv.2020.104990,Cc1ccc(C#N)cc1,False,117.151,1.8667,35.894000000000005,23.79,0,1,0,1,1,9,0.125,54.55386702975889,3.056038396227261,227.73970244066405,1
SkinPiX,p-Tolunitrile,CC1=CC=C(C=C1)C#N,-5.067,"back, thigh",epidermis,heat separation,32.0,,,7.4,other type of diffusion cell,"Ellison,CA, 2020",10.1016/j.tiv.2020.104990,Cc1ccc(C#N)cc1,False,117.151,1.8667,35.894000000000005,23.79,0,1,0,1,1,9,0.125,54.55386702975889,3.056038396227261,227.73970244066405,1
SkinPiX,trans-Cinnamaldehyde,C1=CC=C(C=C1)/C=C/C=O,-5.092,"back, thigh","epidermis, dermis",dermatomed,32.0,,,7.4,other type of diffusion cell,"Ellison,CA, 2020",10.1016/j.tiv.2020.104990,O=C/C=C/c1ccccc1,False,132.16199999999998,1.8987,41.54000000000002,17.07,0,1,2,1,1,10,0.0,59.998148530546295,2.7587670006154434,223.74339906009686,1
SkinPiX,trans-Cinnamaldehyde,C1=CC=C(C=C1)/C=C/C=O,-4.941,"back, thigh",epidermis,heat separation,32.0,,,7.4,other type of diffusion cell,"Ellison,CA, 2020",10.1016/j.tiv.2020.104990,O=C/C=C/c1ccccc1,False,132.16199999999998,1.8987,41.54000000000002,17.07,0,1,2,1,1,10,0.0,59.998148530546295,2.7587670006154434,223.74339906009686,1
SkinPiX,trans-Cinnamic acid,C1=CC=C(C=C1)/C=C/C(=O)O,-6.032,"back, thigh","epidermis, dermis",dermatomed,32.0,,,7.4,other type of diffusion cell,"Ellison,CA, 2020",10.1016/j.tiv.2020.104990,O=C(O)/C=C/c1ccccc1,False,148.161,1.7844,43.11180000000002,37.3,1,1,2,1,1,11,0.0,64.79238228274231,2.7217735540687813,262.15103906059477,2
SkinPiX,trans-Cinnamic acid,C1=CC=C(C=C1)/C=C/C(=O)O,-5.874,"back, thigh",epidermis,heat separation,32.0,,,7.4,other type of diffusion cell,"Ellison,CA, 2020",10.1016/j.tiv.2020.104990,O=C(O)/C=C/c1ccccc1,False,148.161,1.7844,43.11180000000002,37.3,1,1,2,1,1,11,0.0,64.79238228274231,2.7217735540687813,262.15103906059477,2
SkinPiX,α-Hexabromocyclododecane,C1C[C@H]([C@H](CC[C@H]([C@@H](CC[C@@H]([C@@H]1Br)Br)Br)Br)Br)Br,-7.222,breast,"epidermis, dermis",full thickness skin without fat,,,32.0,,static Franz cell,"Abdallah,MA, 2015",10.1016/j.envint.2015.07.015,Br[C@@H]1CC[C@H](Br)[C@H](Br)CC[C@@H](Br)[C@@H](Br)CC[C@H]1Br,False,641.6999999999999,6.921600000000004,103.99200000000005,0.0,0,0,0,0,1,18,1.0,160.95306876651117,2.612152805754491,174.56842503028858,6
SkinPiX,β-Hexabromocyclododecane,C1C[C@H]([C@H](CC[C@H]([C@H](CC[C@H]([C@@H]1Br)Br)Br)Br)Br)Br,-7.389,breast,"epidermis, dermis",full thickness skin without fat,,,32.0,,static Franz cell,"Abdallah,MA, 2015",10.1016/j.envint.2015.07.015,Br[C@@H]1CC[C@@H](Br)[C@@H](Br)CC[C@@H](Br)[C@@H](Br)CC[C@H]1Br,False,641.6999999999999,6.921600000000004,103.99200000000005,0.0,0,0,0,0,1,18,1.0,160.95306876651117,2.612152805754491,174.56842503028858,6
SkinPiX,γ-Hexabromocyclododecane,C1C[C@H]([C@H](CC[C@@H]([C@@H](CC[C@H]([C@@H]1Br)Br)Br)Br)Br)Br,-7.42,breast,"epidermis, dermis",full thickness skin without fat,,,32.0,,static Franz cell,"Abdallah,MA, 2015",10.1016/j.envint.2015.07.015,Br[C@@H]1CC[C@@H](Br)[C@@H](Br)CC[C@H](Br)[C@H](Br)CC[C@H]1Br,False,641.6999999999999,6.921600000000004,103.99200000000005,0.0,0,0,0,0,1,18,1.0,160.95306876651117,2.612152805754491,174.56842503028858,6
